politician,issuer,ticker,published,traded,owner,size_str,size_num,price
John Fetterman Democrat Senate PA,Expedia Group Inc EXPE:US,EXPE,2026-06-13,2026-05-06,Child,1K–15K,8000.0,N/A
Michael McCaul Republican House TX,Paychex Inc PAYX:US,PAYX,2026-06-11,2026-05-12,Spouse,100K–250K,175000.0,$93.71
Ro Khanna Democrat House CA,Visa Inc V:US,V,2026-06-11,2026-05-01,Child,50K–100K,75000.0,$328.03
Ro Khanna Democrat House CA,AbbVie Inc ABBV:US,ABBV,2026-06-11,2026-05-01,Child,15K–50K,32500.0,$206.60
Ro Khanna Democrat House CA,Emerson Electric Co EMR:US,EMR,2026-06-11,2026-05-01,Child,15K–50K,32500.0,$137.45
Ro Khanna Democrat House CA,3M Co MMM:US,MMM,2026-06-11,2026-05-01,Child,15K–50K,32500.0,$142.50
Ro Khanna Democrat House CA,Parker-Hannifin Corp PH:US,PH,2026-06-11,2026-05-01,Child,15K–50K,32500.0,$882.23
Ro Khanna Democrat House CA,Amgen Inc AMGN:US,AMGN,2026-06-11,2026-05-01,Child,15K–50K,32500.0,$329.82
Ro Khanna Democrat House CA,Abbott Laboratories ABT:US,ABT,2026-06-11,2026-05-01,Child,15K–50K,32500.0,$89.46
Ro Khanna Democrat House CA,Stryker Corp SYK:US,SYK,2026-06-11,2026-05-01,Child,15K–50K,32500.0,$294.73
Ro Khanna Democrat House CA,QUALCOMM Inc QCOM:US,QCOM,2026-06-11,2026-05-01,Child,15K–50K,32500.0,$177.01
Ro Khanna Democrat House CA,Berkshire Hathaway Inc BRK/B:US,BRK/B,2026-06-11,2026-05-01,Child,15K–50K,32500.0,$473.01
Ro Khanna Democrat House CA,Microchip Technology Inc MCHP:US,MCHP,2026-06-11,2026-05-01,Child,15K–50K,32500.0,$93.95
Ro Khanna Democrat House CA,Bank of America Corp BAC:US,BAC,2026-06-11,2026-05-01,Child,15K–50K,32500.0,$53.24
Ro Khanna Democrat House CA,Palantir Technologies Inc PLTR:US,PLTR,2026-06-11,2026-05-15,Spouse,15K–50K,32500.0,$133.99
Ro Khanna Democrat House CA,Intuitive Surgical Inc ISRG:US,ISRG,2026-06-11,2026-05-15,Spouse,15K–50K,32500.0,$421.12
Ro Khanna Democrat House CA,QUALCOMM Inc QCOM:US,QCOM,2026-06-11,2026-05-15,Spouse,15K–50K,32500.0,$201.49
Ro Khanna Democrat House CA,McDonald's Corp MCD:US,MCD,2026-06-11,2026-05-15,Spouse,15K–50K,32500.0,$276.39
Ro Khanna Democrat House CA,Gilead Sciences Inc GILD:US,GILD,2026-06-11,2026-05-15,Spouse,15K–50K,32500.0,$129.58
Ro Khanna Democrat House CA,Lowe's Cos Inc LOW:US,LOW,2026-06-11,2026-05-15,Spouse,15K–50K,32500.0,$218.42
Ro Khanna Democrat House CA,Comcast Corp CMCSA:US,CMCSA,2026-06-11,2026-05-15,Spouse,15K–50K,32500.0,$24.76
Ro Khanna Democrat House CA,Verizon Communications Inc VZ:US,VZ,2026-06-11,2026-05-15,Spouse,15K–50K,32500.0,$46.37
Ro Khanna Democrat House CA,Abbott Laboratories ABT:US,ABT,2026-06-11,2026-05-15,Spouse,15K–50K,32500.0,$84.47
Ro Khanna Democrat House CA,Visa Inc V:US,V,2026-06-11,2026-05-15,Spouse,15K–50K,32500.0,$325.75
Ro Khanna Democrat House CA,AbbVie Inc ABBV:US,ABBV,2026-06-11,2026-05-15,Spouse,15K–50K,32500.0,$210.39
Ro Khanna Democrat House CA,3M Co MMM:US,MMM,2026-06-11,2026-05-27,Spouse,15K–50K,32500.0,$155.17
Ro Khanna Democrat House CA,Berkshire Hathaway Inc BRK/B:US,BRK/B,2026-06-11,2026-05-27,Spouse,15K–50K,32500.0,$479.92
Ro Khanna Democrat House CA,QUALCOMM Inc QCOM:US,QCOM,2026-06-11,2026-05-27,Spouse,15K–50K,32500.0,$233.40
Ro Khanna Democrat House CA,AT&T Inc T:US,T,2026-06-11,2026-05-27,Spouse,15K–50K,32500.0,$24.89
Ro Khanna Democrat House CA,ServiceNow Inc NOW:US,NOW,2026-06-11,2026-05-27,Spouse,15K–50K,32500.0,$102.12
Ro Khanna Democrat House CA,Amgen Inc AMGN:US,AMGN,2026-06-11,2026-05-27,Spouse,15K–50K,32500.0,$336.06
Ro Khanna Democrat House CA,Blackrock Inc BLK:US,BLK,2026-06-11,2026-05-27,Spouse,15K–50K,32500.0,"$1,070.34"
Ro Khanna Democrat House CA,Visa Inc V:US,V,2026-06-11,2026-05-27,Spouse,15K–50K,32500.0,$327.61
Ro Khanna Democrat House CA,Palo Alto Networks Inc PANW:US,PANW,2026-06-11,2026-05-21,Child,15K–50K,32500.0,$252.92
Ro Khanna Democrat House CA,Monolithic Power Systems Inc MPWR:US,MPWR,2026-06-11,2026-05-22,Child,15K–50K,32500.0,"$1,589.81"
Michael McCaul Republican House TX,Amphenol Corp APH:US,APH,2026-06-11,2026-05-26,Spouse,15K–50K,32500.0,$139.56
Michael McCaul Republican House TX,Dell Technologies Inc DELL:US,DELL,2026-06-11,2026-05-29,Spouse,15K–50K,32500.0,$420.91
Michael McCaul Republican House TX,NetApp Inc NTAP:US,NTAP,2026-06-11,2026-05-29,Spouse,15K–50K,32500.0,$174.29
Michael McCaul Republican House TX,Fair Isaac Corporation FICO:US,FICO,2026-06-11,2026-05-28,Spouse,15K–50K,32500.0,"$1,296.36"
Michael McCaul Republican House TX,Amphenol Corp APH:US,APH,2026-06-11,2026-05-22,Spouse,15K–50K,32500.0,$132.06
Michael McCaul Republican House TX,Meta Platforms Inc META:US,META,2026-06-11,2026-05-28,Spouse,15K–50K,32500.0,$635.29
Michael McCaul Republican House TX,Arthur J. Gallagher & Co AJG:US,AJG,2026-06-11,2026-05-20,Spouse,15K–50K,32500.0,$203.61
Michael McCaul Republican House TX,Mastercard Inc MA:US,MA,2026-06-11,2026-05-18,Spouse,15K–50K,32500.0,$505.79
Michael McCaul Republican House TX,Mastercard Inc MA:US,MA,2026-06-11,2026-05-13,Spouse,15K–50K,32500.0,$490.64
Michael McCaul Republican House TX,S&P Global Inc SPGI:US,SPGI,2026-06-11,2026-05-05,Spouse,15K–50K,32500.0,$423.87
Michael McCaul Republican House TX,S&P Global Inc SPGI:US,SPGI,2026-06-11,2026-05-14,Spouse,15K–50K,32500.0,$403.92
Michael McCaul Republican House TX,Charter Communications Inc CHTR:US,CHTR,2026-06-11,2026-05-11,Spouse,15K–50K,32500.0,$147.79
Michael McCaul Republican House TX,Arista Networks Inc ANET:US,ANET,2026-06-11,2026-05-06,Spouse,15K–50K,32500.0,$147.06
Michael McCaul Republican House TX,Paychex Inc PAYX:US,PAYX,2026-06-11,2026-05-20,Spouse,15K–50K,32500.0,$94.92
Gary Peters Democrat Senate MI,The Kraft Heinz Co KHC:US,KHC,2026-06-11,2026-05-21,Self,1K–15K,8000.0,$23.54
John McGuire Republican House VA,Meta Platforms Inc META:US,META,2026-06-11,2026-06-04,Spouse,1K–15K,8000.0,$627.57
Ro Khanna Democrat House CA,Intuitive Surgical Inc ISRG:US,ISRG,2026-06-11,2026-05-01,Child,1K–15K,8000.0,$457.78
Ro Khanna Democrat House CA,JPMorgan Chase & Co JPM:US,JPM,2026-06-11,2026-05-18,Child,1K–15K,8000.0,$300.73
Ro Khanna Democrat House CA,Ally Financial Inc ALLY:US,ALLY,2026-06-11,2026-05-15,Child,1K–15K,8000.0,$41.99
Ro Khanna Democrat House CA,Capital One Financial Corp COF:US,COF,2026-06-11,2026-05-01,Child,1K–15K,8000.0,$191.91
Ro Khanna Democrat House CA,Alphabet Inc GOOGL:US,GOOGL,2026-06-11,2026-05-01,Child,1K–15K,8000.0,$383.22
Ro Khanna Democrat House CA,Morgan Stanley MS:US,MS,2026-06-11,2026-05-01,Child,1K–15K,8000.0,N/A
Ro Khanna Democrat House CA,Amazon.com Inc AMZN:US,AMZN,2026-06-11,2026-05-01,Child,1K–15K,8000.0,N/A
Ro Khanna Democrat House CA,Alphabet Inc GOOGL:US,GOOGL,2026-06-11,2026-05-01,Child,1K–15K,8000.0,N/A
Ro Khanna Democrat House CA,Teradyne Inc TER:US,TER,2026-06-11,2026-05-01,Child,1K–15K,8000.0,$345.42
Ro Khanna Democrat House CA,Expeditors International of Washington Inc EXPD:US,EXPD,2026-06-11,2026-05-01,Child,1K–15K,8000.0,$147.23
Ro Khanna Democrat House CA,Brown & Brown Inc BRO:US,BRO,2026-06-11,2026-05-01,Child,1K–15K,8000.0,$57.63
Ro Khanna Democrat House CA,D.R. Horton Inc DHI:US,DHI,2026-06-11,2026-05-01,Child,1K–15K,8000.0,$149.98
Ro Khanna Democrat House CA,United Parcel Service Inc UPS:US,UPS,2026-06-11,2026-05-01,Child,1K–15K,8000.0,$107.57
Ro Khanna Democrat House CA,Illinois Tool Works Inc ITW:US,ITW,2026-06-11,2026-05-01,Child,1K–15K,8000.0,$255.47
Ro Khanna Democrat House CA,Tractor Supply Co TSCO:US,TSCO,2026-06-11,2026-05-01,Child,1K–15K,8000.0,$33.83
Ro Khanna Democrat House CA,Kimberly-Clark Corp KMB:US,KMB,2026-06-11,2026-05-01,Child,1K–15K,8000.0,$97.67
Ro Khanna Democrat House CA,Best Buy Co Inc BBY:US,BBY,2026-06-11,2026-05-01,Child,1K–15K,8000.0,$60.05
Ro Khanna Democrat House CA,Stanley Black & Decker Inc SWK:US,SWK,2026-06-11,2026-05-01,Child,1K–15K,8000.0,$78.53
Ro Khanna Democrat House CA,Masco Corporation MAS:US,MAS,2026-06-11,2026-05-01,Child,1K–15K,8000.0,$71.24
Ro Khanna Democrat House CA,Amcor PLC AMCR:US,AMCR,2026-06-11,2026-05-01,Child,1K–15K,8000.0,$37.75
Ro Khanna Democrat House CA,Baxter International Inc BAX:US,BAX,2026-06-11,2026-05-01,Child,1K–15K,8000.0,$17.21
Ro Khanna Democrat House CA,SOLVENTUM CORP SOLV:US,SOLV,2026-06-11,2026-05-01,Child,1K–15K,8000.0,$66.63
Ro Khanna Democrat House CA,Crown Castle International Corp CCI:US,CCI,2026-06-11,2026-05-01,Child,1K–15K,8000.0,$89.26
Ro Khanna Democrat House CA,Xylem Inc XYL:US,XYL,2026-06-11,2026-05-01,Child,1K–15K,8000.0,$115.37
Ro Khanna Democrat House CA,Carnival Corporation & PLC CCL:US,CCL,2026-06-11,2026-05-01,Child,1K–15K,8000.0,$26.66
Ro Khanna Democrat House CA,Fifth Third Bancorp FITB:US,FITB,2026-06-11,2026-05-01,Child,1K–15K,8000.0,$50.43
Ro Khanna Democrat House CA,ON Semiconductor Corp ON:US,ON,2026-06-11,2026-05-01,Child,1K–15K,8000.0,$103.03
Ro Khanna Democrat House CA,Rockwell Automation Inc ROK:US,ROK,2026-06-11,2026-05-01,Child,1K–15K,8000.0,$407.43
Ro Khanna Democrat House CA,Southwest Airlines Co LUV:US,LUV,2026-06-11,2026-05-01,Child,1K–15K,8000.0,$38.76
Ro Khanna Democrat House CA,Resmed Inc RMD:US,RMD,2026-06-11,2026-05-01,Child,1K–15K,8000.0,$205.02
Ro Khanna Democrat House CA,CVS Health Corp CVS:US,CVS,2026-06-11,2026-05-01,Child,1K–15K,8000.0,$82.09
Ro Khanna Democrat House CA,Edwards Lifesciences Corp EW:US,EW,2026-06-11,2026-05-01,Child,1K–15K,8000.0,$83.98
Ro Khanna Democrat House CA,Microchip Technology Inc MCHP:US,MCHP,2026-06-11,2026-05-01,Child,1K–15K,8000.0,$93.95
Ro Khanna Democrat House CA,Booking Holdings Inc BKNG:US,BKNG,2026-06-11,2026-05-01,Child,1K–15K,8000.0,$169.63
Ro Khanna Democrat House CA,DexCom Inc DXCM:US,DXCM,2026-06-11,2026-05-01,Child,1K–15K,8000.0,$61.35
Ro Khanna Democrat House CA,The Allstate Corporation ALL:US,ALL,2026-06-11,2026-05-01,Child,1K–15K,8000.0,$216.59
Ro Khanna Democrat House CA,Vulcan Materials Co VMC:US,VMC,2026-06-11,2026-05-01,Child,1K–15K,8000.0,$297.32
Ro Khanna Democrat House CA,Zebra Technologies Corp ZBRA:US,ZBRA,2026-06-11,2026-05-01,Child,1K–15K,8000.0,$227.08
Ro Khanna Democrat House CA,Steel Dynamics Inc STLD:US,STLD,2026-06-11,2026-05-01,Child,1K–15K,8000.0,$229.27
Ro Khanna Democrat House CA,Norfolk Southern Corp NSC:US,NSC,2026-06-11,2026-05-01,Child,1K–15K,8000.0,$315.90
Ro Khanna Democrat House CA,Verizon Communications Inc VZ:US,VZ,2026-06-11,2026-05-01,Child,1K–15K,8000.0,$48.11
Ro Khanna Democrat House CA,Synopsys Inc SNPS:US,SNPS,2026-06-11,2026-05-01,Child,1K–15K,8000.0,$489.02
Ro Khanna Democrat House CA,Chipotle Mexican Grill Inc CMG:US,CMG,2026-06-11,2026-05-01,Child,1K–15K,8000.0,$32.98
Ro Khanna Democrat House CA,Hubbell Inc HUBB:US,HUBB,2026-06-11,2026-05-01,Child,1K–15K,8000.0,$508.43
Ro Khanna Democrat House CA,AMETEK Inc AME:US,AME,2026-06-11,2026-05-01,Child,1K–15K,8000.0,$230.48
Ro Khanna Democrat House CA,American Tower Corp AMT:US,AMT,2026-06-11,2026-05-01,Child,1K–15K,8000.0,$181.61
Ro Khanna Democrat House CA,Otis Worldwide Corp OTIS:US,OTIS,2026-06-11,2026-05-01,Child,1K–15K,8000.0,$77.08
Ro Khanna Democrat House CA,Ecolab Inc ECL:US,ECL,2026-06-11,2026-05-01,Child,1K–15K,8000.0,$259.51
Ro Khanna Democrat House CA,Westinghouse Air Brake Technologies Corp WAB:US,WAB,2026-06-11,2026-05-01,Child,1K–15K,8000.0,$264.95
Ro Khanna Democrat House CA,Nike Inc NKE:US,NKE,2026-06-11,2026-05-01,Child,1K–15K,8000.0,$44.40
Ro Khanna Democrat House CA,Zoetis Inc ZTS:US,ZTS,2026-06-11,2026-05-01,Child,1K–15K,8000.0,$114.16
Ro Khanna Democrat House CA,CSX Corp CSX:US,CSX,2026-06-11,2026-05-01,Child,1K–15K,8000.0,$45.09
Ro Khanna Democrat House CA,International Paper Co IP:US,IP,2026-06-11,2026-05-01,Child,1K–15K,8000.0,$31.76
Ro Khanna Democrat House CA,United Airlines Holdings Inc UAL:US,UAL,2026-06-11,2026-05-01,Child,1K–15K,8000.0,$92.52
Ro Khanna Democrat House CA,NXP Semiconductors NV NXPI:US,NXPI,2026-06-11,2026-05-01,Child,1K–15K,8000.0,$295.24
Ro Khanna Democrat House CA,Mastercard Inc MA:US,MA,2026-06-11,2026-05-01,Child,1K–15K,8000.0,$495.46
Ro Khanna Democrat House CA,Trane Technologies PLC TT:US,TT,2026-06-11,2026-05-01,Child,1K–15K,8000.0,$486.48
Ro Khanna Democrat House CA,Lennar Corp LEN:US,LEN,2026-06-11,2026-05-01,Child,1K–15K,8000.0,$88.45
Ro Khanna Democrat House CA,Huntington Bancshares Inc HBAN:US,HBAN,2026-06-11,2026-05-01,Child,1K–15K,8000.0,$16.63
Ro Khanna Democrat House CA,Union Pacific Corp UNP:US,UNP,2026-06-11,2026-05-01,Child,1K–15K,8000.0,N/A
Ro Khanna Democrat House CA,Comcast Corp CMCSA:US,CMCSA,2026-06-11,2026-05-01,Child,1K–15K,8000.0,$27.19
Ro Khanna Democrat House CA,Schwab (Charles) Corp SCHW:US,SCHW,2026-06-11,2026-05-01,Child,1K–15K,8000.0,$91.54
Ro Khanna Democrat House CA,Carrier Global Corp CARR:US,CARR,2026-06-11,2026-05-01,Child,1K–15K,8000.0,$67.62
Ro Khanna Democrat House CA,Unitedhealth Group Inc UNH:US,UNH,2026-06-11,2026-05-15,Spouse,1K–15K,8000.0,$393.85
Ro Khanna Democrat House CA,Bank of America Corp BAC:US,BAC,2026-06-11,2026-05-15,Spouse,1K–15K,8000.0,$49.77
Ro Khanna Democrat House CA,Laboratory Corp of America Holdings LH:US,LH,2026-06-11,2026-05-15,Spouse,1K–15K,8000.0,$250.40
Ro Khanna Democrat House CA,Zebra Technologies Corp ZBRA:US,ZBRA,2026-06-11,2026-05-15,Spouse,1K–15K,8000.0,$259.35
Ro Khanna Democrat House CA,Crown Castle International Corp CCI:US,CCI,2026-06-11,2026-05-15,Spouse,1K–15K,8000.0,$86.66
Ro Khanna Democrat House CA,Extra Space Storage Inc EXR:US,EXR,2026-06-11,2026-05-15,Spouse,1K–15K,8000.0,$136.90
Ro Khanna Democrat House CA,Delta Air Lines Inc DAL:US,DAL,2026-06-11,2026-05-15,Spouse,1K–15K,8000.0,$70.23
Ro Khanna Democrat House CA,Edwards Lifesciences Corp EW:US,EW,2026-06-11,2026-05-15,Spouse,1K–15K,8000.0,$81.38
Ro Khanna Democrat House CA,Incyte Corp INCY:US,INCY,2026-06-11,2026-05-15,Spouse,1K–15K,8000.0,$95.31
Ro Khanna Democrat House CA,Kimberly-Clark Corp KMB:US,KMB,2026-06-11,2026-05-15,Spouse,1K–15K,8000.0,$95.91
Ro Khanna Democrat House CA,Cigna Corp CI:US,CI,2026-06-11,2026-05-15,Spouse,1K–15K,8000.0,$285.27
Ro Khanna Democrat House CA,Bio-Techne Corp TECH:US,TECH,2026-06-11,2026-05-15,Spouse,1K–15K,8000.0,$43.30
Ro Khanna Democrat House CA,Centene Corp CNC:US,CNC,2026-06-11,2026-05-15,Spouse,1K–15K,8000.0,$58.27
Ro Khanna Democrat House CA,Cisco Systems Inc CSCO:US,CSCO,2026-06-11,2026-05-15,Spouse,1K–15K,8000.0,$118.21
Ro Khanna Democrat House CA,Darden Restaurants Inc DRI:US,DRI,2026-06-11,2026-05-15,Spouse,1K–15K,8000.0,$195.89
Ro Khanna Democrat House CA,MGM Resorts International MGM:US,MGM,2026-06-11,2026-05-15,Spouse,1K–15K,8000.0,$36.97
Ro Khanna Democrat House CA,Air Products and Chemicals Inc APD:US,APD,2026-06-11,2026-05-15,Spouse,1K–15K,8000.0,$295.38
Ro Khanna Democrat House CA,Amcor PLC AMCR:US,AMCR,2026-06-11,2026-05-15,Spouse,1K–15K,8000.0,$36.69
Ro Khanna Democrat House CA,Campbell Soup Co CPB:US,CPB,2026-06-11,2026-05-15,Spouse,1K–15K,8000.0,$20.01
Ro Khanna Democrat House CA,Uber Technologies Inc UBER:US,UBER,2026-06-11,2026-05-15,Spouse,1K–15K,8000.0,$75.09
Ro Khanna Democrat House CA,The Progressive Corp PGR:US,PGR,2026-06-11,2026-05-15,Spouse,1K–15K,8000.0,$199.73
Ro Khanna Democrat House CA,Mondelez International Inc MDLZ:US,MDLZ,2026-06-11,2026-05-15,Spouse,1K–15K,8000.0,$60.44
Ro Khanna Democrat House CA,GLOBAL PAYMENTS Inc GPN:US,GPN,2026-06-11,2026-05-15,Spouse,1K–15K,8000.0,$67.58
Ro Khanna Democrat House CA,Brown & Brown Inc BRO:US,BRO,2026-06-11,2026-05-15,Spouse,1K–15K,8000.0,$56.28
Ro Khanna Democrat House CA,Charles River Laboratories International Inc CRL:US,CRL,2026-06-11,2026-05-15,Spouse,1K–15K,8000.0,$150.85
Ro Khanna Democrat House CA,Avery Dennison Corp AVY:US,AVY,2026-06-11,2026-05-15,Spouse,1K–15K,8000.0,$156.21
Ro Khanna Democrat House CA,Equifax Inc EFX:US,EFX,2026-06-11,2026-05-15,Spouse,1K–15K,8000.0,$158.37
Ro Khanna Democrat House CA,Veeva Systems Inc VEEV:US,VEEV,2026-06-11,2026-05-15,Spouse,1K–15K,8000.0,$158.86
Ro Khanna Democrat House CA,The PNC Financial Services Group Inc PNC:US,PNC,2026-06-11,2026-05-15,Spouse,1K–15K,8000.0,$212.84
Ro Khanna Democrat House CA,Aon PLC AON:US,AON,2026-06-11,2026-05-15,Spouse,1K–15K,8000.0,$317.22
Ro Khanna Democrat House CA,Steris PLC STE:US,STE,2026-06-11,2026-05-15,Spouse,1K–15K,8000.0,$212.11
Ro Khanna Democrat House CA,Starbucks Corp SBUX:US,SBUX,2026-06-11,2026-05-15,Spouse,1K–15K,8000.0,$106.82
Ro Khanna Democrat House CA,Ross Stores Inc ROST:US,ROST,2026-06-11,2026-05-15,Spouse,1K–15K,8000.0,$212.75
Ro Khanna Democrat House CA,CBRE Group Inc CBRE:US,CBRE,2026-06-11,2026-05-15,Spouse,1K–15K,8000.0,$129.95
Ro Khanna Democrat House CA,Expedia Group Inc EXPE:US,EXPE,2026-06-11,2026-05-15,Spouse,1K–15K,8000.0,$217.73
Ro Khanna Democrat House CA,Waste Management Inc WM:US,WM,2026-06-11,2026-05-15,Spouse,1K–15K,8000.0,$219.82
Ro Khanna Democrat House CA,Waters Corp WAT:US,WAT,2026-06-11,2026-05-15,Spouse,1K–15K,8000.0,$329.22
Ro Khanna Democrat House CA,Marriott International Inc MAR:US,MAR,2026-06-11,2026-05-15,Spouse,1K–15K,8000.0,$353.17
Ro Khanna Democrat House CA,Gartner Inc IT:US,IT,2026-06-11,2026-05-05,Spouse,1K–15K,8000.0,$149.49
Ro Khanna Democrat House CA,Elevance Health Inc ELV:US,ELV,2026-06-11,2026-05-15,Spouse,1K–15K,8000.0,$392.68
Ro Khanna Democrat House CA,Zimmer Biomet Holdings Inc ZBH:US,ZBH,2026-06-11,2026-05-14,Spouse,1K–15K,8000.0,$82.65
Ro Khanna Democrat House CA,Cencora Inc COR:US,COR,2026-06-11,2026-05-15,Spouse,1K–15K,8000.0,$257.71
Ro Khanna Democrat House CA,Mettler-Toledo International Inc MTD:US,MTD,2026-06-11,2026-05-15,Spouse,1K–15K,8000.0,"$1,031.64"
Ro Khanna Democrat House CA,D.R. Horton Inc DHI:US,DHI,2026-06-11,2026-05-15,Spouse,1K–15K,8000.0,$135.39
Ro Khanna Democrat House CA,Blackrock Inc BLK:US,BLK,2026-06-11,2026-05-15,Spouse,1K–15K,8000.0,"$1,081.90"
Ro Khanna Democrat House CA,Genuine Parts Co GPC:US,GPC,2026-06-11,2026-05-15,Spouse,1K–15K,8000.0,$92.87
Ro Khanna Democrat House CA,Zoetis Inc ZTS:US,ZTS,2026-06-11,2026-05-15,Spouse,1K–15K,8000.0,$74.22
Ro Khanna Democrat House CA,Block Inc SQ:US,SQ,2026-06-11,2026-05-15,Spouse,1K–15K,8000.0,$70.36
Ro Khanna Democrat House CA,Ingersoll Rand Inc IR:US,IR,2026-06-11,2026-05-15,Spouse,1K–15K,8000.0,$70.35
Ro Khanna Democrat House CA,Revvity Inc RVTY:US,RVTY,2026-06-11,2026-05-15,Spouse,1K–15K,8000.0,$93.97
Ro Khanna Democrat House CA,Biogen Inc BIIB:US,BIIB,2026-06-11,2026-05-15,Spouse,1K–15K,8000.0,$192.95
Ro Khanna Democrat House CA,Gartner Inc IT:US,IT,2026-06-11,2026-05-15,Spouse,1K–15K,8000.0,$146.23
Ro Khanna Democrat House CA,International Paper Co IP:US,IP,2026-06-11,2026-05-15,Spouse,1K–15K,8000.0,$30.26
Ro Khanna Democrat House CA,CVS Health Corp CVS:US,CVS,2026-06-11,2026-05-15,Spouse,1K–15K,8000.0,$95.89
Ro Khanna Democrat House CA,Pfizer Inc PFE:US,PFE,2026-06-11,2026-05-15,Spouse,1K–15K,8000.0,$25.33
Ro Khanna Democrat House CA,Baxter International Inc BAX:US,BAX,2026-06-11,2026-05-15,Spouse,1K–15K,8000.0,$17.30
Ro Khanna Democrat House CA,Motorola Solutions Inc MSI:US,MSI,2026-06-11,2026-05-15,Spouse,1K–15K,8000.0,$393.28
Ro Khanna Democrat House CA,PepsiCo Inc PEP:US,PEP,2026-06-11,2026-05-15,Spouse,1K–15K,8000.0,$149.12
Ro Khanna Democrat House CA,Blackstone Group Inc BX:US,BX,2026-06-11,2026-05-15,Spouse,1K–15K,8000.0,$117.89
Ro Khanna Democrat House CA,Tractor Supply Co TSCO:US,TSCO,2026-06-11,2026-05-15,Spouse,1K–15K,8000.0,$30.57
Ro Khanna Democrat House CA,Medtronic PLC MDT:US,MDT,2026-06-11,2026-05-15,Spouse,1K–15K,8000.0,$76.15
Ro Khanna Democrat House CA,Cognizant Technology Solutions Corp CTSH:US,CTSH,2026-06-11,2026-05-15,Spouse,1K–15K,8000.0,$47.13
Ro Khanna Democrat House CA,PPG Industries Inc PPG:US,PPG,2026-06-11,2026-05-15,Spouse,1K–15K,8000.0,$102.64
Ro Khanna Democrat House CA,Colgate-Palmolive Co CL:US,CL,2026-06-11,2026-05-15,Spouse,1K–15K,8000.0,$88.13
Ro Khanna Democrat House CA,O'Reilly Automotive Inc ORLY:US,ORLY,2026-06-11,2026-05-15,Spouse,1K–15K,8000.0,$88.49
Ro Khanna Democrat House CA,Airbnb Inc ABNB:US,ABNB,2026-06-11,2026-05-15,Spouse,1K–15K,8000.0,$132.85
Ro Khanna Democrat House CA,American Tower Corp AMT:US,AMT,2026-06-11,2026-05-15,Spouse,1K–15K,8000.0,$170.63
Ro Khanna Democrat House CA,Bristol-Myers Squibb Co BMY:US,BMY,2026-06-11,2026-05-15,Spouse,1K–15K,8000.0,$57.00
Ro Khanna Democrat House CA,S&P Global Inc SPGI:US,SPGI,2026-06-11,2026-05-15,Spouse,1K–15K,8000.0,$403.15
Ro Khanna Democrat House CA,Becton Dickinson and Co BDX:US,BDX,2026-06-11,2026-05-15,Spouse,1K–15K,8000.0,$143.47
Ro Khanna Democrat House CA,3M Co MMM:US,MMM,2026-06-11,2026-05-15,Spouse,1K–15K,8000.0,$146.22
Ro Khanna Democrat House CA,Nike Inc NKE:US,NKE,2026-06-11,2026-05-15,Spouse,1K–15K,8000.0,$41.88
Ro Khanna Democrat House CA,Tesla Inc TSLA:US,TSLA,2026-06-11,2026-05-15,Spouse,1K–15K,8000.0,$422.24
Ro Khanna Democrat House CA,Truist Financial Corp TFC:US,TFC,2026-06-11,2026-05-15,Spouse,1K–15K,8000.0,$46.96
Ro Khanna Democrat House CA,The Sherwin-Williams Co SHW:US,SHW,2026-06-11,2026-05-15,Spouse,1K–15K,8000.0,$300.10
Ro Khanna Democrat House CA,Prudential Financial Inc PRU:US,PRU,2026-06-11,2026-05-15,Spouse,1K–15K,8000.0,$101.93
Ro Khanna Democrat House CA,Texas Instruments Inc TXN:US,TXN,2026-06-11,2026-05-15,Spouse,1K–15K,8000.0,$302.73
Ro Khanna Democrat House CA,Union Pacific Corp UNP:US,UNP,2026-06-11,2026-05-15,Spouse,1K–15K,8000.0,N/A
Ro Khanna Democrat House CA,Otis Worldwide Corp OTIS:US,OTIS,2026-06-11,2026-05-15,Spouse,1K–15K,8000.0,$71.01
Ro Khanna Democrat House CA,The Walt Disney Co DIS:US,DIS,2026-06-11,2026-05-15,Spouse,1K–15K,8000.0,$102.72
Ro Khanna Democrat House CA,Boston Scientific Corp BSX:US,BSX,2026-06-11,2026-05-15,Spouse,1K–15K,8000.0,$52.68
Ro Khanna Democrat House CA,Iqvia Holdings Inc IQV:US,IQV,2026-06-11,2026-05-15,Spouse,1K–15K,8000.0,$169.12
Ro Khanna Democrat House CA,Tesla Inc TSLA:US,TSLA,2026-06-11,2026-05-27,Spouse,1K–15K,8000.0,$440.36
Ro Khanna Democrat House CA,Thermo Fisher Scientific Inc TMO:US,TMO,2026-06-11,2026-05-27,Spouse,1K–15K,8000.0,$456.21
Ro Khanna Democrat House CA,Ameriprise Financial Inc AMP:US,AMP,2026-06-11,2026-05-27,Spouse,1K–15K,8000.0,$443.17
Ro Khanna Democrat House CA,ROLLINS Inc ROL:US,ROL,2026-06-11,2026-05-27,Spouse,1K–15K,8000.0,$50.38
Ro Khanna Democrat House CA,Ingersoll Rand Inc IR:US,IR,2026-06-11,2026-05-27,Spouse,1K–15K,8000.0,$70.96
Ro Khanna Democrat House CA,Becton Dickinson and Co BDX:US,BDX,2026-06-11,2026-05-27,Spouse,1K–15K,8000.0,$147.24
Ro Khanna Democrat House CA,Tyler Technologies Inc TYL:US,TYL,2026-06-11,2026-05-27,Spouse,1K–15K,8000.0,$302.55
Ro Khanna Democrat House CA,MSCI Inc MSCI:US,MSCI,2026-06-11,2026-05-27,Spouse,1K–15K,8000.0,$603.47
Ro Khanna Democrat House CA,Public Storage PSA:US,PSA,2026-06-11,2026-05-27,Spouse,1K–15K,8000.0,$306.79
Ro Khanna Democrat House CA,The Sherwin-Williams Co SHW:US,SHW,2026-06-11,2026-05-27,Spouse,1K–15K,8000.0,$309.97
Ro Khanna Democrat House CA,Domino's Pizza Inc DPZ:US,DPZ,2026-06-11,2026-05-27,Spouse,1K–15K,8000.0,$311.72
Ro Khanna Democrat House CA,The Hartford Financial Services Group Inc HIG:US,HIG,2026-06-11,2026-05-27,Spouse,1K–15K,8000.0,$131.69
Ro Khanna Democrat House CA,Hilton Worldwide Holdings Inc HLT:US,HLT,2026-06-11,2026-05-27,Spouse,1K–15K,8000.0,$336.72
Ro Khanna Democrat House CA,Truist Financial Corp TFC:US,TFC,2026-06-11,2026-05-27,Spouse,1K–15K,8000.0,$48.46
Ro Khanna Democrat House CA,CoStar Group Inc CSGP:US,CSGP,2026-06-11,2026-05-27,Spouse,1K–15K,8000.0,$32.32
Ro Khanna Democrat House CA,Cintas Corp CTAS:US,CTAS,2026-06-11,2026-05-27,Spouse,1K–15K,8000.0,$169.86
Ro Khanna Democrat House CA,eBay Inc EBAY:US,EBAY,2026-06-11,2026-05-27,Spouse,1K–15K,8000.0,$110.36
Ro Khanna Democrat House CA,VERALTO CORP VLTO:US,VLTO,2026-06-11,2026-05-27,Spouse,1K–15K,8000.0,$84.46
Ro Khanna Democrat House CA,Expedia Group Inc EXPE:US,EXPE,2026-06-11,2026-05-27,Spouse,1K–15K,8000.0,$226.56
Ro Khanna Democrat House CA,Medtronic PLC MDT:US,MDT,2026-06-11,2026-05-27,Spouse,1K–15K,8000.0,$75.98
Ro Khanna Democrat House CA,NortonLifeLock Inc GEN:US,GEN,2026-06-11,2026-05-27,Spouse,1K–15K,8000.0,$24.60
Ro Khanna Democrat House CA,Emerson Electric Co EMR:US,EMR,2026-06-11,2026-05-27,Spouse,1K–15K,8000.0,$139.72
Ro Khanna Democrat House CA,Regions Financial Corp RF:US,RF,2026-06-11,2026-05-27,Spouse,1K–15K,8000.0,$28.09
Ro Khanna Democrat House CA,Weyerhaeuser Co WY:US,WY,2026-06-11,2026-05-27,Spouse,1K–15K,8000.0,$24.51
Ro Khanna Democrat House CA,PTC Inc PTC:US,PTC,2026-06-11,2026-05-27,Spouse,1K–15K,8000.0,$142.26
Ro Khanna Democrat House CA,McCormick & Co Inc MKC:US,MKC,2026-06-11,2026-05-27,Spouse,1K–15K,8000.0,$47.55
Ro Khanna Democrat House CA,Otis Worldwide Corp OTIS:US,OTIS,2026-06-11,2026-05-27,Spouse,1K–15K,8000.0,$71.79
Ro Khanna Democrat House CA,Philip Morris International Inc PM:US,PM,2026-06-11,2026-05-27,Spouse,1K–15K,8000.0,$182.04
Ro Khanna Democrat House CA,Carnival Corporation & PLC CCL:US,CCL,2026-06-11,2026-05-27,Spouse,1K–15K,8000.0,$27.98
Ro Khanna Democrat House CA,Colgate-Palmolive Co CL:US,CL,2026-06-11,2026-05-27,Spouse,1K–15K,8000.0,$91.29
Ro Khanna Democrat House CA,Pool Corp POOL:US,POOL,2026-06-11,2026-05-27,Spouse,1K–15K,8000.0,$184.41
Ro Khanna Democrat House CA,McKesson Corp MCK:US,MCK,2026-06-11,2026-05-27,Spouse,1K–15K,8000.0,$756.47
Ro Khanna Democrat House CA,T-Mobile US Inc TMUS:US,TMUS,2026-06-11,2026-05-27,Spouse,1K–15K,8000.0,$190.81
Ro Khanna Democrat House CA,JPMorgan Chase & Co JPM:US,JPM,2026-06-11,2026-05-27,Spouse,1K–15K,8000.0,$299.28
Ro Khanna Democrat House CA,F5 Inc FFIV:US,FFIV,2026-06-11,2026-05-27,Spouse,1K–15K,8000.0,$388.15
Ro Khanna Democrat House CA,Gartner Inc IT:US,IT,2026-06-11,2026-05-27,Spouse,1K–15K,8000.0,$159.97
Ro Khanna Democrat House CA,Eaton Corp PLC ETN:US,ETN,2026-06-11,2026-05-27,Spouse,1K–15K,8000.0,$406.37
Ro Khanna Democrat House CA,Motorola Solutions Inc MSI:US,MSI,2026-06-11,2026-05-27,Spouse,1K–15K,8000.0,$408.71
Ro Khanna Democrat House CA,Union Pacific Corp UNP:US,UNP,2026-06-11,2026-05-27,Spouse,1K–15K,8000.0,N/A
Ro Khanna Democrat House CA,Darden Restaurants Inc DRI:US,DRI,2026-06-11,2026-05-27,Spouse,1K–15K,8000.0,$205.93
Ro Khanna Democrat House CA,Amcor PLC AMCR:US,AMCR,2026-06-11,2026-05-27,Spouse,1K–15K,8000.0,$39.67
Ro Khanna Democrat House CA,Moody's Corp. MCO:US,MCO,2026-06-11,2026-05-27,Spouse,1K–15K,8000.0,$451.56
Ro Khanna Democrat House CA,Hubbell Inc HUBB:US,HUBB,2026-06-11,2026-05-27,Spouse,1K–15K,8000.0,$484.25
Ro Khanna Democrat House CA,Synopsys Inc SNPS:US,SNPS,2026-06-11,2026-05-27,Spouse,1K–15K,8000.0,$525.92
Ro Khanna Democrat House CA,Resmed Inc RMD:US,RMD,2026-06-11,2026-05-27,Spouse,1K–15K,8000.0,$206.10
Ro Khanna Democrat House CA,Adobe Inc ADBE:US,ADBE,2026-06-11,2026-05-27,Spouse,1K–15K,8000.0,$238.24
Ro Khanna Democrat House CA,Texas Instruments Inc TXN:US,TXN,2026-06-11,2026-05-27,Spouse,1K–15K,8000.0,$317.45
Ro Khanna Democrat House CA,Steris PLC STE:US,STE,2026-06-11,2026-05-27,Spouse,1K–15K,8000.0,$212.87
Ro Khanna Democrat House CA,CrowdStrike Holdings Inc CRWD:US,CRWD,2026-06-11,2026-05-27,Spouse,1K–15K,8000.0,$645.36
Ro Khanna Democrat House CA,Norfolk Southern Corp NSC:US,NSC,2026-06-11,2026-05-27,Spouse,1K–15K,8000.0,$325.68
Ro Khanna Democrat House CA,Zimmer Biomet Holdings Inc ZBH:US,ZBH,2026-06-11,2026-05-27,Spouse,1K–15K,8000.0,$82.56
Ro Khanna Democrat House CA,Paychex Inc PAYX:US,PAYX,2026-06-11,2026-05-27,Spouse,1K–15K,8000.0,$94.43
Ro Khanna Democrat House CA,The Cooper Cos Inc COO:US,COO,2026-06-11,2026-05-27,Spouse,1K–15K,8000.0,$60.80
Ro Khanna Democrat House CA,VERISK ANALYTICS Inc VRSK:US,VRSK,2026-06-11,2026-05-27,Spouse,1K–15K,8000.0,$171.50
Ro Khanna Democrat House CA,Edwards Lifesciences Corp EW:US,EW,2026-06-11,2026-05-27,Spouse,1K–15K,8000.0,$86.51
Ro Khanna Democrat House CA,SOLVENTUM CORP SOLV:US,SOLV,2026-06-11,2026-05-27,Spouse,1K–15K,8000.0,$75.89
Ro Khanna Democrat House CA,The Bank of New York Mellon Corp BK:US,BK,2026-06-11,2026-05-27,Spouse,1K–15K,8000.0,$139.74
Ro Khanna Democrat House CA,Baxter International Inc BAX:US,BAX,2026-06-11,2026-05-27,Spouse,1K–15K,8000.0,$19.33
Ro Khanna Democrat House CA,Kimberly-Clark Corp KMB:US,KMB,2026-06-11,2026-05-27,Spouse,1K–15K,8000.0,$100.18
Ro Khanna Democrat House CA,Freeport-McMoRan Inc FCX:US,FCX,2026-06-11,2026-05-27,Spouse,1K–15K,8000.0,$63.63
Ro Khanna Democrat House CA,Ross Stores Inc ROST:US,ROST,2026-06-11,2026-05-27,Spouse,1K–15K,8000.0,$233.47
Ro Khanna Democrat House CA,Best Buy Co Inc BBY:US,BBY,2026-06-11,2026-05-27,Spouse,1K–15K,8000.0,$64.54
Ro Khanna Democrat House CA,DexCom Inc DXCM:US,DXCM,2026-06-11,2026-05-27,Spouse,1K–15K,8000.0,$70.26
Ro Khanna Democrat House CA,International Paper Co IP:US,IP,2026-06-11,2026-05-27,Spouse,1K–15K,8000.0,$32.42
Ro Khanna Democrat House CA,AUTODESK Inc ADSK:US,ADSK,2026-06-11,2026-05-27,Spouse,1K–15K,8000.0,$237.00
Ro Khanna Democrat House CA,Fastenal Co FAST:US,FAST,2026-06-11,2026-05-27,Spouse,1K–15K,8000.0,$44.82
Ro Khanna Democrat House CA,Nasdaq Inc NDAQ:US,NDAQ,2026-06-11,2026-05-27,Spouse,1K–15K,8000.0,$90.53
Ro Khanna Democrat House CA,Chipotle Mexican Grill Inc CMG:US,CMG,2026-06-11,2026-05-27,Spouse,1K–15K,8000.0,$32.69
Ro Khanna Democrat House CA,United Parcel Service Inc UPS:US,UPS,2026-06-11,2026-05-27,Spouse,1K–15K,8000.0,$104.47
Ro Khanna Democrat House CA,Ford Motor Co F:US,F,2026-06-11,2026-05-27,Spouse,1K–15K,8000.0,$15.88
Ro Khanna Democrat House CA,Broadridge Financial Solutions Inc BR:US,BR,2026-06-11,2026-05-27,Spouse,1K–15K,8000.0,$147.10
Ro Khanna Democrat House CA,GLOBAL PAYMENTS Inc GPN:US,GPN,2026-06-11,2026-05-27,Spouse,1K–15K,8000.0,$73.46
Ro Khanna Democrat House CA,Delta Air Lines Inc DAL:US,DAL,2026-06-11,2026-05-27,Spouse,1K–15K,8000.0,$81.80
Ro Khanna Democrat House CA,Verizon Communications Inc VZ:US,VZ,2026-06-11,2026-05-27,Spouse,1K–15K,8000.0,$48.24
Ro Khanna Democrat House CA,Oracle Corp ORCL:US,ORCL,2026-06-11,2026-05-27,Spouse,1K–15K,8000.0,$190.96
Ro Khanna Democrat House CA,International Business Machines Corp IBM:US,IBM,2026-06-11,2026-05-27,Spouse,1K–15K,8000.0,$255.20
Ro Khanna Democrat House CA,Ulta Beauty Inc ULTA:US,ULTA,2026-06-11,2026-05-27,Spouse,1K–15K,8000.0,$507.35
Ro Khanna Democrat House CA,The Progressive Corp PGR:US,PGR,2026-06-11,2026-05-27,Spouse,1K–15K,8000.0,$196.91
Ro Khanna Democrat House CA,Ecolab Inc ECL:US,ECL,2026-06-11,2026-05-27,Spouse,1K–15K,8000.0,$262.58
Ro Khanna Democrat House CA,Morgan Stanley MS:US,MS,2026-06-11,2026-05-27,Spouse,1K–15K,8000.0,$201.61
Ro Khanna Democrat House CA,Royal Caribbean Group RCL:US,RCL,2026-06-11,2026-05-27,Spouse,1K–15K,8000.0,$275.17
Ro Khanna Democrat House CA,CSX Corp CSX:US,CSX,2026-06-11,2026-05-27,Spouse,1K–15K,8000.0,$47.14
Ro Khanna Democrat House CA,Parker-Hannifin Corp PH:US,PH,2026-06-11,2026-05-27,Spouse,1K–15K,8000.0,$856.68
Ro Khanna Democrat House CA,Bank of America Corp BAC:US,BAC,2026-06-11,2026-05-27,Spouse,1K–15K,8000.0,$51.10
Ro Khanna Democrat House CA,The Walt Disney Co DIS:US,DIS,2026-06-11,2026-05-27,Spouse,1K–15K,8000.0,$104.18
Ro Khanna Democrat House CA,Old Dominion Freight Line Inc ODFL:US,ODFL,2026-06-11,2026-05-27,Spouse,1K–15K,8000.0,$219.45
Ro Khanna Democrat House CA,Danaher Corp DHR:US,DHR,2026-06-11,2026-05-27,Spouse,1K–15K,8000.0,$173.13
Ro Khanna Democrat House CA,Huntington Bancshares Inc HBAN:US,HBAN,2026-06-11,2026-05-27,Spouse,1K–15K,8000.0,$16.03
Ro Khanna Democrat House CA,U.S. Bancorp USB:US,USB,2026-06-11,2026-05-27,Spouse,1K–15K,8000.0,$54.69
Ro Khanna Democrat House CA,Synchrony Financial SYF:US,SYF,2026-06-11,2026-05-27,Spouse,1K–15K,8000.0,$72.09
Ro Khanna Democrat House CA,Nike Inc NKE:US,NKE,2026-06-11,2026-05-27,Spouse,1K–15K,8000.0,$45.98
Ro Khanna Democrat House CA,IDEXX Laboratories Inc IDXX:US,IDXX,2026-06-11,2026-05-27,Spouse,1K–15K,8000.0,$550.99
Ro Khanna Democrat House CA,Cognizant Technology Solutions Corp CTSH:US,CTSH,2026-06-11,2026-05-27,Spouse,1K–15K,8000.0,$53.16
Ro Khanna Democrat House CA,Intel Corp INTC:US,INTC,2026-06-11,2026-05-27,Spouse,1K–15K,8000.0,$121.77
Ro Khanna Democrat House CA,Advanced Micro Devices Inc AMD:US,AMD,2026-06-11,2026-05-27,Spouse,1K–15K,8000.0,$495.54
Ro Khanna Democrat House CA,O'Reilly Automotive Inc ORLY:US,ORLY,2026-06-11,2026-05-27,Spouse,1K–15K,8000.0,$89.02
Ro Khanna Democrat House CA,The TJX Companies Inc TJX:US,TJX,2026-06-11,2026-05-27,Spouse,1K–15K,8000.0,$157.01
Ro Khanna Democrat House CA,Automatic Data Processing Inc ADP:US,ADP,2026-06-11,2026-05-27,Spouse,1K–15K,8000.0,$217.65
Ro Khanna Democrat House CA,The PNC Financial Services Group Inc PNC:US,PNC,2026-06-11,2026-05-27,Spouse,1K–15K,8000.0,$220.80
Ro Khanna Democrat House CA,Ally Financial Inc ALLY:US,ALLY,2026-06-11,2026-05-18,Spouse,1K–15K,8000.0,N/A
Ro Khanna Democrat House CA,JPMorgan Chase & Co JPM:US,JPM,2026-06-11,2026-05-18,Spouse,1K–15K,8000.0,N/A
Ro Khanna Democrat House CA,Truist Financial Corp TFC:US,TFC,2026-06-11,2026-05-20,Spouse,1K–15K,8000.0,$18.25
Ro Khanna Democrat House CA,Ally Financial Inc ALLY:US,ALLY,2026-06-11,2026-05-15,Spouse,1K–15K,8000.0,N/A
Ro Khanna Democrat House CA,Palantir Technologies Inc PLTR:US,PLTR,2026-06-11,2026-05-21,Child,1K–15K,8000.0,$137.42
Ro Khanna Democrat House CA,Microchip Technology Inc MCHP:US,MCHP,2026-06-11,2026-05-21,Child,1K–15K,8000.0,$91.11
Michael McCaul Republican House TX,Keysight Technologies Inc KEYS:US,KEYS,2026-06-11,2026-05-22,Spouse,1K–15K,8000.0,$346.56
Michael McCaul Republican House TX,Keysight Technologies Inc KEYS:US,KEYS,2026-06-11,2026-05-26,Spouse,1K–15K,8000.0,$355.74
Michael McCaul Republican House TX,ServiceNow Inc NOW:US,NOW,2026-06-11,2026-05-22,Spouse,1K–15K,8000.0,$102.13
Michael McCaul Republican House TX,Danaher Corp DHR:US,DHR,2026-06-11,2026-05-22,Spouse,1K–15K,8000.0,$172.00
Michael McCaul Republican House TX,Mastercard Inc MA:US,MA,2026-06-11,2026-05-07,Spouse,1K–15K,8000.0,$500.94
Michael McCaul Republican House TX,S&P Global Inc SPGI:US,SPGI,2026-06-11,2026-05-08,Spouse,1K–15K,8000.0,$420.12
Michael McCaul Republican House TX,S&P Global Inc SPGI:US,SPGI,2026-06-11,2026-05-18,Spouse,1K–15K,8000.0,$417.41
Michael McCaul Republican House TX,Danaher Corp DHR:US,DHR,2026-06-11,2026-05-14,Spouse,1K–15K,8000.0,$164.54
Michael McCaul Republican House TX,Danaher Corp DHR:US,DHR,2026-06-11,2026-05-04,Spouse,1K–15K,8000.0,$174.04
Michael McCaul Republican House TX,EQT Corp EQT:US,EQT,2026-06-11,2026-05-05,Spouse,1K–15K,8000.0,$58.72
Michael McCaul Republican House TX,Arthur J. Gallagher & Co AJG:US,AJG,2026-06-11,2026-05-08,Spouse,1K–15K,8000.0,$198.87
Michael McCaul Republican House TX,EQT Corp EQT:US,EQT,2026-06-11,2026-05-27,Spouse,1K–15K,8000.0,$55.17
Michael McCaul Republican House TX,Humana Inc HUM:US,HUM,2026-06-11,2026-05-07,Spouse,1K–15K,8000.0,$247.12
Michael McCaul Republican House TX,S&P Global Inc SPGI:US,SPGI,2026-06-11,2026-05-26,Spouse,1K–15K,8000.0,$412.48
Michael McCaul Republican House TX,Humana Inc HUM:US,HUM,2026-06-11,2026-05-04,Spouse,1K–15K,8000.0,$237.96
Maria Elvira Salazar Republican House FL,Biogen Inc BIIB:US,BIIB,2026-06-09,2026-05-11,Undisclosed,50K–100K,75000.0,$197.95
Gil Cisneros Democrat House CA,Microsoft Corp MSFT:US,MSFT,2026-06-09,2026-05-15,Undisclosed,50K–100K,75000.0,$421.92
Maria Elvira Salazar Republican House FL,International Business Machines Corp IBM:US,IBM,2026-06-09,2026-05-21,Undisclosed,15K–50K,32500.0,$252.97
Maria Elvira Salazar Republican House FL,International Business Machines Corp IBM:US,IBM,2026-06-09,2026-05-21,Undisclosed,15K–50K,32500.0,$252.97
Maria Elvira Salazar Republican House FL,QUALCOMM Inc QCOM:US,QCOM,2026-06-09,2026-05-13,Undisclosed,15K–50K,32500.0,$213.17
Gil Cisneros Democrat House CA,Revvity Inc RVTY:US,RVTY,2026-06-09,2026-05-04,Undisclosed,15K–50K,32500.0,$86.51
Maria Elvira Salazar Republican House FL,Biogen Inc BIIB:US,BIIB,2026-06-09,2026-05-11,Undisclosed,1K–15K,8000.0,$197.95
Maria Elvira Salazar Republican House FL,Biogen Inc BIIB:US,BIIB,2026-06-09,2026-05-12,Undisclosed,1K–15K,8000.0,$199.36
Maria Elvira Salazar Republican House FL,QUALCOMM Inc QCOM:US,QCOM,2026-06-09,2026-05-13,Undisclosed,1K–15K,8000.0,$213.17
Gil Cisneros Democrat House CA,Advanced Micro Devices Inc AMD:US,AMD,2026-06-09,2026-05-14,Undisclosed,1K–15K,8000.0,$449.70
Gil Cisneros Democrat House CA,Advanced Micro Devices Inc AMD:US,AMD,2026-06-09,2026-05-15,Undisclosed,1K–15K,8000.0,$424.10
Gil Cisneros Democrat House CA,Boston Scientific Corp BSX:US,BSX,2026-06-09,2026-05-11,Undisclosed,1K–15K,8000.0,$53.37
Gil Cisneros Democrat House CA,Boston Scientific Corp BSX:US,BSX,2026-06-09,2026-05-19,Undisclosed,1K–15K,8000.0,$56.81
Gil Cisneros Democrat House CA,Boston Scientific Corp BSX:US,BSX,2026-06-09,2026-05-29,Undisclosed,1K–15K,8000.0,$48.31
Gil Cisneros Democrat House CA,Conagra Brands Inc CAG:US,CAG,2026-06-09,2026-05-15,Undisclosed,1K–15K,8000.0,$13.43
Gil Cisneros Democrat House CA,CrowdStrike Holdings Inc CRWD:US,CRWD,2026-06-09,2026-05-15,Undisclosed,1K–15K,8000.0,$594.08
Gil Cisneros Democrat House CA,Domino's Pizza Inc DPZ:US,DPZ,2026-06-09,2026-05-15,Undisclosed,1K–15K,8000.0,$302.29
Gil Cisneros Democrat House CA,Electronic Arts Inc EA:US,EA,2026-06-09,2026-05-15,Undisclosed,1K–15K,8000.0,$200.64
Gil Cisneros Democrat House CA,Steris PLC STE:US,STE,2026-06-09,2026-05-11,Undisclosed,1K–15K,8000.0,$201.85
Gil Cisneros Democrat House CA,Steris PLC STE:US,STE,2026-06-09,2026-05-13,Undisclosed,1K–15K,8000.0,$211.10
Gil Cisneros Democrat House CA,TE Connectivity Ltd TEL:US,TEL,2026-06-09,2026-05-29,Undisclosed,1K–15K,8000.0,$213.41
Gil Cisneros Democrat House CA,Tesla Inc TSLA:US,TSLA,2026-06-09,2026-05-29,Undisclosed,1K–15K,8000.0,$435.79
Gil Cisneros Democrat House CA,Campbell Soup Co CPB:US,CPB,2026-06-09,2026-05-15,Undisclosed,1K–15K,8000.0,$20.01
Gil Cisneros Democrat House CA,The Cooper Cos Inc COO:US,COO,2026-06-09,2026-05-29,Undisclosed,1K–15K,8000.0,$61.21
Gil Cisneros Democrat House CA,VERALTO CORP VLTO:US,VLTO,2026-06-09,2026-05-11,Undisclosed,1K–15K,8000.0,$86.57
Gil Cisneros Democrat House CA,VERISK ANALYTICS Inc VRSK:US,VRSK,2026-06-09,2026-05-15,Undisclosed,1K–15K,8000.0,$162.55
Tim Moore Republican House NC,AT&T Inc T:US,T,2026-06-08,2026-06-04,Undisclosed,50K–100K,75000.0,$22.77
April McClain Delaney Democrat House MD,Hubbell Inc HUBB:US,HUBB,2026-06-08,2026-05-14,Child,15K–50K,32500.0,$482.03
April McClain Delaney Democrat House MD,C.H. Robinson Worldwide Inc CHRW:US,CHRW,2026-06-08,2026-05-21,Child,1K–15K,8000.0,$178.13
April McClain Delaney Democrat House MD,C.H. Robinson Worldwide Inc CHRW:US,CHRW,2026-06-08,2026-05-27,Child,1K–15K,8000.0,$176.49
April McClain Delaney Democrat House MD,C.H. Robinson Worldwide Inc CHRW:US,CHRW,2026-06-08,2026-05-28,Child,1K–15K,8000.0,$175.41
April McClain Delaney Democrat House MD,Hubbell Inc HUBB:US,HUBB,2026-06-08,2026-05-21,Child,1K–15K,8000.0,$460.98
April McClain Delaney Democrat House MD,Hubbell Inc HUBB:US,HUBB,2026-06-08,2026-05-28,Child,1K–15K,8000.0,$473.93
April McClain Delaney Democrat House MD,Hubbell Inc HUBB:US,HUBB,2026-06-08,2026-05-13,Child,1K–15K,8000.0,$483.79
April McClain Delaney Democrat House MD,Hubbell Inc HUBB:US,HUBB,2026-06-08,2026-05-29,Child,1K–15K,8000.0,$473.61
April McClain Delaney Democrat House MD,Martin Marietta Materials Inc MLM:US,MLM,2026-06-08,2026-05-28,Child,1K–15K,8000.0,$575.14
April McClain Delaney Democrat House MD,Packaging Corp Of America PKG:US,PKG,2026-06-08,2026-05-06,Child,1K–15K,8000.0,$226.82
April McClain Delaney Democrat House MD,TransDigm Group Inc TDG:US,TDG,2026-06-08,2026-05-21,Child,1K–15K,8000.0,"$1,209.32"
April McClain Delaney Democrat House MD,TransDigm Group Inc TDG:US,TDG,2026-06-08,2026-05-22,Child,1K–15K,8000.0,"$1,213.51"
April McClain Delaney Democrat House MD,TransDigm Group Inc TDG:US,TDG,2026-06-08,2026-05-13,Child,1K–15K,8000.0,"$1,201.40"
April McClain Delaney Democrat House MD,TransDigm Group Inc TDG:US,TDG,2026-06-08,2026-05-07,Child,1K–15K,8000.0,"$1,241.98"
April McClain Delaney Democrat House MD,TransDigm Group Inc TDG:US,TDG,2026-06-08,2026-05-08,Child,1K–15K,8000.0,"$1,215.08"
Lloyd Doggett Democrat House TX,The Procter & Gamble Co PG:US,PG,2026-06-05,2026-05-15,Undisclosed,1K–15K,8000.0,$141.57
Josh Gottheimer Democrat House NJ,Microsoft Corp MSFT:US,MSFT,2026-06-04,2026-05-19,Joint,500K–1M,750000.0,N/A
Josh Gottheimer Democrat House NJ,Microsoft Corp MSFT:US,MSFT,2026-06-04,2026-05-19,Joint,250K–500K,375000.0,N/A
Tim Walberg Republican House MI,Apple Inc AAPL:US,AAPL,2026-06-04,2025-02-07,Joint,15K–50K,32500.0,$227.63
Tim Walberg Republican House MI,Bank of America Corp BAC:US,BAC,2026-06-04,2025-02-07,Joint,15K–50K,32500.0,$47.40
Tim Walberg Republican House MI,Boeing Co BA:US,BA,2026-06-04,2025-02-07,Joint,15K–50K,32500.0,$181.49
Tim Walberg Republican House MI,Caterpillar Inc CAT:US,CAT,2026-06-04,2025-02-07,Joint,15K–50K,32500.0,$363.88
Tim Walberg Republican House MI,Chevron Corp CVX:US,CVX,2026-06-04,2025-02-07,Joint,15K–50K,32500.0,$152.62
Tim Walberg Republican House MI,Eaton Corp PLC ETN:US,ETN,2026-06-04,2025-02-07,Joint,15K–50K,32500.0,$313.05
Tim Walberg Republican House MI,Exxon Mobil Corp XOM:US,XOM,2026-06-04,2025-02-07,Joint,15K–50K,32500.0,$108.89
Tim Walberg Republican House MI,Jacobs Engineering Group Inc J:US,J,2026-06-04,2025-02-07,Joint,15K–50K,32500.0,$133.93
Tim Walberg Republican House MI,L3Harris Technologies Inc LHX:US,LHX,2026-06-04,2025-02-07,Joint,15K–50K,32500.0,$206.13
Tim Walberg Republican House MI,Wells Fargo & Co WFC:US,WFC,2026-06-04,2025-02-07,Joint,15K–50K,32500.0,$80.67
Tim Walberg Republican House MI,Amazon.com Inc AMZN:US,AMZN,2026-06-04,2025-02-07,Joint,1K–15K,8000.0,$229.15
Tim Walberg Republican House MI,Lockheed Martin Corp LMT:US,LMT,2026-06-04,2025-02-07,Joint,1K–15K,8000.0,$444.39
Josh Gottheimer Democrat House NJ,Advanced Micro Devices Inc AMD:US,AMD,2026-06-04,2026-05-05,Joint,1K–15K,8000.0,$355.26
Josh Gottheimer Democrat House NJ,Analog Devices Inc ADI:US,ADI,2026-06-04,2026-05-19,Joint,1K–15K,8000.0,$414.31
Josh Gottheimer Democrat House NJ,Micron Technology Inc MU:US,MU,2026-06-04,2026-05-21,Joint,1K–15K,8000.0,$762.10
Josh Gottheimer Democrat House NJ,Palo Alto Networks Inc PANW:US,PANW,2026-06-04,2026-05-14,Joint,1K–15K,8000.0,$238.21
Cleo Fields Democrat House LA,Apple Inc AAPL:US,AAPL,2026-06-04,2026-05-14,Undisclosed,1K–15K,8000.0,$298.21
Ed Case Democrat House HI,Apple Inc AAPL:US,AAPL,2026-06-01,2026-05-14,Spouse,1K–15K,8000.0,$298.21
David Taylor Republican House OH,AT&T Inc T:US,T,2026-05-29,2026-05-15,Undisclosed,1K–15K,8000.0,$24.03
David Taylor Republican House OH,AT&T Inc T:US,T,2026-05-29,2026-05-15,Undisclosed,1K–15K,8000.0,$24.03
David Taylor Republican House OH,The Home Depot Inc HD:US,HD,2026-05-29,2026-05-15,Undisclosed,1K–15K,8000.0,$297.51
David Taylor Republican House OH,The Home Depot Inc HD:US,HD,2026-05-29,2026-05-15,Undisclosed,1K–15K,8000.0,$297.51
David Taylor Republican House OH,Parker-Hannifin Corp PH:US,PH,2026-05-29,2026-05-15,Undisclosed,1K–15K,8000.0,$862.72
David Taylor Republican House OH,Parker-Hannifin Corp PH:US,PH,2026-05-29,2026-05-15,Undisclosed,1K–15K,8000.0,$862.72
Jonathan Jackson Democrat House IL,Simon Property Group Inc SPG:US,SPG,2026-05-28,2026-04-20,Joint,15K–50K,32500.0,$207.56
Thomas Kean Jr Republican House NJ,Texas Instruments Inc TXN:US,TXN,2026-05-25,2026-04-14,Undisclosed,1K–15K,8000.0,$218.87
Tim Moore Republican House NC,AT&T Inc T:US,T,2026-05-20,2026-05-18,Undisclosed,15K–50K,32500.0,$24.43
Josh Gottheimer Democrat House NJ,Advanced Micro Devices Inc AMD:US,AMD,2026-05-20,2026-04-27,Joint,1K–15K,8000.0,$334.63
Josh Gottheimer Democrat House NJ,Advanced Micro Devices Inc AMD:US,AMD,2026-05-20,2026-04-23,Joint,1K–15K,8000.0,$305.33
Josh Gottheimer Democrat House NJ,Freeport-McMoRan Inc FCX:US,FCX,2026-05-20,2026-04-15,Joint,1K–15K,8000.0,$68.70
Josh Gottheimer Democrat House NJ,The Goldman Sachs Group Inc GS:US,GS,2026-05-20,2026-04-16,Joint,1K–15K,8000.0,$900.00
Bill Keating Democrat House MA,JPMorgan Chase & Co JPM:US,JPM,2026-05-19,2026-05-08,Undisclosed,1K–15K,8000.0,N/A
Bill Keating Democrat House MA,Northrop Grumman Corp NOC:US,NOC,2026-05-19,2026-05-08,Undisclosed,1K–15K,8000.0,N/A
Bill Keating Democrat House MA,Otis Worldwide Corp OTIS:US,OTIS,2026-05-19,2026-04-29,Undisclosed,1K–15K,8000.0,N/A
Bill Keating Democrat House MA,Simon Property Group Inc SPG:US,SPG,2026-05-19,2026-05-08,Undisclosed,1K–15K,8000.0,N/A
Bill Keating Democrat House MA,T-Mobile US Inc TMUS:US,TMUS,2026-05-19,2026-04-17,Undisclosed,1K–15K,8000.0,N/A
John Fetterman Democrat Senate PA,JPMorgan Chase & Co JPM:US,JPM,2026-05-15,2025-06-17,Child,1K–15K,8000.0,$19.68
John McGuire Republican House VA,Apple Inc AAPL:US,AAPL,2026-05-14,2026-04-15,Spouse,1K–15K,8000.0,$266.43
John McGuire Republican House VA,Microsoft Corp MSFT:US,MSFT,2026-05-14,2026-04-15,Spouse,1K–15K,8000.0,$411.22
John McGuire Republican House VA,NVIDIA Corporation NVDA:US,NVDA,2026-05-14,2026-04-15,Spouse,1K–15K,8000.0,$198.87
Byron Donalds Republican House FL,Eli Lilly and Co LLY:US,LLY,2026-05-14,2026-04-02,Spouse,1K–15K,8000.0,$935.58
Byron Donalds Republican House FL,Eli Lilly and Co LLY:US,LLY,2026-05-14,2026-04-02,Undisclosed,1K–15K,8000.0,$935.58
Ro Khanna Democrat House CA,JPMorgan Chase & Co JPM:US,JPM,2026-05-13,2026-04-21,Child,15K–50K,32500.0,N/A
Ro Khanna Democrat House CA,Berkshire Hathaway Inc BRK/B:US,BRK/B,2026-05-13,2026-04-13,Spouse,15K–50K,32500.0,$480.19
Ro Khanna Democrat House CA,The Home Depot Inc HD:US,HD,2026-05-13,2026-04-13,Spouse,15K–50K,32500.0,$341.16
Ro Khanna Democrat House CA,Cisco Systems Inc CSCO:US,CSCO,2026-05-13,2026-04-13,Spouse,15K–50K,32500.0,$82.35
Ro Khanna Democrat House CA,Johnson & Johnson JNJ:US,JNJ,2026-05-13,2026-04-13,Spouse,15K–50K,32500.0,$237.96
Ro Khanna Democrat House CA,Thermo Fisher Scientific Inc TMO:US,TMO,2026-05-13,2026-04-13,Spouse,15K–50K,32500.0,$514.23
Ro Khanna Democrat House CA,Stryker Corp SYK:US,SYK,2026-05-13,2026-04-13,Spouse,15K–50K,32500.0,$347.24
Ro Khanna Democrat House CA,Automatic Data Processing Inc ADP:US,ADP,2026-05-13,2026-04-13,Spouse,15K–50K,32500.0,$195.38
Ro Khanna Democrat House CA,Capital One Financial Corp COF:US,COF,2026-05-13,2026-04-13,Spouse,15K–50K,32500.0,$197.55
Ro Khanna Democrat House CA,Mastercard Inc MA:US,MA,2026-05-13,2026-04-13,Spouse,15K–50K,32500.0,$508.58
Ro Khanna Democrat House CA,Berkshire Hathaway Inc BRK/B:US,BRK/B,2026-05-13,2026-04-24,Spouse,15K–50K,32500.0,$469.32
Ro Khanna Democrat House CA,Mastercard Inc MA:US,MA,2026-05-13,2026-04-24,Spouse,15K–50K,32500.0,$504.17
Ro Khanna Democrat House CA,Visa Inc V:US,V,2026-05-13,2026-04-24,Spouse,15K–50K,32500.0,$309.42
Ro Khanna Democrat House CA,International Business Machines Corp IBM:US,IBM,2026-05-13,2026-04-24,Spouse,15K–50K,32500.0,$231.98
Ro Khanna Democrat House CA,Intel Corp INTC:US,INTC,2026-05-13,2026-04-24,Spouse,15K–50K,32500.0,$82.54
Ro Khanna Democrat House CA,Bank of America Corp BAC:US,BAC,2026-05-13,2026-04-24,Spouse,15K–50K,32500.0,$52.05
Ro Khanna Democrat House CA,Amazon.com Inc AMZN:US,AMZN,2026-05-13,2026-04-02,Child,1K–15K,8000.0,$209.77
Ro Khanna Democrat House CA,Meta Platforms Inc META:US,META,2026-05-13,2026-04-02,Child,1K–15K,8000.0,$574.46
Ro Khanna Democrat House CA,Microchip Technology Inc MCHP:US,MCHP,2026-05-13,2026-04-02,Child,1K–15K,8000.0,$65.60
Ro Khanna Democrat House CA,Intuit Inc INTU:US,INTU,2026-05-13,2026-04-13,Spouse,1K–15K,8000.0,$369.44
Ro Khanna Democrat House CA,International Business Machines Corp IBM:US,IBM,2026-05-13,2026-04-13,Spouse,1K–15K,8000.0,$237.82
Ro Khanna Democrat House CA,Honeywell International Inc HON:US,HON,2026-05-13,2026-04-13,Spouse,1K–15K,8000.0,$233.64
Ro Khanna Democrat House CA,Vertex Pharmaceuticals Inc VRTX:US,VRTX,2026-05-13,2026-04-13,Spouse,1K–15K,8000.0,$440.05
Ro Khanna Democrat House CA,Palo Alto Networks Inc PANW:US,PANW,2026-05-13,2026-04-13,Spouse,1K–15K,8000.0,$162.51
Ro Khanna Democrat House CA,ServiceNow Inc NOW:US,NOW,2026-05-13,2026-04-13,Spouse,1K–15K,8000.0,$89.06
Ro Khanna Democrat House CA,The TJX Companies Inc TJX:US,TJX,2026-05-13,2026-04-13,Spouse,1K–15K,8000.0,$159.33
Ro Khanna Democrat House CA,NextEra Energy Inc NEE:US,NEE,2026-05-13,2026-04-13,Spouse,1K–15K,8000.0,$92.30
Ro Khanna Democrat House CA,KKR & Co Inc KKR:US,KKR,2026-05-13,2026-04-13,Spouse,1K–15K,8000.0,$98.14
Ro Khanna Democrat House CA,Accenture PLC ACN:US,ACN,2026-05-13,2026-04-13,Spouse,1K–15K,8000.0,$191.95
Ro Khanna Democrat House CA,Pfizer Inc PFE:US,PFE,2026-05-13,2026-04-13,Spouse,1K–15K,8000.0,$27.34
Ro Khanna Democrat House CA,Nasdaq Inc NDAQ:US,NDAQ,2026-05-13,2026-04-13,Spouse,1K–15K,8000.0,$86.15
Ro Khanna Democrat House CA,Schwab (Charles) Corp SCHW:US,SCHW,2026-05-13,2026-04-13,Spouse,1K–15K,8000.0,$96.79
Ro Khanna Democrat House CA,IDEXX Laboratories Inc IDXX:US,IDXX,2026-05-13,2026-04-13,Spouse,1K–15K,8000.0,$574.00
Ro Khanna Democrat House CA,Emerson Electric Co EMR:US,EMR,2026-05-13,2026-04-13,Spouse,1K–15K,8000.0,$144.46
Ro Khanna Democrat House CA,Copart Inc CPRT:US,CPRT,2026-05-13,2026-04-13,Spouse,1K–15K,8000.0,$33.25
Ro Khanna Democrat House CA,Adobe Inc ADBE:US,ADBE,2026-05-13,2026-04-13,Spouse,1K–15K,8000.0,$240.11
Ro Khanna Democrat House CA,Cadence Design Systems Inc CDNS:US,CDNS,2026-05-13,2026-04-13,Spouse,1K–15K,8000.0,$288.20
Ro Khanna Democrat House CA,Synopsys Inc SNPS:US,SNPS,2026-05-13,2026-04-13,Spouse,1K–15K,8000.0,$417.77
Ro Khanna Democrat House CA,Chipotle Mexican Grill Inc CMG:US,CMG,2026-05-13,2026-04-13,Spouse,1K–15K,8000.0,$34.59
Ro Khanna Democrat House CA,Ecolab Inc ECL:US,ECL,2026-05-13,2026-04-13,Spouse,1K–15K,8000.0,$275.20
Ro Khanna Democrat House CA,Paychex Inc PAYX:US,PAYX,2026-05-13,2026-04-13,Spouse,1K–15K,8000.0,$89.32
Ro Khanna Democrat House CA,The Bank of New York Mellon Corp BK:US,BK,2026-05-13,2026-04-13,Spouse,1K–15K,8000.0,$129.15
Ro Khanna Democrat House CA,Seagate Technology Holdings PLC STX:US,STX,2026-05-13,2026-04-13,Spouse,1K–15K,8000.0,$513.28
Ro Khanna Democrat House CA,Regeneron Pharmaceuticals Inc REGN:US,REGN,2026-05-13,2026-04-13,Spouse,1K–15K,8000.0,$746.46
Ro Khanna Democrat House CA,Analog Devices Inc ADI:US,ADI,2026-05-13,2026-04-13,Spouse,1K–15K,8000.0,$350.01
Ro Khanna Democrat House CA,Western Digital Corp WDC:US,WDC,2026-05-13,2026-04-13,Spouse,1K–15K,8000.0,$350.16
Ro Khanna Democrat House CA,AUTODESK Inc ADSK:US,ADSK,2026-05-13,2026-04-13,Spouse,1K–15K,8000.0,$227.14
Ro Khanna Democrat House CA,FactSet Research Systems Inc FDS:US,FDS,2026-05-13,2026-04-13,Spouse,1K–15K,8000.0,$226.42
Ro Khanna Democrat House CA,The PNC Financial Services Group Inc PNC:US,PNC,2026-05-13,2026-04-13,Spouse,1K–15K,8000.0,$223.00
Ro Khanna Democrat House CA,Broadridge Financial Solutions Inc BR:US,BR,2026-05-13,2026-04-13,Spouse,1K–15K,8000.0,$157.36
Ro Khanna Democrat House CA,The Walt Disney Co DIS:US,DIS,2026-05-13,2026-04-13,Spouse,1K–15K,8000.0,$101.18
Ro Khanna Democrat House CA,Air Products and Chemicals Inc APD:US,APD,2026-05-13,2026-04-13,Spouse,1K–15K,8000.0,$298.65
Ro Khanna Democrat House CA,The Progressive Corp PGR:US,PGR,2026-05-13,2026-04-13,Spouse,1K–15K,8000.0,$199.57
Ro Khanna Democrat House CA,Raymond James Financial Inc RJF:US,RJF,2026-05-13,2026-04-13,Spouse,1K–15K,8000.0,$150.37
Ro Khanna Democrat House CA,Vulcan Materials Co VMC:US,VMC,2026-05-13,2026-04-13,Spouse,1K–15K,8000.0,$297.15
Ro Khanna Democrat House CA,Grainger (W.W.) Inc GWW:US,GWW,2026-05-13,2026-04-13,Spouse,1K–15K,8000.0,"$1,161.66"
Ro Khanna Democrat House CA,DexCom Inc DXCM:US,DXCM,2026-05-13,2026-04-13,Spouse,1K–15K,8000.0,$63.12
Ro Khanna Democrat House CA,BALL CORPORATION BALL:US,BALL,2026-05-13,2026-04-13,Spouse,1K–15K,8000.0,$63.60
Ro Khanna Democrat House CA,U.S. Bancorp USB:US,USB,2026-05-13,2026-04-13,Spouse,1K–15K,8000.0,$56.51
Ro Khanna Democrat House CA,O'Reilly Automotive Inc ORLY:US,ORLY,2026-05-13,2026-04-13,Spouse,1K–15K,8000.0,$94.01
Ro Khanna Democrat House CA,CVS Health Corp CVS:US,CVS,2026-05-13,2026-04-13,Spouse,1K–15K,8000.0,$78.09
Ro Khanna Democrat House CA,MSCI Inc MSCI:US,MSCI,2026-05-13,2026-04-13,Spouse,1K–15K,8000.0,$552.75
Ro Khanna Democrat House CA,Dell Technologies Inc DELL:US,DELL,2026-05-13,2026-04-13,Spouse,1K–15K,8000.0,$189.79
Ro Khanna Democrat House CA,Ford Motor Co F:US,F,2026-05-13,2026-04-13,Spouse,1K–15K,8000.0,$12.16
Ro Khanna Democrat House CA,Huntington Bancshares Inc HBAN:US,HBAN,2026-05-13,2026-04-13,Spouse,1K–15K,8000.0,$16.62
Ro Khanna Democrat House CA,American Tower Corp AMT:US,AMT,2026-05-13,2026-04-13,Spouse,1K–15K,8000.0,$180.94
Ro Khanna Democrat House CA,General Motors Co GM:US,GM,2026-05-13,2026-04-13,Spouse,1K–15K,8000.0,$76.83
Ro Khanna Democrat House CA,Lennar Corp LEN:US,LEN,2026-05-13,2026-04-13,Spouse,1K–15K,8000.0,$89.79
Ro Khanna Democrat House CA,Xylem Inc XYL:US,XYL,2026-05-13,2026-04-13,Spouse,1K–15K,8000.0,$128.85
Ro Khanna Democrat House CA,GE HEALTHCARE TECHNOLOGI INC GEHC:US,GEHC,2026-05-13,2026-04-13,Spouse,1K–15K,8000.0,$73.83
Ro Khanna Democrat House CA,Union Pacific Corp UNP:US,UNP,2026-05-13,2026-04-13,Spouse,1K–15K,8000.0,N/A
Ro Khanna Democrat House CA,salesforce.com Inc CRM:US,CRM,2026-05-13,2026-04-13,Spouse,1K–15K,8000.0,$172.82
Ro Khanna Democrat House CA,VERISK ANALYTICS Inc VRSK:US,VRSK,2026-05-13,2026-04-13,Spouse,1K–15K,8000.0,$167.87
Ro Khanna Democrat House CA,Intercontinental Exchange Inc ICE:US,ICE,2026-05-13,2026-04-13,Spouse,1K–15K,8000.0,$164.31
Ro Khanna Democrat House CA,YUM BRANDS  Inc YUM:US,YUM,2026-05-13,2026-04-13,Spouse,1K–15K,8000.0,$161.43
Ro Khanna Democrat House CA,Resmed Inc RMD:US,RMD,2026-05-13,2026-04-13,Spouse,1K–15K,8000.0,$230.26
Ro Khanna Democrat House CA,Wells Fargo & Co WFC:US,WFC,2026-05-13,2026-04-13,Spouse,1K–15K,8000.0,$86.64
Ro Khanna Democrat House CA,United Rentals Inc URI:US,URI,2026-05-13,2026-04-13,Spouse,1K–15K,8000.0,$779.53
Ro Khanna Democrat House CA,Broadcom Inc AVGO:US,AVGO,2026-05-13,2026-04-13,Spouse,1K–15K,8000.0,$379.75
Ro Khanna Democrat House CA,Oracle Corp ORCL:US,ORCL,2026-05-13,2026-04-13,Spouse,1K–15K,8000.0,$155.62
Ro Khanna Democrat House CA,FedEx Corp FDX:US,FDX,2026-05-13,2026-04-13,Spouse,1K–15K,8000.0,$371.89
Ro Khanna Democrat House CA,Ross Stores Inc ROST:US,ROST,2026-05-13,2026-04-13,Spouse,1K–15K,8000.0,$220.95
Ro Khanna Democrat House CA,Lululemon Athletica Inc LULU:US,LULU,2026-05-13,2026-04-13,Spouse,1K–15K,8000.0,$162.56
Ro Khanna Democrat House CA,Tyler Technologies Inc TYL:US,TYL,2026-05-13,2026-04-13,Spouse,1K–15K,8000.0,$320.85
Ro Khanna Democrat House CA,Pool Corp POOL:US,POOL,2026-05-13,2026-04-13,Spouse,1K–15K,8000.0,$217.33
Ro Khanna Democrat House CA,Waters Corp WAT:US,WAT,2026-05-13,2026-04-13,Spouse,1K–15K,8000.0,$324.68
Ro Khanna Democrat House CA,Vistra Corp VST:US,VST,2026-05-13,2026-04-13,Spouse,1K–15K,8000.0,$158.20
Ro Khanna Democrat House CA,Elevance Health Inc ELV:US,ELV,2026-05-13,2026-04-13,Spouse,1K–15K,8000.0,$316.07
Ro Khanna Democrat House CA,PepsiCo Inc PEP:US,PEP,2026-05-13,2026-04-13,Spouse,1K–15K,8000.0,$155.88
Ro Khanna Democrat House CA,Martin Marietta Materials Inc MLM:US,MLM,2026-05-13,2026-04-13,Spouse,1K–15K,8000.0,$635.29
Ro Khanna Democrat House CA,Gartner Inc IT:US,IT,2026-05-13,2026-04-13,Spouse,1K–15K,8000.0,$154.22
Ro Khanna Democrat House CA,Unitedhealth Group Inc UNH:US,UNH,2026-05-13,2026-04-13,Spouse,1K–15K,8000.0,$313.00
Ro Khanna Democrat House CA,NXP Semiconductors NV NXPI:US,NXPI,2026-05-13,2026-04-13,Spouse,1K–15K,8000.0,$208.00
Ro Khanna Democrat House CA,The Estee Lauder Cos Inc EL:US,EL,2026-05-13,2026-04-13,Spouse,1K–15K,8000.0,$74.55
Ro Khanna Democrat House CA,Arista Networks Inc ANET:US,ANET,2026-05-13,2026-04-13,Spouse,1K–15K,8000.0,$152.02
Ro Khanna Democrat House CA,Corteva Inc CTVA:US,CTVA,2026-05-13,2026-04-13,Spouse,1K–15K,8000.0,$83.51
Ro Khanna Democrat House CA,Microchip Technology Inc MCHP:US,MCHP,2026-05-13,2026-04-13,Spouse,1K–15K,8000.0,$73.55
Ro Khanna Democrat House CA,Starbucks Corp SBUX:US,SBUX,2026-05-13,2026-04-13,Spouse,1K–15K,8000.0,$97.48
Ro Khanna Democrat House CA,Kimberly-Clark Corp KMB:US,KMB,2026-05-13,2026-04-13,Spouse,1K–15K,8000.0,$96.60
Ro Khanna Democrat House CA,eBay Inc EBAY:US,EBAY,2026-05-13,2026-04-13,Spouse,1K–15K,8000.0,$98.15
Ro Khanna Democrat House CA,Humana Inc HUM:US,HUM,2026-05-13,2026-04-13,Spouse,1K–15K,8000.0,$198.23
Ro Khanna Democrat House CA,Danaher Corp DHR:US,DHR,2026-05-13,2026-04-13,Spouse,1K–15K,8000.0,$195.87
Ro Khanna Democrat House CA,CONSTELLATION ENE CORP CEG:US,CEG,2026-05-13,2026-04-13,Spouse,1K–15K,8000.0,$291.72
Ro Khanna Democrat House CA,Carrier Global Corp CARR:US,CARR,2026-05-13,2026-04-13,Spouse,1K–15K,8000.0,$64.32
Ro Khanna Democrat House CA,NVIDIA Corporation NVDA:US,NVDA,2026-05-13,2026-04-13,Spouse,1K–15K,8000.0,$189.31
Ro Khanna Democrat House CA,Moderna Inc MRNA:US,MRNA,2026-05-13,2026-04-13,Spouse,1K–15K,8000.0,$50.68
Ro Khanna Democrat House CA,Stanley Black & Decker Inc SWK:US,SWK,2026-05-13,2026-04-13,Spouse,1K–15K,8000.0,$72.35
Ro Khanna Democrat House CA,International Flavors & Fragrances Inc IFF:US,IFF,2026-05-13,2026-04-13,Spouse,1K–15K,8000.0,$71.70
Ro Khanna Democrat House CA,United Airlines Holdings Inc UAL:US,UAL,2026-05-13,2026-04-13,Spouse,1K–15K,8000.0,$95.20
Ro Khanna Democrat House CA,The Cooper Cos Inc COO:US,COO,2026-05-13,2026-04-13,Spouse,1K–15K,8000.0,$71.70
Ro Khanna Democrat House CA,ON Semiconductor Corp ON:US,ON,2026-05-13,2026-04-13,Spouse,1K–15K,8000.0,$71.02
Ro Khanna Democrat House CA,State Street Corporation STT:US,STT,2026-05-13,2026-04-13,Spouse,1K–15K,8000.0,$141.62
Ro Khanna Democrat House CA,Franklin Resources Inc BEN:US,BEN,2026-05-13,2026-04-13,Spouse,1K–15K,8000.0,$25.67
Ro Khanna Democrat House CA,Revvity Inc RVTY:US,RVTY,2026-05-13,2026-04-13,Spouse,1K–15K,8000.0,$92.64
Ro Khanna Democrat House CA,Invesco Ltd IVZ:US,IVZ,2026-05-13,2026-04-13,Spouse,1K–15K,8000.0,$24.30
Ro Khanna Democrat House CA,The Mosaic Company MOS:US,MOS,2026-05-13,2026-04-13,Spouse,1K–15K,8000.0,$24.54
Ro Khanna Democrat House CA,Southwest Airlines Co LUV:US,LUV,2026-05-13,2026-04-13,Spouse,1K–15K,8000.0,$39.45
Ro Khanna Democrat House CA,HP Inc HPQ:US,HPQ,2026-05-13,2026-04-13,Spouse,1K–15K,8000.0,$19.23
Ro Khanna Democrat House CA,Best Buy Co Inc BBY:US,BBY,2026-05-13,2026-04-13,Spouse,1K–15K,8000.0,$60.85
Ro Khanna Democrat House CA,Edwards Lifesciences Corp EW:US,EW,2026-05-13,2026-04-13,Spouse,1K–15K,8000.0,$78.12
Ro Khanna Democrat House CA,Fortinet Inc FTNT:US,FTNT,2026-05-13,2026-04-13,Spouse,1K–15K,8000.0,$78.74
Ro Khanna Democrat House CA,Invitation Homes Inc INVH:US,INVH,2026-05-13,2026-04-13,Spouse,1K–15K,8000.0,$25.96
Ro Khanna Democrat House CA,Illinois Tool Works Inc ITW:US,ITW,2026-05-13,2026-04-13,Spouse,1K–15K,8000.0,$274.51
Ro Khanna Democrat House CA,Weyerhaeuser Co WY:US,WY,2026-05-13,2026-04-13,Spouse,1K–15K,8000.0,$24.82
Ro Khanna Democrat House CA,VICI Properties Inc VICI:US,VICI,2026-05-13,2026-04-13,Spouse,1K–15K,8000.0,$28.33
Ro Khanna Democrat House CA,LyondellBasell Industries NV LYB:US,LYB,2026-05-13,2026-04-13,Spouse,1K–15K,8000.0,$75.51
Ro Khanna Democrat House CA,Aptiv PLC APTV:US,APTV,2026-05-13,2026-04-13,Spouse,1K–15K,8000.0,$59.36
Ro Khanna Democrat House CA,Bristol-Myers Squibb Co BMY:US,BMY,2026-05-13,2026-04-13,Spouse,1K–15K,8000.0,$58.06
Ro Khanna Democrat House CA,SOLVENTUM CORP SOLV:US,SOLV,2026-05-13,2026-04-13,Spouse,1K–15K,8000.0,$67.41
Ro Khanna Democrat House CA,Align Technology Inc ALGN:US,ALGN,2026-05-13,2026-04-13,Spouse,1K–15K,8000.0,$180.67
Ro Khanna Democrat House CA,Crown Castle International Corp CCI:US,CCI,2026-05-13,2026-04-13,Spouse,1K–15K,8000.0,$87.08
Ro Khanna Democrat House CA,Carnival Corporation & PLC CCL:US,CCL,2026-05-13,2026-04-13,Spouse,1K–15K,8000.0,$27.75
Ro Khanna Democrat House CA,DuPont  De Nemours Inc DD:US,DD,2026-05-13,2026-04-13,Spouse,1K–15K,8000.0,$47.15
Ro Khanna Democrat House CA,The Kraft Heinz Co KHC:US,KHC,2026-05-13,2026-04-13,Spouse,1K–15K,8000.0,$22.42
Ro Khanna Democrat House CA,Linde PLC LIN:US,LIN,2026-05-13,2026-04-13,Spouse,1K–15K,8000.0,$508.87
Ro Khanna Democrat House CA,Fastenal Co FAST:US,FAST,2026-05-13,2026-04-13,Spouse,1K–15K,8000.0,$45.80
Ro Khanna Democrat House CA,EPAM Systems Inc EPAM:US,EPAM,2026-05-13,2026-04-13,Spouse,1K–15K,8000.0,$124.99
Ro Khanna Democrat House CA,Citigroup Inc C:US,C,2026-05-13,2026-04-13,Spouse,1K–15K,8000.0,$126.28
Ro Khanna Democrat House CA,Philip Morris International Inc PM:US,PM,2026-05-13,2026-04-13,Spouse,1K–15K,8000.0,$162.75
Ro Khanna Democrat House CA,Warner Bros Discover Inc WBD:US,WBD,2026-05-13,2026-04-13,Spouse,1K–15K,8000.0,$27.39
Ro Khanna Democrat House CA,Motorola Solutions Inc MSI:US,MSI,2026-05-13,2026-04-13,Spouse,1K–15K,8000.0,$439.91
Ro Khanna Democrat House CA,American Express Co AXP:US,AXP,2026-05-13,2026-04-13,Spouse,1K–15K,8000.0,$323.82
Ro Khanna Democrat House CA,Emerson Electric Co EMR:US,EMR,2026-05-13,2026-04-24,Spouse,1K–15K,8000.0,$141.35
Ro Khanna Democrat House CA,Oracle Corp ORCL:US,ORCL,2026-05-13,2026-04-24,Spouse,1K–15K,8000.0,$173.28
Ro Khanna Democrat House CA,Boston Scientific Corp BSX:US,BSX,2026-05-13,2026-04-24,Spouse,1K–15K,8000.0,$62.07
Ro Khanna Democrat House CA,Carrier Global Corp CARR:US,CARR,2026-05-13,2026-04-24,Spouse,1K–15K,8000.0,$60.97
Ro Khanna Democrat House CA,Philip Morris International Inc PM:US,PM,2026-05-13,2026-04-24,Spouse,1K–15K,8000.0,$164.20
Ro Khanna Democrat House CA,Stryker Corp SYK:US,SYK,2026-05-13,2026-04-24,Spouse,1K–15K,8000.0,$327.51
Ro Khanna Democrat House CA,Lowe's Cos Inc LOW:US,LOW,2026-05-13,2026-04-24,Spouse,1K–15K,8000.0,$244.45
Ro Khanna Democrat House CA,Metlife Inc MET:US,MET,2026-05-13,2026-04-24,Spouse,1K–15K,8000.0,$77.70
Ro Khanna Democrat House CA,Advanced Micro Devices Inc AMD:US,AMD,2026-05-13,2026-04-24,Spouse,1K–15K,8000.0,$347.81
Ro Khanna Democrat House CA,Truist Financial Corp TFC:US,TFC,2026-05-13,2026-04-24,Spouse,1K–15K,8000.0,$50.73
Ro Khanna Democrat House CA,AT&T Inc T:US,T,2026-05-13,2026-04-24,Spouse,1K–15K,8000.0,$26.20
Ro Khanna Democrat House CA,Arista Networks Inc ANET:US,ANET,2026-05-13,2026-04-24,Spouse,1K–15K,8000.0,$176.91
Ro Khanna Democrat House CA,Moody's Corp. MCO:US,MCO,2026-05-13,2026-04-24,Spouse,1K–15K,8000.0,$456.05
Ro Khanna Democrat House CA,CrowdStrike Holdings Inc CRWD:US,CRWD,2026-05-13,2026-04-24,Spouse,1K–15K,8000.0,$448.13
Ro Khanna Democrat House CA,KKR & Co Inc KKR:US,KKR,2026-05-13,2026-04-24,Spouse,1K–15K,8000.0,$101.83
Ro Khanna Democrat House CA,Illinois Tool Works Inc ITW:US,ITW,2026-05-13,2026-04-24,Spouse,1K–15K,8000.0,$269.29
Ro Khanna Democrat House CA,Danaher Corp DHR:US,DHR,2026-05-13,2026-04-24,Spouse,1K–15K,8000.0,$177.25
Ro Khanna Democrat House CA,Cintas Corp CTAS:US,CTAS,2026-05-13,2026-04-24,Spouse,1K–15K,8000.0,$175.90
Ro Khanna Democrat House CA,CDW Corp CDW:US,CDW,2026-05-13,2026-04-24,Spouse,1K–15K,8000.0,$135.32
Ro Khanna Democrat House CA,The Sherwin-Williams Co SHW:US,SHW,2026-05-13,2026-04-24,Spouse,1K–15K,8000.0,$337.70
Ro Khanna Democrat House CA,Fifth Third Bancorp FITB:US,FITB,2026-05-13,2026-04-24,Spouse,1K–15K,8000.0,$49.66
Ro Khanna Democrat House CA,Vertex Pharmaceuticals Inc VRTX:US,VRTX,2026-05-13,2026-04-24,Spouse,1K–15K,8000.0,$430.29
Ro Khanna Democrat House CA,Chipotle Mexican Grill Inc CMG:US,CMG,2026-05-13,2026-04-24,Spouse,1K–15K,8000.0,$34.21
Ro Khanna Democrat House CA,Zoetis Inc ZTS:US,ZTS,2026-05-13,2026-04-24,Spouse,1K–15K,8000.0,$116.87
Ro Khanna Democrat House CA,Otis Worldwide Corp OTIS:US,OTIS,2026-05-13,2026-04-24,Spouse,1K–15K,8000.0,$77.95
Ro Khanna Democrat House CA,Martin Marietta Materials Inc MLM:US,MLM,2026-05-13,2026-04-24,Spouse,1K–15K,8000.0,$615.30
Ro Khanna Democrat House CA,Ameriprise Financial Inc AMP:US,AMP,2026-05-13,2026-04-24,Spouse,1K–15K,8000.0,$464.12
Ro Khanna Democrat House CA,Adobe Inc ADBE:US,ADBE,2026-05-13,2026-04-24,Spouse,1K–15K,8000.0,$245.44
Ro Khanna Democrat House CA,Charter Communications Inc CHTR:US,CHTR,2026-05-13,2026-04-24,Spouse,1K–15K,8000.0,$180.13
Ro Khanna Democrat House CA,Wells Fargo & Co WFC:US,WFC,2026-05-13,2026-04-24,Spouse,1K–15K,8000.0,$79.42
Ro Khanna Democrat House CA,Fair Isaac Corporation FICO:US,FICO,2026-05-13,2026-04-24,Spouse,1K–15K,8000.0,"$1,004.72"
Ro Khanna Democrat House CA,S&P Global Inc SPGI:US,SPGI,2026-05-13,2026-04-24,Spouse,1K–15K,8000.0,$436.79
Ro Khanna Democrat House CA,Rockwell Automation Inc ROK:US,ROK,2026-05-13,2026-04-24,Spouse,1K–15K,8000.0,$401.18
Ro Khanna Democrat House CA,Morgan Stanley MS:US,MS,2026-05-13,2026-04-24,Spouse,1K–15K,8000.0,$188.07
Ro Khanna Democrat House CA,QUALCOMM Inc QCOM:US,QCOM,2026-05-13,2026-04-24,Spouse,1K–15K,8000.0,$148.85
Ro Khanna Democrat House CA,The Home Depot Inc HD:US,HD,2026-05-13,2026-04-24,Spouse,1K–15K,8000.0,$335.89
Ro Khanna Democrat House CA,Lululemon Athletica Inc LULU:US,LULU,2026-05-13,2026-04-24,Spouse,1K–15K,8000.0,$143.80
Ro Khanna Democrat House CA,AMETEK Inc AME:US,AME,2026-05-13,2026-04-24,Spouse,1K–15K,8000.0,$232.95
Ro Khanna Democrat House CA,Equifax Inc EFX:US,EFX,2026-05-13,2026-04-24,Spouse,1K–15K,8000.0,$172.47
Ro Khanna Democrat House CA,Stanley Black & Decker Inc SWK:US,SWK,2026-05-13,2026-04-24,Spouse,1K–15K,8000.0,$76.64
Ro Khanna Democrat House CA,Zebra Technologies Corp ZBRA:US,ZBRA,2026-05-13,2026-04-24,Spouse,1K–15K,8000.0,$227.71
Ro Khanna Democrat House CA,Ingersoll Rand Inc IR:US,IR,2026-05-13,2026-04-24,Spouse,1K–15K,8000.0,$83.81
Ro Khanna Democrat House CA,Masco Corporation MAS:US,MAS,2026-05-13,2026-04-24,Spouse,1K–15K,8000.0,$74.18
Ro Khanna Democrat House CA,Avery Dennison Corp AVY:US,AVY,2026-05-13,2026-04-24,Spouse,1K–15K,8000.0,$165.50
Ro Khanna Democrat House CA,Alexandria Real Estate Equities Inc ARE:US,ARE,2026-05-13,2026-04-24,Spouse,1K–15K,8000.0,$47.40
Ro Khanna Democrat House CA,Brown & Brown Inc BRO:US,BRO,2026-05-13,2026-04-24,Spouse,1K–15K,8000.0,$65.90
Ro Khanna Democrat House CA,Lennar Corp LEN:US,LEN,2026-05-13,2026-04-24,Spouse,1K–15K,8000.0,$94.05
Ro Khanna Democrat House CA,Resmed Inc RMD:US,RMD,2026-05-13,2026-04-24,Spouse,1K–15K,8000.0,$219.85
Ro Khanna Democrat House CA,O'Reilly Automotive Inc ORLY:US,ORLY,2026-05-13,2026-04-24,Spouse,1K–15K,8000.0,$93.13
Ro Khanna Democrat House CA,KeyCorp KEY:US,KEY,2026-05-13,2026-04-24,Spouse,1K–15K,8000.0,$21.63
Ro Khanna Democrat House CA,A. O. Smith Corp AOS:US,AOS,2026-05-13,2026-04-24,Spouse,1K–15K,8000.0,$64.38
Ro Khanna Democrat House CA,PACCAR Inc PCAR:US,PCAR,2026-05-13,2026-04-24,Spouse,1K–15K,8000.0,$127.00
Ro Khanna Democrat House CA,Waters Corp WAT:US,WAT,2026-05-13,2026-04-24,Spouse,1K–15K,8000.0,$309.87
Ro Khanna Democrat House CA,Tractor Supply Co TSCO:US,TSCO,2026-05-13,2026-04-24,Spouse,1K–15K,8000.0,$36.74
Ro Khanna Democrat House CA,The Walt Disney Co DIS:US,DIS,2026-05-13,2026-04-24,Spouse,1K–15K,8000.0,$102.60
Ro Khanna Democrat House CA,Xylem Inc XYL:US,XYL,2026-05-13,2026-04-24,Spouse,1K–15K,8000.0,$121.46
Ro Khanna Democrat House CA,Vulcan Materials Co VMC:US,VMC,2026-05-13,2026-04-24,Spouse,1K–15K,8000.0,$292.07
Ro Khanna Democrat House CA,Wells Fargo & Co WFC:US,WFC,2026-05-13,2026-04-15,Spouse,1K–15K,8000.0,N/A
Ro Khanna Democrat House CA,Dell Technologies Inc DELL:US,DELL,2026-05-13,2026-04-15,Child,1K–15K,8000.0,$177.28
Gary Peters Democrat Senate MI,PepsiCo Inc PEP:US,PEP,2026-05-11,2026-04-23,Self,15K–50K,32500.0,$155.70
Maria Elvira Salazar Republican House FL,Carrier Global Corp CARR:US,CARR,2026-05-11,2026-05-01,Undisclosed,15K–50K,32500.0,$67.62
Maria Elvira Salazar Republican House FL,Microsoft Corp MSFT:US,MSFT,2026-05-11,2026-04-17,Undisclosed,15K–50K,32500.0,$422.79
Maria Elvira Salazar Republican House FL,salesforce.com Inc CRM:US,CRM,2026-05-11,2026-04-06,Undisclosed,15K–50K,32500.0,$185.03
Maria Elvira Salazar Republican House FL,The Sherwin-Williams Co SHW:US,SHW,2026-05-11,2026-04-20,Undisclosed,15K–50K,32500.0,$343.93
Michael McCaul Republican House TX,EQT Corp EQT:US,EQT,2026-05-11,2026-04-09,Spouse,15K–50K,32500.0,$59.47
Michael McCaul Republican House TX,EQT Corp EQT:US,EQT,2026-05-11,2026-04-24,Spouse,15K–50K,32500.0,$58.91
Michael McCaul Republican House TX,Teradyne Inc TER:US,TER,2026-05-11,2026-04-29,Spouse,15K–50K,32500.0,$306.33
Michael McCaul Republican House TX,Keysight Technologies Inc KEYS:US,KEYS,2026-05-11,2026-04-17,Spouse,15K–50K,32500.0,$334.34
Gil Cisneros Democrat House CA,Advanced Micro Devices Inc AMD:US,AMD,2026-05-11,2026-04-14,Undisclosed,15K–50K,32500.0,$255.07
Gil Cisneros Democrat House CA,International Business Machines Corp IBM:US,IBM,2026-05-11,2026-04-14,Undisclosed,15K–50K,32500.0,$240.27
Gil Cisneros Democrat House CA,Palantir Technologies Inc PLTR:US,PLTR,2026-05-11,2026-04-14,Undisclosed,15K–50K,32500.0,$135.70
John Boozman Republican Senate AR,Eaton Corp PLC ETN:US,ETN,2026-05-11,,Joint,1K–15K,8000.0,$365.90
John Boozman Republican Senate AR,Alphabet Inc GOOGL:US,GOOGL,2026-05-11,,Joint,1K–15K,8000.0,$249.53
John Boozman Republican Senate AR,Adobe Inc ADBE:US,ADBE,2026-05-11,,Joint,1K–15K,8000.0,$344.31
Gary Peters Democrat Senate MI,The J M Smucker Company SJM:US,SJM,2026-05-11,2026-04-23,Self,1K–15K,8000.0,$96.19
Maria Elvira Salazar Republican House FL,Carrier Global Corp CARR:US,CARR,2026-05-11,2026-05-01,Undisclosed,1K–15K,8000.0,$67.62
Maria Elvira Salazar Republican House FL,The Sherwin-Williams Co SHW:US,SHW,2026-05-11,2026-04-20,Undisclosed,1K–15K,8000.0,$343.93
Maria Elvira Salazar Republican House FL,United Rentals Inc URI:US,URI,2026-05-11,2026-04-24,Undisclosed,1K–15K,8000.0,$974.41
Maria Elvira Salazar Republican House FL,Unitedhealth Group Inc UNH:US,UNH,2026-05-11,2026-04-22,Undisclosed,1K–15K,8000.0,$353.52
Maria Elvira Salazar Republican House FL,Unitedhealth Group Inc UNH:US,UNH,2026-05-11,2026-04-22,Undisclosed,1K–15K,8000.0,$353.52
Michael McCaul Republican House TX,S&P Global Inc SPGI:US,SPGI,2026-05-11,2026-04-01,Spouse,1K–15K,8000.0,$425.17
Michael McCaul Republican House TX,Danaher Corp DHR:US,DHR,2026-05-11,2026-04-28,Spouse,1K–15K,8000.0,$178.98
Michael McCaul Republican House TX,EQT Corp EQT:US,EQT,2026-05-11,2026-04-23,Spouse,1K–15K,8000.0,$58.93
Michael McCaul Republican House TX,Arthur J. Gallagher & Co AJG:US,AJG,2026-05-11,2026-04-06,Spouse,1K–15K,8000.0,$219.27
Michael McCaul Republican House TX,Mastercard Inc MA:US,MA,2026-05-11,2026-04-17,Spouse,1K–15K,8000.0,$521.30
Michael McCaul Republican House TX,S&P Global Inc SPGI:US,SPGI,2026-05-11,2026-04-14,Spouse,1K–15K,8000.0,$425.24
Michael McCaul Republican House TX,Intuit Inc INTU:US,INTU,2026-05-11,2026-04-02,Spouse,1K–15K,8000.0,$422.48
Michael McCaul Republican House TX,Mastercard Inc MA:US,MA,2026-05-11,2026-04-01,Spouse,1K–15K,8000.0,$491.65
Michael McCaul Republican House TX,Meta Platforms Inc META:US,META,2026-05-11,2026-04-17,Spouse,1K–15K,8000.0,$688.55
Michael McCaul Republican House TX,Arthur J. Gallagher & Co AJG:US,AJG,2026-05-11,2026-04-07,Spouse,1K–15K,8000.0,$217.57
Michael McCaul Republican House TX,Intuit Inc INTU:US,INTU,2026-05-11,2026-04-20,Spouse,1K–15K,8000.0,$404.83
Michael McCaul Republican House TX,S&P Global Inc SPGI:US,SPGI,2026-05-11,2026-04-28,Spouse,1K–15K,8000.0,$433.47
Michael McCaul Republican House TX,S&P Global Inc SPGI:US,SPGI,2026-05-11,2026-04-20,Spouse,1K–15K,8000.0,$442.74
Michael McCaul Republican House TX,Mastercard Inc MA:US,MA,2026-05-11,2026-04-28,Spouse,1K–15K,8000.0,$507.62
Michael McCaul Republican House TX,Intuit Inc INTU:US,INTU,2026-05-11,2026-04-29,Spouse,1K–15K,8000.0,$395.08
Michael McCaul Republican House TX,The Estee Lauder Cos Inc EL:US,EL,2026-05-11,2026-04-08,Spouse,1K–15K,8000.0,$71.44
Michael McCaul Republican House TX,The Estee Lauder Cos Inc EL:US,EL,2026-05-11,2026-04-09,Spouse,1K–15K,8000.0,$73.29
Michael McCaul Republican House TX,The Estee Lauder Cos Inc EL:US,EL,2026-05-11,2026-04-01,Spouse,1K–15K,8000.0,$70.71
Michael McCaul Republican House TX,Humana Inc HUM:US,HUM,2026-05-11,2026-04-10,Spouse,1K–15K,8000.0,$192.15
Gil Cisneros Democrat House CA,Adobe Inc ADBE:US,ADBE,2026-05-11,2026-04-14,Undisclosed,1K–15K,8000.0,$235.72
Gil Cisneros Democrat House CA,Alexandria Real Estate Equities Inc ARE:US,ARE,2026-05-11,2026-04-14,Undisclosed,1K–15K,8000.0,$45.39
Gil Cisneros Democrat House CA,Amazon.com Inc AMZN:US,AMZN,2026-05-11,2026-04-14,Undisclosed,1K–15K,8000.0,$249.02
Gil Cisneros Democrat House CA,Amazon.com Inc AMZN:US,AMZN,2026-05-11,2026-04-22,Undisclosed,1K–15K,8000.0,$255.36
Gil Cisneros Democrat House CA,Booking Holdings Inc BKNG:US,BKNG,2026-05-11,2026-04-14,Undisclosed,1K–15K,8000.0,$181.12
Gil Cisneros Democrat House CA,Broadridge Financial Solutions Inc BR:US,BR,2026-05-11,2026-04-14,Undisclosed,1K–15K,8000.0,$158.61
Gil Cisneros Democrat House CA,Coinbase Global Inc COIN:US,COIN,2026-05-11,2026-04-14,Undisclosed,1K–15K,8000.0,$184.41
Gil Cisneros Democrat House CA,Conagra Brands Inc CAG:US,CAG,2026-05-11,2026-04-14,Undisclosed,1K–15K,8000.0,$14.28
Gil Cisneros Democrat House CA,Eli Lilly and Co LLY:US,LLY,2026-05-11,2026-04-14,Undisclosed,1K–15K,8000.0,$922.50
Gil Cisneros Democrat House CA,NortonLifeLock Inc GEN:US,GEN,2026-05-11,2026-04-14,Undisclosed,1K–15K,8000.0,$18.91
Gil Cisneros Democrat House CA,GLOBAL PAYMENTS Inc GPN:US,GPN,2026-05-11,2026-04-14,Undisclosed,1K–15K,8000.0,$68.60
Gil Cisneros Democrat House CA,News Corp NWSA:US,NWSA,2026-05-11,2026-04-14,Undisclosed,1K–15K,8000.0,$28.83
Gil Cisneros Democrat House CA,Palo Alto Networks Inc PANW:US,PANW,2026-05-11,2026-04-14,Undisclosed,1K–15K,8000.0,$161.59
Gil Cisneros Democrat House CA,Paychex Inc PAYX:US,PAYX,2026-05-11,2026-04-14,Undisclosed,1K–15K,8000.0,$88.85
Gil Cisneros Democrat House CA,Revvity Inc RVTY:US,RVTY,2026-05-11,2026-05-01,Undisclosed,1K–15K,8000.0,$86.68
Gil Cisneros Democrat House CA,Roper Technologies Inc ROP:US,ROP,2026-05-11,2026-04-14,Undisclosed,1K–15K,8000.0,$354.00
Gil Cisneros Democrat House CA,Steris PLC STE:US,STE,2026-05-11,2026-05-01,Undisclosed,1K–15K,8000.0,$214.40
Gil Cisneros Democrat House CA,Steris PLC STE:US,STE,2026-05-11,2026-04-29,Undisclosed,1K–15K,8000.0,$212.65
Gil Cisneros Democrat House CA,Tesla Inc TSLA:US,TSLA,2026-05-11,2026-04-14,Undisclosed,1K–15K,8000.0,$364.20
Gil Cisneros Democrat House CA,Trimble Inc TRMB:US,TRMB,2026-05-11,2026-04-14,Undisclosed,1K–15K,8000.0,$66.51
Gil Cisneros Democrat House CA,Uber Technologies Inc UBER:US,UBER,2026-05-11,2026-04-14,Undisclosed,1K–15K,8000.0,$72.91
Gil Cisneros Democrat House CA,Unitedhealth Group Inc UNH:US,UNH,2026-05-11,2026-04-14,Undisclosed,1K–15K,8000.0,$314.19
Gil Cisneros Democrat House CA,VERALTO CORP VLTO:US,VLTO,2026-05-11,2026-04-06,Undisclosed,1K–15K,8000.0,$88.73
Gil Cisneros Democrat House CA,VERALTO CORP VLTO:US,VLTO,2026-05-11,2026-04-13,Undisclosed,1K–15K,8000.0,$90.85
Gil Cisneros Democrat House CA,VERALTO CORP VLTO:US,VLTO,2026-05-11,2026-05-01,Undisclosed,1K–15K,8000.0,$87.63
Gil Cisneros Democrat House CA,Verizon Communications Inc VZ:US,VZ,2026-05-11,2026-04-14,Undisclosed,1K–15K,8000.0,$45.48
David Taylor Republican House OH,The Home Depot Inc HD:US,HD,2026-05-08,2026-04-27,Undisclosed,1K–15K,8000.0,$332.30
David Taylor Republican House OH,The Procter & Gamble Co PG:US,PG,2026-05-08,2026-04-27,Undisclosed,1K–15K,8000.0,$148.40
David Taylor Republican House OH,The Procter & Gamble Co PG:US,PG,2026-05-08,2026-04-27,Undisclosed,1K–15K,8000.0,$148.40
David Taylor Republican House OH,The Progressive Corp PGR:US,PGR,2026-05-08,2026-04-27,Undisclosed,1K–15K,8000.0,$201.98
David Taylor Republican House OH,Visa Inc V:US,V,2026-05-08,2026-04-27,Undisclosed,1K–15K,8000.0,$309.65
John Boozman Republican Senate AR,Devon Energy Corp DVN:US,DVN,2026-05-08,2026-04-09,Joint,1K–15K,8000.0,$47.88
John Boozman Republican Senate AR,CONSTELLATION ENE CORP CEG:US,CEG,2026-05-08,2026-04-02,Joint,1K–15K,8000.0,$272.82
April McClain Delaney Democrat House MD,TransDigm Group Inc TDG:US,TDG,2026-05-07,2026-04-16,Child,15K–50K,32500.0,"$1,228.23"
Lloyd Doggett Democrat House TX,The Coca-Cola Co KO:US,KO,2026-05-07,2026-04-01,Undisclosed,1K–15K,8000.0,$76.08
April McClain Delaney Democrat House MD,Nasdaq Inc NDAQ:US,NDAQ,2026-05-07,2026-04-24,Child,1K–15K,8000.0,$89.90
April McClain Delaney Democrat House MD,Packaging Corp Of America PKG:US,PKG,2026-05-07,2026-04-29,Child,1K–15K,8000.0,$216.05
April McClain Delaney Democrat House MD,Packaging Corp Of America PKG:US,PKG,2026-05-07,2026-04-24,Child,1K–15K,8000.0,$212.87
April McClain Delaney Democrat House MD,Steris PLC STE:US,STE,2026-05-07,2026-04-30,Child,1K–15K,8000.0,$216.88
April McClain Delaney Democrat House MD,TransDigm Group Inc TDG:US,TDG,2026-05-07,2026-04-29,Child,1K–15K,8000.0,"$1,142.74"
April McClain Delaney Democrat House MD,TransDigm Group Inc TDG:US,TDG,2026-05-07,2026-04-20,Child,1K–15K,8000.0,"$1,274.62"
April McClain Delaney Democrat House MD,TransDigm Group Inc TDG:US,TDG,2026-05-07,2026-04-15,Child,1K–15K,8000.0,"$1,274.69"
April McClain Delaney Democrat House MD,TransDigm Group Inc TDG:US,TDG,2026-05-07,2026-04-17,Child,1K–15K,8000.0,"$1,265.88"
Mark Warner Democrat Senate VA,Wells Fargo & Co WFC:US,WFC,2026-05-01,2026-04-13,Child,1K–15K,8000.0,$86.64
Mark Warner Democrat Senate VA,Microsoft Corp MSFT:US,MSFT,2026-05-01,2026-04-13,Child,1K–15K,8000.0,$384.37
Mark Warner Democrat Senate VA,Apple Inc AAPL:US,AAPL,2026-05-01,2026-03-20,Joint,1K–15K,8000.0,$247.99
Mark Warner Democrat Senate VA,Fifth Third Bancorp FITB:US,FITB,2026-05-01,2026-03-20,Joint,1K–15K,8000.0,$44.19
Mark Warner Democrat Senate VA,The Hershey Co HSY:US,HSY,2026-05-01,2026-04-08,Joint,1K–15K,8000.0,$208.99
Mark Warner Democrat Senate VA,Wells Fargo & Co WFC:US,WFC,2026-05-01,2026-04-13,Joint,1K–15K,8000.0,$86.64
Mark Warner Democrat Senate VA,Accenture PLC ACN:US,ACN,2026-05-01,2026-04-13,Joint,1K–15K,8000.0,$191.95
Mark Warner Democrat Senate VA,Accenture PLC ACN:US,ACN,2026-05-01,2026-04-13,Joint,1K–15K,8000.0,$191.95
Mark Warner Democrat Senate VA,CONSTELLATION ENE CORP CEG:US,CEG,2026-05-01,2026-04-13,Joint,1K–15K,8000.0,$291.72
Mark Warner Democrat Senate VA,Blackstone Group Inc BX:US,BX,2026-05-01,2026-04-13,Joint,1K–15K,8000.0,$121.82
Mark Warner Democrat Senate VA,Fifth Third Bancorp FITB:US,FITB,2026-05-01,2026-03-20,Self,1K–15K,8000.0,$44.19
Jared Moskowitz Democrat House FL,American Express Co AXP:US,AXP,2026-05-01,2026-03-31,Undisclosed,1K–15K,8000.0,$302.48
Jared Moskowitz Democrat House FL,Broadcom Inc AVGO:US,AVGO,2026-05-01,2026-03-31,Undisclosed,1K–15K,8000.0,$309.51
Jared Moskowitz Democrat House FL,Cencora Inc COR:US,COR,2026-05-01,2026-03-31,Undisclosed,1K–15K,8000.0,$314.14
Jared Moskowitz Democrat House FL,Cencora Inc COR:US,COR,2026-05-01,2026-03-23,Child,1K–15K,8000.0,$320.61
Jared Moskowitz Democrat House FL,Cencora Inc COR:US,COR,2026-05-01,2026-03-23,Undisclosed,1K–15K,8000.0,$320.61
Jared Moskowitz Democrat House FL,Chubb Ltd CB:US,CB,2026-05-01,2026-03-31,Undisclosed,1K–15K,8000.0,$325.93
Jared Moskowitz Democrat House FL,General Electric Co GE:US,GE,2026-05-01,2026-03-31,Undisclosed,1K–15K,8000.0,$283.77
Jared Moskowitz Democrat House FL,General Electric Co GE:US,GE,2026-05-01,2026-03-23,Child,1K–15K,8000.0,$291.54
Jared Moskowitz Democrat House FL,General Electric Co GE:US,GE,2026-05-01,2026-03-23,Undisclosed,1K–15K,8000.0,$291.54
Jared Moskowitz Democrat House FL,General Dynamics Corp GD:US,GD,2026-05-01,2026-03-31,Undisclosed,1K–15K,8000.0,$343.22
Jared Moskowitz Democrat House FL,General Dynamics Corp GD:US,GD,2026-05-01,2026-03-23,Child,1K–15K,8000.0,$347.37
Jared Moskowitz Democrat House FL,General Dynamics Corp GD:US,GD,2026-05-01,2026-03-23,Undisclosed,1K–15K,8000.0,$347.37
Jared Moskowitz Democrat House FL,The Home Depot Inc HD:US,HD,2026-05-01,2026-03-31,Undisclosed,1K–15K,8000.0,$328.89
Jared Moskowitz Democrat House FL,McDonald's Corp MCD:US,MCD,2026-05-01,2026-03-31,Undisclosed,1K–15K,8000.0,$310.79
Jared Moskowitz Democrat House FL,Monster Beverage Corp MNST:US,MNST,2026-05-01,2026-03-23,Child,1K–15K,8000.0,$73.96
Jared Moskowitz Democrat House FL,Monster Beverage Corp MNST:US,MNST,2026-05-01,2026-03-23,Undisclosed,1K–15K,8000.0,$73.96
Jared Moskowitz Democrat House FL,Motorola Solutions Inc MSI:US,MSI,2026-05-01,2026-03-23,Child,1K–15K,8000.0,$456.64
Jared Moskowitz Democrat House FL,Motorola Solutions Inc MSI:US,MSI,2026-05-01,2026-03-23,Undisclosed,1K–15K,8000.0,$456.64
Jared Moskowitz Democrat House FL,Motorola Solutions Inc MSI:US,MSI,2026-05-01,2026-03-31,Undisclosed,1K–15K,8000.0,$433.97
Jared Moskowitz Democrat House FL,Palo Alto Networks Inc PANW:US,PANW,2026-05-01,2026-03-31,Undisclosed,1K–15K,8000.0,$160.32
Jared Moskowitz Democrat House FL,Palo Alto Networks Inc PANW:US,PANW,2026-05-01,2026-03-23,Child,1K–15K,8000.0,$164.05
Jared Moskowitz Democrat House FL,Palo Alto Networks Inc PANW:US,PANW,2026-05-01,2026-03-23,Undisclosed,1K–15K,8000.0,$164.05
Jared Moskowitz Democrat House FL,Parker-Hannifin Corp PH:US,PH,2026-05-01,2026-03-23,Child,1K–15K,8000.0,$906.06
Jared Moskowitz Democrat House FL,Parker-Hannifin Corp PH:US,PH,2026-05-01,2026-03-23,Undisclosed,1K–15K,8000.0,$906.06
Jared Moskowitz Democrat House FL,Parker-Hannifin Corp PH:US,PH,2026-05-01,2026-03-31,Undisclosed,1K–15K,8000.0,$895.24
Jared Moskowitz Democrat House FL,The TJX Companies Inc TJX:US,TJX,2026-05-01,2026-03-23,Undisclosed,1K–15K,8000.0,$156.50
Maria Elvira Salazar Republican House FL,Amgen Inc AMGN:US,AMGN,2026-04-22,2026-03-24,Undisclosed,15K–50K,32500.0,$348.43
Maria Elvira Salazar Republican House FL,Boeing Co BA:US,BA,2026-04-22,2026-03-19,Undisclosed,15K–50K,32500.0,$201.18
Maria Elvira Salazar Republican House FL,Cisco Systems Inc CSCO:US,CSCO,2026-04-22,2026-03-19,Undisclosed,15K–50K,32500.0,$78.51
Maria Elvira Salazar Republican House FL,Citigroup Inc C:US,C,2026-04-22,2026-03-19,Undisclosed,15K–50K,32500.0,$109.85
Maria Elvira Salazar Republican House FL,Corning Inc GLW:US,GLW,2026-04-22,2026-03-19,Undisclosed,15K–50K,32500.0,$133.08
Maria Elvira Salazar Republican House FL,Corning Inc GLW:US,GLW,2026-04-22,2026-03-19,Undisclosed,15K–50K,32500.0,$133.08
Maria Elvira Salazar Republican House FL,FedEx Corp FDX:US,FDX,2026-04-22,2026-03-19,Undisclosed,15K–50K,32500.0,$356.11
Maria Elvira Salazar Republican House FL,The Goldman Sachs Group Inc GS:US,GS,2026-04-22,2026-03-19,Undisclosed,15K–50K,32500.0,$809.50
Maria Elvira Salazar Republican House FL,The Goldman Sachs Group Inc GS:US,GS,2026-04-22,2026-03-19,Undisclosed,15K–50K,32500.0,$809.50
Maria Elvira Salazar Republican House FL,Honeywell International Inc HON:US,HON,2026-04-22,2026-03-24,Undisclosed,15K–50K,32500.0,$221.57
Maria Elvira Salazar Republican House FL,Ulta Beauty Inc ULTA:US,ULTA,2026-04-22,2026-03-19,Undisclosed,15K–50K,32500.0,$534.10
Maria Elvira Salazar Republican House FL,Boeing Co BA:US,BA,2026-04-22,2026-03-19,Undisclosed,1K–15K,8000.0,$201.18
Maria Elvira Salazar Republican House FL,Cisco Systems Inc CSCO:US,CSCO,2026-04-22,2026-03-19,Undisclosed,1K–15K,8000.0,$78.51
Maria Elvira Salazar Republican House FL,Citigroup Inc C:US,C,2026-04-22,2026-03-19,Undisclosed,1K–15K,8000.0,$109.85
Maria Elvira Salazar Republican House FL,FedEx Corp FDX:US,FDX,2026-04-22,2026-03-25,Undisclosed,1K–15K,8000.0,$357.52
Maria Elvira Salazar Republican House FL,General Electric Co GE:US,GE,2026-04-22,2026-03-24,Undisclosed,1K–15K,8000.0,$290.63
Maria Elvira Salazar Republican House FL,NVR Inc NVR:US,NVR,2026-04-22,2026-03-19,Undisclosed,1K–15K,8000.0,"$6,417.90"
Maria Elvira Salazar Republican House FL,United Rentals Inc URI:US,URI,2026-04-22,2026-03-25,Undisclosed,1K–15K,8000.0,$747.59
August Pfluger Republican House TX,Berkshire Hathaway Inc BRK/B:US,BRK/B,2026-04-16,2026-03-13,Undisclosed,15K–50K,32500.0,$490.03
Rick Larsen Democrat House WA,Carrier Global Corp CARR:US,CARR,2026-04-16,2026-04-07,Undisclosed,1K–15K,8000.0,$55.44
Rick Larsen Democrat House WA,NextEra Energy Inc NEE:US,NEE,2026-04-16,2026-04-07,Undisclosed,1K–15K,8000.0,$93.67
Rick Larsen Democrat House WA,Westinghouse Air Brake Technologies Corp WAB:US,WAB,2026-04-16,2026-04-07,Undisclosed,1K–15K,8000.0,$256.05
Greg Steube Republican House FL,Marriott International Inc MAR:US,MAR,2026-04-15,2026-04-08,Spouse,15K–50K,32500.0,N/A
John Boozman Republican Senate AR,NVIDIA Corporation NVDA:US,NVDA,2026-04-14,2026-03-19,Joint,1K–15K,8000.0,$178.56
John Boozman Republican Senate AR,Microsoft Corp MSFT:US,MSFT,2026-04-14,2026-03-05,Joint,1K–15K,8000.0,$410.68
Thomas Kean Jr Republican House NJ,Amcor PLC AMCR:US,AMCR,2026-04-14,2026-03-31,Undisclosed,1K–15K,8000.0,$39.75
Thomas Kean Jr Republican House NJ,Linde PLC LIN:US,LIN,2026-04-14,2026-03-26,Undisclosed,1K–15K,8000.0,$495.49
Shelley Moore Capito Republican Senate WV,Mastercard Inc MA:US,MA,2026-04-12,2026-03-28,Spouse,1K–15K,8000.0,N/A
Michael McCaul Republican House TX,Paychex Inc PAYX:US,PAYX,2026-04-10,2026-03-04,Spouse,100K–250K,175000.0,$95.79
Michael McCaul Republican House TX,Alexandria Real Estate Equities Inc ARE:US,ARE,2026-04-10,2026-03-23,Spouse,100K–250K,175000.0,$48.15
Michael McCaul Republican House TX,EQT Corp EQT:US,EQT,2026-04-10,2026-03-31,Spouse,15K–50K,32500.0,$63.64
Michael McCaul Republican House TX,Arthur J. Gallagher & Co AJG:US,AJG,2026-04-10,2026-03-04,Spouse,15K–50K,32500.0,$225.58
Michael McCaul Republican House TX,Mastercard Inc MA:US,MA,2026-04-10,2026-03-02,Spouse,15K–50K,32500.0,$521.00
Michael McCaul Republican House TX,S&P Global Inc SPGI:US,SPGI,2026-04-10,2026-03-13,Spouse,15K–50K,32500.0,$422.49
Michael McCaul Republican House TX,Arthur J. Gallagher & Co AJG:US,AJG,2026-04-10,2026-03-25,Spouse,15K–50K,32500.0,$213.56
Michael McCaul Republican House TX,Arthur J. Gallagher & Co AJG:US,AJG,2026-04-10,2026-03-12,Spouse,15K–50K,32500.0,$204.21
Michael McCaul Republican House TX,GLOBAL PAYMENTS Inc GPN:US,GPN,2026-04-10,2026-03-23,Spouse,15K–50K,32500.0,$71.06
Michael McCaul Republican House TX,Stanley Black & Decker Inc SWK:US,SWK,2026-04-10,2026-03-13,Spouse,15K–50K,32500.0,$70.15
Michael McCaul Republican House TX,Baxter International Inc BAX:US,BAX,2026-04-10,2026-03-23,Spouse,15K–50K,32500.0,$16.61
Michael McCaul Republican House TX,Genuine Parts Co GPC:US,GPC,2026-04-10,2026-03-13,Spouse,15K–50K,32500.0,$100.00
Michael McCaul Republican House TX,International Business Machines Corp IBM:US,IBM,2026-04-10,2026-03-04,Spouse,15K–50K,32500.0,$250.06
Michael McCaul Republican House TX,Boston Scientific Corp BSX:US,BSX,2026-04-10,2026-03-27,Spouse,1K–15K,8000.0,$69.17
Michael McCaul Republican House TX,Intuit Inc INTU:US,INTU,2026-04-10,2026-03-20,Spouse,1K–15K,8000.0,$455.56
Michael McCaul Republican House TX,Intuit Inc INTU:US,INTU,2026-04-10,2026-03-02,Spouse,1K–15K,8000.0,$419.06
Michael McCaul Republican House TX,S&P Global Inc SPGI:US,SPGI,2026-04-10,2026-03-31,Spouse,1K–15K,8000.0,$425.34
Michael McCaul Republican House TX,ServiceNow Inc NOW:US,NOW,2026-04-10,2026-03-04,Spouse,1K–15K,8000.0,$113.86
Michael McCaul Republican House TX,Mastercard Inc MA:US,MA,2026-04-10,2026-03-17,Spouse,1K–15K,8000.0,$506.58
Michael McCaul Republican House TX,S&P Global Inc SPGI:US,SPGI,2026-04-10,2026-03-20,Spouse,1K–15K,8000.0,$424.43
Michael McCaul Republican House TX,S&P Global Inc SPGI:US,SPGI,2026-04-10,2026-03-24,Spouse,1K–15K,8000.0,$411.20
Michael McCaul Republican House TX,S&P Global Inc SPGI:US,SPGI,2026-04-10,2026-03-18,Spouse,1K–15K,8000.0,$426.64
Michael McCaul Republican House TX,Intuit Inc INTU:US,INTU,2026-04-10,2026-03-10,Spouse,1K–15K,8000.0,$453.95
Michael McCaul Republican House TX,Intuit Inc INTU:US,INTU,2026-04-10,2026-03-17,Spouse,1K–15K,8000.0,$459.28
Michael McCaul Republican House TX,Intuit Inc INTU:US,INTU,2026-04-10,2026-03-12,Spouse,1K–15K,8000.0,$435.13
Michael McCaul Republican House TX,Danaher Corp DHR:US,DHR,2026-04-10,2026-03-05,Spouse,1K–15K,8000.0,$202.00
Michael McCaul Republican House TX,AUTODESK Inc ADSK:US,ADSK,2026-04-10,2026-03-04,Spouse,1K–15K,8000.0,$257.89
Michael McCaul Republican House TX,S&P Global Inc SPGI:US,SPGI,2026-04-10,2026-03-17,Spouse,1K–15K,8000.0,$432.94
Josh Gottheimer Democrat House NJ,Microsoft Corp MSFT:US,MSFT,2026-04-09,2026-03-25,Joint,500K–1M,750000.0,N/A
Josh Gottheimer Democrat House NJ,Microsoft Corp MSFT:US,MSFT,2026-04-09,2026-03-25,Joint,50K–100K,75000.0,N/A
Ro Khanna Democrat House CA,McDonald's Corp MCD:US,MCD,2026-04-09,2026-03-30,Child,15K–50K,32500.0,$308.53
Ro Khanna Democrat House CA,Cisco Systems Inc CSCO:US,CSCO,2026-04-09,2026-03-30,Child,15K–50K,32500.0,$77.04
Ro Khanna Democrat House CA,The Coca-Cola Co KO:US,KO,2026-04-09,2026-03-30,Child,15K–50K,32500.0,$76.27
Ro Khanna Democrat House CA,Boston Scientific Corp BSX:US,BSX,2026-04-09,2026-03-30,Child,15K–50K,32500.0,$62.93
Ro Khanna Democrat House CA,The Progressive Corp PGR:US,PGR,2026-04-09,2026-03-30,Child,15K–50K,32500.0,$201.39
Ro Khanna Democrat House CA,Amazon.com Inc AMZN:US,AMZN,2026-04-09,2026-03-30,Child,15K–50K,32500.0,$200.95
Ro Khanna Democrat House CA,Intuit Inc INTU:US,INTU,2026-04-09,2026-03-30,Child,15K–50K,32500.0,$429.03
Ro Khanna Democrat House CA,S&P Global Inc SPGI:US,SPGI,2026-04-09,2026-03-30,Child,15K–50K,32500.0,$417.59
Ro Khanna Democrat House CA,salesforce.com Inc CRM:US,CRM,2026-04-09,2026-03-30,Child,15K–50K,32500.0,$185.03
Ro Khanna Democrat House CA,Realty Income Corp O:US,O,2026-04-09,2026-03-30,Child,15K–50K,32500.0,$61.15
Ro Khanna Democrat House CA,Oracle Corp ORCL:US,ORCL,2026-04-09,2026-03-30,Child,15K–50K,32500.0,$138.80
Ro Khanna Democrat House CA,American Express Co AXP:US,AXP,2026-04-09,2026-03-30,Child,15K–50K,32500.0,$297.49
Ro Khanna Democrat House CA,Truist Financial Corp TFC:US,TFC,2026-04-09,2026-03-30,Child,15K–50K,32500.0,$44.64
Ro Khanna Democrat House CA,Alphabet Inc GOOGL:US,GOOGL,2026-04-09,2026-03-30,Child,15K–50K,32500.0,$273.50
Ro Khanna Democrat House CA,The Walt Disney Co DIS:US,DIS,2026-04-09,2026-03-30,Child,15K–50K,32500.0,$94.32
Ro Khanna Democrat House CA,Moody's Corp. MCO:US,MCO,2026-04-09,2026-03-30,Child,15K–50K,32500.0,$432.05
Ro Khanna Democrat House CA,Capital One Financial Corp COF:US,COF,2026-04-09,2026-03-30,Child,15K–50K,32500.0,$178.13
Ro Khanna Democrat House CA,Palo Alto Networks Inc PANW:US,PANW,2026-04-09,2026-03-30,Child,15K–50K,32500.0,$154.35
Ro Khanna Democrat House CA,JPMorgan Chase & Co JPM:US,JPM,2026-04-09,2026-03-30,Child,15K–50K,32500.0,$283.77
Ro Khanna Democrat House CA,The Procter & Gamble Co PG:US,PG,2026-04-09,2026-03-30,Child,15K–50K,32500.0,$144.72
Ro Khanna Democrat House CA,Automatic Data Processing Inc ADP:US,ADP,2026-04-09,2026-03-30,Child,15K–50K,32500.0,$205.47
Ro Khanna Democrat House CA,Prudential Financial Inc PRU:US,PRU,2026-04-09,2026-03-30,Child,15K–50K,32500.0,$94.48
Ro Khanna Democrat House CA,KKR & Co Inc KKR:US,KKR,2026-04-09,2026-03-30,Child,15K–50K,32500.0,$90.36
Ro Khanna Democrat House CA,AUTODESK Inc ADSK:US,ADSK,2026-04-09,2026-03-30,Child,15K–50K,32500.0,$235.68
Ro Khanna Democrat House CA,Lowe's Cos Inc LOW:US,LOW,2026-04-09,2026-03-30,Child,15K–50K,32500.0,$232.58
Ro Khanna Democrat House CA,Wells Fargo & Co WFC:US,WFC,2026-04-09,2026-03-30,Child,15K–50K,32500.0,$76.80
Ro Khanna Democrat House CA,Blackstone Group Inc BX:US,BX,2026-04-09,2026-03-30,Child,15K–50K,32500.0,$111.60
Ro Khanna Democrat House CA,IDEXX Laboratories Inc IDXX:US,IDXX,2026-04-09,2026-03-30,Child,15K–50K,32500.0,$557.09
Ro Khanna Democrat House CA,Tesla Inc TSLA:US,TSLA,2026-04-09,2026-03-30,Child,15K–50K,32500.0,$355.28
Ro Khanna Democrat House CA,Accenture PLC ACN:US,ACN,2026-04-09,2026-03-30,Child,15K–50K,32500.0,$197.55
Ro Khanna Democrat House CA,Bank of America Corp BAC:US,BAC,2026-04-09,2026-03-10,Spouse,15K–50K,32500.0,$48.56
Ro Khanna Democrat House CA,Mastercard Inc MA:US,MA,2026-04-09,2026-03-10,Spouse,15K–50K,32500.0,$514.72
Ro Khanna Democrat House CA,Visa Inc V:US,V,2026-04-09,2026-03-10,Spouse,15K–50K,32500.0,$314.43
Ro Khanna Democrat House CA,The Coca-Cola Co KO:US,KO,2026-04-09,2026-03-10,Spouse,15K–50K,32500.0,$77.88
Ro Khanna Democrat House CA,McDonald's Corp MCD:US,MCD,2026-04-09,2026-03-10,Spouse,15K–50K,32500.0,$327.94
Ro Khanna Democrat House CA,Merck & Co Inc MRK:US,MRK,2026-04-09,2026-03-10,Spouse,15K–50K,32500.0,$117.09
Ro Khanna Democrat House CA,Philip Morris International Inc PM:US,PM,2026-04-09,2026-03-10,Spouse,15K–50K,32500.0,$172.87
Ro Khanna Democrat House CA,Lowe's Cos Inc LOW:US,LOW,2026-04-09,2026-03-10,Spouse,15K–50K,32500.0,$251.11
Ro Khanna Democrat House CA,Applied Materials Inc AMAT:US,AMAT,2026-04-09,2026-03-10,Spouse,15K–50K,32500.0,$345.88
Ro Khanna Democrat House CA,Linde PLC LIN:US,LIN,2026-04-09,2026-03-10,Spouse,15K–50K,32500.0,$477.94
Ro Khanna Democrat House CA,Unitedhealth Group Inc UNH:US,UNH,2026-04-09,2026-03-10,Spouse,15K–50K,32500.0,$282.34
Ro Khanna Democrat House CA,Microchip Technology Inc MCHP:US,MCHP,2026-04-09,2026-03-23,Spouse,15K–50K,32500.0,$64.34
Ro Khanna Democrat House CA,Abbott Laboratories ABT:US,ABT,2026-04-09,2026-03-23,Spouse,15K–50K,32500.0,$104.85
Ro Khanna Democrat House CA,The Home Depot Inc HD:US,HD,2026-04-09,2026-03-23,Spouse,15K–50K,32500.0,$330.90
Ro Khanna Democrat House CA,Unitedhealth Group Inc UNH:US,UNH,2026-04-09,2026-03-23,Spouse,15K–50K,32500.0,$269.54
Ro Khanna Democrat House CA,Intuitive Surgical Inc ISRG:US,ISRG,2026-04-09,2026-03-23,Spouse,15K–50K,32500.0,$478.04
Ro Khanna Democrat House CA,The Coca-Cola Co KO:US,KO,2026-04-09,2026-03-23,Spouse,15K–50K,32500.0,$75.11
Ro Khanna Democrat House CA,Amazon.com Inc AMZN:US,AMZN,2026-04-09,2026-03-23,Spouse,15K–50K,32500.0,$210.14
Ro Khanna Democrat House CA,Booking Holdings Inc BKNG:US,BKNG,2026-04-09,2026-03-23,Spouse,15K–50K,32500.0,"$4,396.79"
Ro Khanna Democrat House CA,Automatic Data Processing Inc ADP:US,ADP,2026-04-09,2026-03-23,Spouse,15K–50K,32500.0,$209.71
Ro Khanna Democrat House CA,Accenture PLC ACN:US,ACN,2026-04-09,2026-03-23,Spouse,15K–50K,32500.0,$200.02
Ro Khanna Democrat House CA,Lululemon Athletica Inc LULU:US,LULU,2026-04-09,2026-03-23,Spouse,15K–50K,32500.0,$164.38
Ro Khanna Democrat House CA,American International Group Inc AIG:US,AIG,2026-04-09,2026-03-23,Spouse,15K–50K,32500.0,$75.09
Ro Khanna Democrat House CA,salesforce.com Inc CRM:US,CRM,2026-04-09,2026-03-23,Spouse,15K–50K,32500.0,$195.18
Ro Khanna Democrat House CA,S&P Global Inc SPGI:US,SPGI,2026-04-09,2026-03-23,Spouse,15K–50K,32500.0,$428.87
Ro Khanna Democrat House CA,Blackstone Group Inc BX:US,BX,2026-04-09,2026-03-23,Spouse,15K–50K,32500.0,$109.35
Ro Khanna Democrat House CA,Palo Alto Networks Inc PANW:US,PANW,2026-04-09,2026-03-23,Spouse,15K–50K,32500.0,$164.05
Ro Khanna Democrat House CA,Arthur J. Gallagher & Co AJG:US,AJG,2026-04-09,2026-03-23,Spouse,15K–50K,32500.0,$216.74
Ro Khanna Democrat House CA,Invitation Homes Inc INVH:US,INVH,2026-04-09,2026-03-23,Spouse,15K–50K,32500.0,$24.76
Ro Khanna Democrat House CA,KLA Corp KLAC:US,KLAC,2026-04-09,2026-03-18,Child,15K–50K,32500.0,"$1,482.36"
Ro Khanna Democrat House CA,Alphabet Inc GOOGL:US,GOOGL,2026-04-09,2026-03-06,Child,1K–15K,8000.0,$298.30
Ro Khanna Democrat House CA,Wells Fargo & Co WFC:US,WFC,2026-04-09,2026-03-11,Child,1K–15K,8000.0,N/A
Ro Khanna Democrat House CA,Rockwell Automation Inc ROK:US,ROK,2026-04-09,2026-03-06,Child,1K–15K,8000.0,$369.83
Ro Khanna Democrat House CA,Thermo Fisher Scientific Inc TMO:US,TMO,2026-04-09,2026-03-06,Child,1K–15K,8000.0,$501.97
Ro Khanna Democrat House CA,Broadcom Inc AVGO:US,AVGO,2026-04-09,2026-03-06,Child,1K–15K,8000.0,$330.48
Ro Khanna Democrat House CA,KeyCorp KEY:US,KEY,2026-04-09,2026-03-12,Child,1K–15K,8000.0,N/A
Ro Khanna Democrat House CA,Johnson & Johnson JNJ:US,JNJ,2026-04-09,2026-03-06,Child,1K–15K,8000.0,N/A
Ro Khanna Democrat House CA,Unitedhealth Group Inc UNH:US,UNH,2026-04-09,2026-03-30,Child,1K–15K,8000.0,$261.79
Ro Khanna Democrat House CA,Mondelez International Inc MDLZ:US,MDLZ,2026-04-09,2026-03-30,Child,1K–15K,8000.0,$58.25
Ro Khanna Democrat House CA,Hilton Worldwide Holdings Inc HLT:US,HLT,2026-04-09,2026-03-30,Child,1K–15K,8000.0,$295.87
Ro Khanna Democrat House CA,PPG Industries Inc PPG:US,PPG,2026-04-09,2026-03-30,Child,1K–15K,8000.0,$103.82
Ro Khanna Democrat House CA,Incyte Corp INCY:US,INCY,2026-04-09,2026-03-30,Child,1K–15K,8000.0,$90.33
Ro Khanna Democrat House CA,Martin Marietta Materials Inc MLM:US,MLM,2026-04-09,2026-03-30,Child,1K–15K,8000.0,$573.57
Ro Khanna Democrat House CA,Lululemon Athletica Inc LULU:US,LULU,2026-04-09,2026-03-30,Child,1K–15K,8000.0,$145.83
Ro Khanna Democrat House CA,Waste Management Inc WM:US,WM,2026-04-09,2026-03-30,Child,1K–15K,8000.0,$229.96
Ro Khanna Democrat House CA,Arthur J. Gallagher & Co AJG:US,AJG,2026-04-09,2026-03-30,Child,1K–15K,8000.0,$215.95
Ro Khanna Democrat House CA,Genuine Parts Co GPC:US,GPC,2026-04-09,2026-03-30,Child,1K–15K,8000.0,$104.35
Ro Khanna Democrat House CA,Fortive Corp FTV:US,FTV,2026-04-09,2026-03-30,Child,1K–15K,8000.0,$53.62
Ro Khanna Democrat House CA,Keysight Technologies Inc KEYS:US,KEYS,2026-04-09,2026-03-30,Child,1K–15K,8000.0,$269.41
Ro Khanna Democrat House CA,HENRY SCHEIN Inc HSIC:US,HSIC,2026-04-09,2026-03-30,Child,1K–15K,8000.0,$72.70
Ro Khanna Democrat House CA,Block Inc SQ:US,SQ,2026-04-09,2026-03-30,Child,1K–15K,8000.0,$57.03
Ro Khanna Democrat House CA,Lam Research Corp LRCX:US,LRCX,2026-04-09,2026-03-30,Child,1K–15K,8000.0,$199.93
Ro Khanna Democrat House CA,Bio-Techne Corp TECH:US,TECH,2026-04-09,2026-03-30,Child,1K–15K,8000.0,$52.04
Ro Khanna Democrat House CA,Charles River Laboratories International Inc CRL:US,CRL,2026-04-09,2026-03-30,Child,1K–15K,8000.0,$159.72
Ro Khanna Democrat House CA,NVIDIA Corporation NVDA:US,NVDA,2026-04-09,2026-03-10,Spouse,1K–15K,8000.0,$184.77
Ro Khanna Democrat House CA,Abbott Laboratories ABT:US,ABT,2026-04-09,2026-03-10,Spouse,1K–15K,8000.0,$110.55
Ro Khanna Democrat House CA,salesforce.com Inc CRM:US,CRM,2026-04-09,2026-03-10,Spouse,1K–15K,8000.0,$194.91
Ro Khanna Democrat House CA,Arthur J. Gallagher & Co AJG:US,AJG,2026-04-09,2026-03-10,Spouse,1K–15K,8000.0,$211.72
Ro Khanna Democrat House CA,United Parcel Service Inc UPS:US,UPS,2026-04-09,2026-03-10,Spouse,1K–15K,8000.0,$100.92
Ro Khanna Democrat House CA,Garmin Ltd GRMN:US,GRMN,2026-04-09,2026-03-10,Spouse,1K–15K,8000.0,$241.34
Ro Khanna Democrat House CA,Oracle Corp ORCL:US,ORCL,2026-04-09,2026-03-10,Spouse,1K–15K,8000.0,$149.40
Ro Khanna Democrat House CA,Danaher Corp DHR:US,DHR,2026-04-09,2026-03-10,Spouse,1K–15K,8000.0,$195.22
Ro Khanna Democrat House CA,Nike Inc NKE:US,NKE,2026-04-09,2026-03-10,Spouse,1K–15K,8000.0,$56.08
Ro Khanna Democrat House CA,Schwab (Charles) Corp SCHW:US,SCHW,2026-04-09,2026-03-10,Spouse,1K–15K,8000.0,$93.17
Ro Khanna Democrat House CA,Alexandria Real Estate Equities Inc ARE:US,ARE,2026-04-09,2026-03-10,Spouse,1K–15K,8000.0,$51.05
Ro Khanna Democrat House CA,Amcor PLC AMCR:US,AMCR,2026-04-09,2026-03-10,Spouse,1K–15K,8000.0,$42.10
Ro Khanna Democrat House CA,Keurig Dr Pepper Inc KDP:US,KDP,2026-04-09,2026-03-10,Spouse,1K–15K,8000.0,$28.04
Ro Khanna Democrat House CA,Boston Scientific Corp BSX:US,BSX,2026-04-09,2026-03-10,Spouse,1K–15K,8000.0,$69.96
Ro Khanna Democrat House CA,Lululemon Athletica Inc LULU:US,LULU,2026-04-09,2026-03-10,Spouse,1K–15K,8000.0,$166.43
Ro Khanna Democrat House CA,Intercontinental Exchange Inc ICE:US,ICE,2026-04-09,2026-03-10,Spouse,1K–15K,8000.0,$160.17
Ro Khanna Democrat House CA,Amazon.com Inc AMZN:US,AMZN,2026-04-09,2026-03-10,Spouse,1K–15K,8000.0,$214.33
Ro Khanna Democrat House CA,The Procter & Gamble Co PG:US,PG,2026-04-09,2026-03-10,Spouse,1K–15K,8000.0,$156.01
Ro Khanna Democrat House CA,Equifax Inc EFX:US,EFX,2026-04-09,2026-03-10,Spouse,1K–15K,8000.0,$195.94
Ro Khanna Democrat House CA,Agilent Technologies Inc A:US,A,2026-04-09,2026-03-10,Spouse,1K–15K,8000.0,$115.43
Ro Khanna Democrat House CA,Metlife Inc MET:US,MET,2026-04-09,2026-03-10,Spouse,1K–15K,8000.0,$70.60
Ro Khanna Democrat House CA,Tractor Supply Co TSCO:US,TSCO,2026-04-09,2026-03-10,Spouse,1K–15K,8000.0,$50.34
Ro Khanna Democrat House CA,PayPal Holdings Inc PYPL:US,PYPL,2026-04-09,2026-03-10,Spouse,1K–15K,8000.0,$45.02
Ro Khanna Democrat House CA,KKR & Co Inc KKR:US,KKR,2026-04-09,2026-03-10,Spouse,1K–15K,8000.0,$89.96
Ro Khanna Democrat House CA,Airbnb Inc ABNB:US,ABNB,2026-04-09,2026-03-10,Spouse,1K–15K,8000.0,$132.44
Ro Khanna Democrat House CA,Iqvia Holdings Inc IQV:US,IQV,2026-04-09,2026-03-10,Spouse,1K–15K,8000.0,$170.93
Ro Khanna Democrat House CA,International Business Machines Corp IBM:US,IBM,2026-04-09,2026-03-10,Spouse,1K–15K,8000.0,$250.20
Ro Khanna Democrat House CA,Prologis Inc PLD:US,PLD,2026-04-09,2026-03-10,Spouse,1K–15K,8000.0,$136.16
Ro Khanna Democrat House CA,Dow Inc DOW:US,DOW,2026-04-09,2026-03-10,Spouse,1K–15K,8000.0,$33.89
Ro Khanna Democrat House CA,Block Inc SQ:US,SQ,2026-04-09,2026-03-10,Spouse,1K–15K,8000.0,$65.60
Ro Khanna Democrat House CA,GLOBAL PAYMENTS Inc GPN:US,GPN,2026-04-09,2026-03-10,Spouse,1K–15K,8000.0,$73.54
Ro Khanna Democrat House CA,CoStar Group Inc CSGP:US,CSGP,2026-04-09,2026-03-10,Spouse,1K–15K,8000.0,$46.33
Ro Khanna Democrat House CA,Tesla Inc TSLA:US,TSLA,2026-04-09,2026-03-10,Spouse,1K–15K,8000.0,$399.24
Ro Khanna Democrat House CA,Roper Technologies Inc ROP:US,ROP,2026-04-09,2026-03-23,Spouse,1K–15K,8000.0,$353.48
Ro Khanna Democrat House CA,Prudential Financial Inc PRU:US,PRU,2026-04-09,2026-03-23,Spouse,1K–15K,8000.0,$94.29
Ro Khanna Democrat House CA,KKR & Co Inc KKR:US,KKR,2026-04-09,2026-03-23,Spouse,1K–15K,8000.0,$90.84
Ro Khanna Democrat House CA,Intercontinental Exchange Inc ICE:US,ICE,2026-04-09,2026-03-23,Spouse,1K–15K,8000.0,$157.17
Ro Khanna Democrat House CA,Copart Inc CPRT:US,CPRT,2026-04-09,2026-03-23,Spouse,1K–15K,8000.0,$33.39
Ro Khanna Democrat House CA,Crown Castle International Corp CCI:US,CCI,2026-04-09,2026-03-23,Spouse,1K–15K,8000.0,$81.33
Ro Khanna Democrat House CA,American Tower Corp AMT:US,AMT,2026-04-09,2026-03-23,Spouse,1K–15K,8000.0,$176.50
Ro Khanna Democrat House CA,AutoZone Inc AZO:US,AZO,2026-04-09,2026-03-23,Spouse,1K–15K,8000.0,"$3,353.24"
Ro Khanna Democrat House CA,Gartner Inc IT:US,IT,2026-04-09,2026-03-23,Spouse,1K–15K,8000.0,$162.59
Ro Khanna Democrat House CA,Boston Properties Inc BXP:US,BXP,2026-04-09,2026-03-23,Spouse,1K–15K,8000.0,$53.04
Ro Khanna Democrat House CA,PayPal Holdings Inc PYPL:US,PYPL,2026-04-09,2026-03-23,Spouse,1K–15K,8000.0,$45.49
Ro Khanna Democrat House CA,Cognizant Technology Solutions Corp CTSH:US,CTSH,2026-04-09,2026-03-23,Spouse,1K–15K,8000.0,$61.94
Ro Khanna Democrat House CA,VICI Properties Inc VICI:US,VICI,2026-04-09,2026-03-23,Spouse,1K–15K,8000.0,$27.05
Ro Khanna Democrat House CA,The Walt Disney Co DIS:US,DIS,2026-04-09,2026-03-23,Spouse,1K–15K,8000.0,$97.95
Ro Khanna Democrat House CA,Capital One Financial Corp COF:US,COF,2026-04-09,2026-03-23,Spouse,1K–15K,8000.0,$184.00
Ro Khanna Democrat House CA,AUTODESK Inc ADSK:US,ADSK,2026-04-09,2026-03-23,Spouse,1K–15K,8000.0,$247.44
Ro Khanna Democrat House CA,American Express Co AXP:US,AXP,2026-04-09,2026-03-23,Spouse,1K–15K,8000.0,$301.91
Ro Khanna Democrat House CA,Wells Fargo & Co WFC:US,WFC,2026-04-09,2026-03-23,Spouse,1K–15K,8000.0,$78.28
Ro Khanna Democrat House CA,Waste Management Inc WM:US,WM,2026-04-09,2026-03-23,Spouse,1K–15K,8000.0,$227.53
Ro Khanna Democrat House CA,Broadridge Financial Solutions Inc BR:US,BR,2026-04-09,2026-03-23,Spouse,1K–15K,8000.0,$170.84
Ro Khanna Democrat House CA,AFLAC Inc AFL:US,AFL,2026-04-09,2026-03-23,Spouse,1K–15K,8000.0,$106.65
Ro Khanna Democrat House CA,FactSet Research Systems Inc FDS:US,FDS,2026-04-09,2026-03-23,Spouse,1K–15K,8000.0,$208.47
Ro Khanna Democrat House CA,GLOBAL PAYMENTS Inc GPN:US,GPN,2026-04-09,2026-03-23,Spouse,1K–15K,8000.0,$71.06
Ro Khanna Democrat House CA,Block Inc SQ:US,SQ,2026-04-09,2026-03-23,Spouse,1K–15K,8000.0,$61.17
Ro Khanna Democrat House CA,VERISK ANALYTICS Inc VRSK:US,VRSK,2026-04-09,2026-03-23,Spouse,1K–15K,8000.0,$199.85
Ro Khanna Democrat House CA,CoStar Group Inc CSGP:US,CSGP,2026-04-09,2026-03-23,Spouse,1K–15K,8000.0,$42.91
Ro Khanna Democrat House CA,Berkley (W.R.) Corp WRB:US,WRB,2026-04-09,2026-03-23,Spouse,1K–15K,8000.0,$65.55
Ro Khanna Democrat House CA,Edwards Lifesciences Corp EW:US,EW,2026-04-09,2026-03-23,Spouse,1K–15K,8000.0,$82.02
Ro Khanna Democrat House CA,JPMorgan Chase & Co JPM:US,JPM,2026-04-09,2026-03-23,Spouse,1K–15K,8000.0,$289.91
Ro Khanna Democrat House CA,Moody's Corp. MCO:US,MCO,2026-04-09,2026-03-23,Spouse,1K–15K,8000.0,$441.07
Ro Khanna Democrat House CA,Synopsys Inc SNPS:US,SNPS,2026-04-09,2026-03-23,Spouse,1K–15K,8000.0,$432.48
Ro Khanna Democrat House CA,International Paper Co IP:US,IP,2026-04-09,2026-03-23,Spouse,1K–15K,8000.0,$35.56
Ro Khanna Democrat House CA,Essex Property Trust Inc ESS:US,ESS,2026-04-09,2026-03-23,Spouse,1K–15K,8000.0,$242.58
Ro Khanna Democrat House CA,Verisign Inc VRSN:US,VRSN,2026-04-09,2026-03-23,Spouse,1K–15K,8000.0,$240.92
Ro Khanna Democrat House CA,Ameriprise Financial Inc AMP:US,AMP,2026-04-09,2026-03-23,Spouse,1K–15K,8000.0,$442.91
Ro Khanna Democrat House CA,Tyler Technologies Inc TYL:US,TYL,2026-04-09,2026-03-23,Spouse,1K–15K,8000.0,$349.09
Ro Khanna Democrat House CA,D.R. Horton Inc DHI:US,DHI,2026-04-09,2026-03-23,Spouse,1K–15K,8000.0,$138.82
Ro Khanna Democrat House CA,SBA Communications Corp SBAC:US,SBAC,2026-04-09,2026-03-23,Spouse,1K–15K,8000.0,$171.98
Ro Khanna Democrat House CA,CBRE Group Inc CBRE:US,CBRE,2026-04-09,2026-03-23,Spouse,1K–15K,8000.0,$135.75
Ro Khanna Democrat House CA,The Hartford Financial Services Group Inc HIG:US,HIG,2026-04-09,2026-03-23,Spouse,1K–15K,8000.0,$135.43
Ro Khanna Democrat House CA,Humana Inc HUM:US,HUM,2026-04-09,2026-03-23,Spouse,1K–15K,8000.0,$170.14
Ro Khanna Democrat House CA,The TJX Companies Inc TJX:US,TJX,2026-04-09,2026-03-23,Spouse,1K–15K,8000.0,$156.50
Ro Khanna Democrat House CA,Becton Dickinson and Co BDX:US,BDX,2026-04-09,2026-03-23,Spouse,1K–15K,8000.0,$156.23
Ro Khanna Democrat House CA,McDonald's Corp MCD:US,MCD,2026-04-09,2026-03-23,Spouse,1K–15K,8000.0,$308.47
Ro Khanna Democrat House CA,Intel Corp INTC:US,INTC,2026-04-09,2026-03-23,Spouse,1K–15K,8000.0,$44.01
Ro Khanna Democrat House CA,Lamb Weston Holdings Inc LW:US,LW,2026-04-09,2026-03-23,Spouse,1K–15K,8000.0,$40.87
Ro Khanna Democrat House CA,Genuine Parts Co GPC:US,GPC,2026-04-09,2026-03-23,Spouse,1K–15K,8000.0,$101.06
Ro Khanna Democrat House CA,The Mosaic Company MOS:US,MOS,2026-04-09,2026-03-23,Spouse,1K–15K,8000.0,$24.08
Ro Khanna Democrat House CA,The Kraft Heinz Co KHC:US,KHC,2026-04-09,2026-03-23,Spouse,1K–15K,8000.0,$21.21
Ro Khanna Democrat House CA,ROLLINS Inc ROL:US,ROL,2026-04-09,2026-03-23,Spouse,1K–15K,8000.0,$53.21
Ro Khanna Democrat House CA,Air Products and Chemicals Inc APD:US,APD,2026-04-09,2026-03-23,Spouse,1K–15K,8000.0,$278.66
Ro Khanna Democrat House CA,MSCI Inc MSCI:US,MSCI,2026-04-09,2026-03-23,Spouse,1K–15K,8000.0,$551.60
Ro Khanna Democrat House CA,Ecolab Inc ECL:US,ECL,2026-04-09,2026-03-23,Spouse,1K–15K,8000.0,$261.13
Ro Khanna Democrat House CA,Vertex Pharmaceuticals Inc VRTX:US,VRTX,2026-04-09,2026-03-23,Spouse,1K–15K,8000.0,$451.24
Ro Khanna Democrat House CA,Capital One Financial Corp COF:US,COF,2026-04-09,2026-03-02,Child,1K–15K,8000.0,$194.32
Ro Khanna Democrat House CA,Intuit Inc INTU:US,INTU,2026-04-09,2026-03-02,Child,1K–15K,8000.0,N/A
Ro Khanna Democrat House CA,NextEra Energy Inc NEE:US,NEE,2026-04-09,2026-03-19,Child,1K–15K,8000.0,$92.41
Ro Khanna Democrat House CA,Xcel Energy Inc XEL:US,XEL,2026-04-09,2026-03-19,Child,1K–15K,8000.0,$79.53
Ro Khanna Democrat House CA,The J M Smucker Company SJM:US,SJM,2026-04-09,2026-03-02,Child,1K–15K,8000.0,N/A
Ro Khanna Democrat House CA,CONSTELLATION ENE CORP CEG:US,CEG,2026-04-09,2026-03-19,Child,1K–15K,8000.0,$316.47
Ro Khanna Democrat House CA,Netflix Inc NFLX:US,NFLX,2026-04-09,2026-03-20,Spouse,1K–15K,8000.0,$91.82
Ro Khanna Democrat House CA,Netflix Inc NFLX:US,NFLX,2026-04-09,2026-03-20,Spouse,1K–15K,8000.0,$91.82
Ro Khanna Democrat House CA,NVR Inc NVR:US,NVR,2026-04-09,2026-03-20,Spouse,1K–15K,8000.0,"$6,369.38"
Ro Khanna Democrat House CA,Netflix Inc NFLX:US,NFLX,2026-04-09,2026-03-20,Child,1K–15K,8000.0,$91.82
Ro Khanna Democrat House CA,Wells Fargo & Co WFC:US,WFC,2026-04-09,2026-03-11,Child,1K–15K,8000.0,$76.88
Josh Gottheimer Democrat House NJ,Air Products and Chemicals Inc APD:US,APD,2026-04-09,2026-03-05,Joint,1K–15K,8000.0,$276.35
Josh Gottheimer Democrat House NJ,ServiceNow Inc NOW:US,NOW,2026-04-09,2026-03-06,Joint,1K–15K,8000.0,$124.34
Byron Donalds Republican House FL,Netflix Inc NFLX:US,NFLX,2026-04-09,2026-03-20,Undisclosed,1K–15K,8000.0,$91.82
Byron Donalds Republican House FL,Netflix Inc NFLX:US,NFLX,2026-04-09,2026-03-20,Spouse,1K–15K,8000.0,$91.82
Byron Donalds Republican House FL,PayPal Holdings Inc PYPL:US,PYPL,2026-04-09,2026-03-13,Undisclosed,1K–15K,8000.0,$44.90
Byron Donalds Republican House FL,PayPal Holdings Inc PYPL:US,PYPL,2026-04-09,2026-03-13,Spouse,1K–15K,8000.0,$44.90
Gil Cisneros Democrat House CA,Microsoft Corp MSFT:US,MSFT,2026-04-08,2026-03-13,Undisclosed,15K–50K,32500.0,$395.55
Rich McCormick Republican House GA,Abbott Laboratories ABT:US,ABT,2026-04-08,2026-03-19,Undisclosed,1K–15K,8000.0,$107.19
Rich McCormick Republican House GA,Automatic Data Processing Inc ADP:US,ADP,2026-04-08,2026-03-19,Undisclosed,1K–15K,8000.0,$210.66
Rich McCormick Republican House GA,Blackrock Inc BLK:US,BLK,2026-04-08,2026-03-19,Undisclosed,1K–15K,8000.0,$969.60
Rich McCormick Republican House GA,The Home Depot Inc HD:US,HD,2026-04-08,2026-03-19,Undisclosed,1K–15K,8000.0,$328.21
Rich McCormick Republican House GA,The Home Depot Inc HD:US,HD,2026-04-08,2026-03-19,Undisclosed,1K–15K,8000.0,$328.21
Rich McCormick Republican House GA,Microsoft Corp MSFT:US,MSFT,2026-04-08,2026-03-19,Undisclosed,1K–15K,8000.0,$389.02
Rich McCormick Republican House GA,Microsoft Corp MSFT:US,MSFT,2026-04-08,2026-03-19,Undisclosed,1K–15K,8000.0,$389.02
Rich McCormick Republican House GA,Unitedhealth Group Inc UNH:US,UNH,2026-04-08,2026-03-19,Undisclosed,1K–15K,8000.0,$280.44
Rich McCormick Republican House GA,Unitedhealth Group Inc UNH:US,UNH,2026-04-08,2026-03-19,Undisclosed,1K–15K,8000.0,$280.44
Lloyd Doggett Democrat House TX,The Home Depot Inc HD:US,HD,2026-04-08,2026-03-26,Undisclosed,1K–15K,8000.0,$328.43
Lloyd Doggett Democrat House TX,International Business Machines Corp IBM:US,IBM,2026-04-08,2026-03-10,Undisclosed,1K–15K,8000.0,$250.20
Lloyd Doggett Democrat House TX,Johnson & Johnson JNJ:US,JNJ,2026-04-08,2026-03-10,Undisclosed,1K–15K,8000.0,$243.71
Lloyd Doggett Democrat House TX,PPG Industries Inc PPG:US,PPG,2026-04-08,2026-03-12,Undisclosed,1K–15K,8000.0,$100.73
Cleo Fields Democrat House LA,Alphabet Inc GOOGL:US,GOOGL,2026-04-08,2026-03-16,Undisclosed,1K–15K,8000.0,$304.42
Gil Cisneros Democrat House CA,Accenture PLC ACN:US,ACN,2026-04-08,2026-03-13,Undisclosed,1K–15K,8000.0,$196.65
Gil Cisneros Democrat House CA,Alibaba Group Holding Ltd BABA:US,BABA,2026-04-08,2026-03-27,Undisclosed,1K–15K,8000.0,$15.80
Gil Cisneros Democrat House CA,Amazon.com Inc AMZN:US,AMZN,2026-04-08,2026-03-16,Undisclosed,1K–15K,8000.0,$211.74
Gil Cisneros Democrat House CA,Block Inc SQ:US,SQ,2026-04-08,2026-03-13,Undisclosed,1K–15K,8000.0,$59.79
Gil Cisneros Democrat House CA,Booking Holdings Inc BKNG:US,BKNG,2026-04-08,2026-03-13,Undisclosed,1K–15K,8000.0,"$4,241.26"
Gil Cisneros Democrat House CA,Charter Communications Inc CHTR:US,CHTR,2026-04-08,2026-03-13,Undisclosed,1K–15K,8000.0,$218.19
Gil Cisneros Democrat House CA,Cognizant Technology Solutions Corp CTSH:US,CTSH,2026-04-08,2026-03-13,Undisclosed,1K–15K,8000.0,$60.37
Gil Cisneros Democrat House CA,Corning Inc GLW:US,GLW,2026-04-08,2026-03-25,Undisclosed,1K–15K,8000.0,$146.35
Gil Cisneros Democrat House CA,CoStar Group Inc CSGP:US,CSGP,2026-04-08,2026-03-13,Undisclosed,1K–15K,8000.0,$43.63
Gil Cisneros Democrat House CA,CrowdStrike Holdings Inc CRWD:US,CRWD,2026-04-08,2026-03-13,Undisclosed,1K–15K,8000.0,$441.78
Gil Cisneros Democrat House CA,EPAM Systems Inc EPAM:US,EPAM,2026-04-08,2026-03-13,Undisclosed,1K–15K,8000.0,$137.14
Gil Cisneros Democrat House CA,Equifax Inc EFX:US,EFX,2026-04-08,2026-03-13,Undisclosed,1K–15K,8000.0,$184.28
Gil Cisneros Democrat House CA,FactSet Research Systems Inc FDS:US,FDS,2026-04-08,2026-03-13,Undisclosed,1K–15K,8000.0,$205.65
Gil Cisneros Democrat House CA,Fair Isaac Corporation FICO:US,FICO,2026-04-08,2026-03-13,Undisclosed,1K–15K,8000.0,"$1,131.22"
Gil Cisneros Democrat House CA,Fidelity National Information Services Inc FIS:US,FIS,2026-04-08,2026-03-13,Undisclosed,1K–15K,8000.0,$49.70
Gil Cisneros Democrat House CA,Fortinet Inc FTNT:US,FTNT,2026-04-08,2026-03-13,Undisclosed,1K–15K,8000.0,$83.44
Gil Cisneros Democrat House CA,Fox Corp FOXA:US,FOXA,2026-04-08,2026-03-13,Undisclosed,1K–15K,8000.0,$52.03
Gil Cisneros Democrat House CA,Gartner Inc IT:US,IT,2026-04-08,2026-03-13,Undisclosed,1K–15K,8000.0,$166.74
Gil Cisneros Democrat House CA,Micron Technology Inc MU:US,MU,2026-04-08,2026-03-25,Undisclosed,1K–15K,8000.0,$382.09
Gil Cisneros Democrat House CA,NVIDIA Corporation NVDA:US,NVDA,2026-04-08,2026-03-13,Undisclosed,1K–15K,8000.0,$180.25
Gil Cisneros Democrat House CA,Omnicom Group Inc OMC:US,OMC,2026-04-08,2026-03-13,Undisclosed,1K–15K,8000.0,$77.80
Gil Cisneros Democrat House CA,Palantir Technologies Inc PLTR:US,PLTR,2026-04-08,2026-03-16,Undisclosed,1K–15K,8000.0,$152.72
Gil Cisneros Democrat House CA,Palo Alto Networks Inc PANW:US,PANW,2026-04-08,2026-03-13,Undisclosed,1K–15K,8000.0,$167.02
Gil Cisneros Democrat House CA,Paycom Software Inc PAYC:US,PAYC,2026-04-08,2026-03-13,Undisclosed,1K–15K,8000.0,$125.71
Gil Cisneros Democrat House CA,PayPal Holdings Inc PYPL:US,PYPL,2026-04-08,2026-03-13,Undisclosed,1K–15K,8000.0,$44.90
Gil Cisneros Democrat House CA,TE Connectivity Ltd TEL:US,TEL,2026-04-08,2026-03-18,Undisclosed,1K–15K,8000.0,$196.25
Gil Cisneros Democrat House CA,TransDigm Group Inc TDG:US,TDG,2026-04-08,2026-03-16,Undisclosed,1K–15K,8000.0,"$1,247.82"
Gil Cisneros Democrat House CA,Tyler Technologies Inc TYL:US,TYL,2026-04-08,2026-03-13,Undisclosed,1K–15K,8000.0,$349.79
Gil Cisneros Democrat House CA,Unitedhealth Group Inc UNH:US,UNH,2026-04-08,2026-03-13,Undisclosed,1K–15K,8000.0,$282.09
Gil Cisneros Democrat House CA,Waters Corp WAT:US,WAT,2026-04-08,2026-03-18,Undisclosed,1K–15K,8000.0,$295.05
April McClain Delaney Democrat House MD,Martin Marietta Materials Inc MLM:US,MLM,2026-04-08,2026-03-09,Child,1K–15K,8000.0,$612.52
April McClain Delaney Democrat House MD,Nasdaq Inc NDAQ:US,NDAQ,2026-04-08,2026-03-09,Child,1K–15K,8000.0,$88.05
April McClain Delaney Democrat House MD,Nasdaq Inc NDAQ:US,NDAQ,2026-04-08,2026-03-03,Child,1K–15K,8000.0,$87.42
April McClain Delaney Democrat House MD,Nasdaq Inc NDAQ:US,NDAQ,2026-04-08,2026-03-04,Child,1K–15K,8000.0,$89.13
April McClain Delaney Democrat House MD,Nasdaq Inc NDAQ:US,NDAQ,2026-04-08,2026-03-10,Child,1K–15K,8000.0,$87.60
April McClain Delaney Democrat House MD,Nasdaq Inc NDAQ:US,NDAQ,2026-04-08,2026-03-31,Child,1K–15K,8000.0,$84.89
April McClain Delaney Democrat House MD,Nasdaq Inc NDAQ:US,NDAQ,2026-04-08,2026-03-18,Child,1K–15K,8000.0,$85.44
April McClain Delaney Democrat House MD,Packaging Corp Of America PKG:US,PKG,2026-04-08,2026-03-20,Child,1K–15K,8000.0,$202.73
April McClain Delaney Democrat House MD,Packaging Corp Of America PKG:US,PKG,2026-04-08,2026-03-17,Child,1K–15K,8000.0,$215.97
April McClain Delaney Democrat House MD,ROLLINS Inc ROL:US,ROL,2026-04-08,2026-03-31,Child,1K–15K,8000.0,$53.41
April McClain Delaney Democrat House MD,Steris PLC STE:US,STE,2026-04-08,2026-03-16,Child,1K–15K,8000.0,$219.05
April McClain Delaney Democrat House MD,Tractor Supply Co TSCO:US,TSCO,2026-04-08,2026-03-16,Child,1K–15K,8000.0,$48.78
April McClain Delaney Democrat House MD,Tractor Supply Co TSCO:US,TSCO,2026-04-08,2026-03-04,Child,1K–15K,8000.0,$50.59
April McClain Delaney Democrat House MD,Tractor Supply Co TSCO:US,TSCO,2026-04-08,2026-03-31,Child,1K–15K,8000.0,$45.30
Ed Case Democrat House HI,Apple Inc AAPL:US,AAPL,2026-04-08,2024-05-16,Spouse,1K–15K,8000.0,$189.84
Ed Case Democrat House HI,Apple Inc AAPL:US,AAPL,2026-04-08,2024-08-15,Spouse,1K–15K,8000.0,$224.72
Ed Case Democrat House HI,Apple Inc AAPL:US,AAPL,2026-04-08,2024-11-14,Spouse,1K–15K,8000.0,$228.22
Ed Case Democrat House HI,Apple Inc AAPL:US,AAPL,2026-04-08,2025-02-13,Spouse,1K–15K,8000.0,$241.53
Ed Case Democrat House HI,Apple Inc AAPL:US,AAPL,2026-04-08,2025-05-15,Spouse,1K–15K,8000.0,$211.45
Ed Case Democrat House HI,Apple Inc AAPL:US,AAPL,2026-04-08,2025-08-14,Spouse,1K–15K,8000.0,$232.78
Ed Case Democrat House HI,Apple Inc AAPL:US,AAPL,2026-04-08,2025-11-13,Undisclosed,1K–15K,8000.0,$272.95
Shelley Moore Capito Republican Senate WV,The PNC Financial Services Group Inc PNC:US,PNC,2026-04-05,2026-03-12,Spouse,1K–15K,8000.0,$202.69
Shelley Moore Capito Republican Senate WV,American Express Co AXP:US,AXP,2026-04-05,2026-03-11,Spouse,1K–15K,8000.0,$305.99
John Fetterman Democrat Senate PA,Microsoft Corp MSFT:US,MSFT,2026-04-03,2026-03-27,Child,1K–15K,8000.0,$356.77
John Fetterman Democrat Senate PA,Micron Technology Inc MU:US,MU,2026-04-03,2026-03-30,Child,1K–15K,8000.0,$321.80
John Fetterman Democrat Senate PA,Microsoft Corp MSFT:US,MSFT,2026-04-03,2026-03-30,Child,1K–15K,8000.0,$358.96
John Fetterman Democrat Senate PA,Alphabet Inc GOOGL:US,GOOGL,2026-04-03,2026-03-30,Child,1K–15K,8000.0,$273.14
John Fetterman Democrat Senate PA,Amazon.com Inc AMZN:US,AMZN,2026-04-03,2026-03-30,Child,1K–15K,8000.0,$200.95
Dave McCormick Republican Senate PA,The Goldman Sachs Group Inc GS:US,GS,2026-03-26,2026-03-10,Spouse,100K–250K,175000.0,N/A
Dave McCormick Republican Senate PA,The Goldman Sachs Group Inc GS:US,GS,2026-03-26,2026-03-03,Spouse,100K–250K,175000.0,N/A
Dave McCormick Republican Senate PA,The Goldman Sachs Group Inc GS:US,GS,2026-03-26,2026-02-25,Spouse,100K–250K,175000.0,N/A
Dave McCormick Republican Senate PA,The Goldman Sachs Group Inc GS:US,GS,2026-03-26,2026-02-25,Spouse,100K–250K,175000.0,N/A
Dave McCormick Republican Senate PA,The Goldman Sachs Group Inc GS:US,GS,2026-03-26,2026-02-24,Spouse,100K–250K,175000.0,N/A
Dave McCormick Republican Senate PA,The Goldman Sachs Group Inc GS:US,GS,2026-03-26,2026-02-23,Spouse,100K–250K,175000.0,N/A
Dave McCormick Republican Senate PA,The Goldman Sachs Group Inc GS:US,GS,2026-03-26,2026-02-23,Spouse,100K–250K,175000.0,N/A
Susan Collins Republican Senate ME,Pfizer Inc PFE:US,PFE,2026-03-26,2026-02-03,Spouse,15K–50K,32500.0,N/A
Chuck Fleischmann Republican House TN,Unitedhealth Group Inc UNH:US,UNH,2026-03-23,2026-02-20,Joint,15K–50K,32500.0,$290.00
Chuck Fleischmann Republican House TN,Accenture PLC ACN:US,ACN,2026-03-23,2026-02-23,Joint,15K–50K,32500.0,$201.18
David Taylor Republican House OH,Fifth Third Bancorp FITB:US,FITB,2026-03-23,2026-03-11,Undisclosed,1K–15K,8000.0,$45.06
David Taylor Republican House OH,The Home Depot Inc HD:US,HD,2026-03-23,2026-03-12,Undisclosed,1K–15K,8000.0,$338.93
David Taylor Republican House OH,Lam Research Corp LRCX:US,LRCX,2026-03-23,2026-03-12,Undisclosed,1K–15K,8000.0,$209.49
David Taylor Republican House OH,Parker-Hannifin Corp PH:US,PH,2026-03-23,2026-03-12,Undisclosed,1K–15K,8000.0,$902.17
Chuck Fleischmann Republican House TN,Adobe Inc ADBE:US,ADBE,2026-03-23,2026-02-20,Joint,1K–15K,8000.0,$258.61
Chuck Fleischmann Republican House TN,ServiceNow Inc NOW:US,NOW,2026-03-23,2026-02-20,Joint,1K–15K,8000.0,$104.27
Mitch McConnell Republican Senate KY,Wells Fargo & Co WFC:US,WFC,2026-03-19,2026-03-01,Spouse,1K–15K,8000.0,N/A
Thomas Kean Jr Republican House NJ,Linde PLC LIN:US,LIN,2026-03-18,2026-02-18,Undisclosed,1K–15K,8000.0,$485.28
Cleo Fields Democrat House LA,Microsoft Corp MSFT:US,MSFT,2026-03-18,2026-03-12,Undisclosed,1K–15K,8000.0,$401.86
Cleo Fields Democrat House LA,Microsoft Corp MSFT:US,MSFT,2026-03-18,2026-03-12,Undisclosed,1K–15K,8000.0,$401.86
Josh Gottheimer Democrat House NJ,Cummins Inc CMI:US,CMI,2026-03-17,2026-02-05,Joint,1K–15K,8000.0,$540.65
Josh Gottheimer Democrat House NJ,Exxon Mobil Corp XOM:US,XOM,2026-03-17,2026-02-04,Joint,1K–15K,8000.0,$147.59
Josh Gottheimer Democrat House NJ,Exxon Mobil Corp XOM:US,XOM,2026-03-17,2026-02-02,Joint,1K–15K,8000.0,$138.40
Josh Gottheimer Democrat House NJ,GE VERNOVA INC GEV:US,GEV,2026-03-17,2026-02-05,Joint,1K–15K,8000.0,$737.53
Josh Gottheimer Democrat House NJ,Merck & Co Inc MRK:US,MRK,2026-03-17,2026-02-04,Joint,1K–15K,8000.0,$118.33
Josh Gottheimer Democrat House NJ,Monster Beverage Corp MNST:US,MNST,2026-03-17,2026-02-02,Joint,1K–15K,8000.0,$81.10
Josh Gottheimer Democrat House NJ,Unitedhealth Group Inc UNH:US,UNH,2026-03-17,2026-02-05,Joint,1K–15K,8000.0,$268.55
Bill Keating Democrat House MA,Alphabet Inc GOOGL:US,GOOGL,2026-03-17,2026-02-20,Undisclosed,1K–15K,8000.0,$314.98
Bill Keating Democrat House MA,Chubb Ltd CB:US,CB,2026-03-17,2026-02-20,Undisclosed,1K–15K,8000.0,$331.62
Ed Case Democrat House HI,Apple Inc AAPL:US,AAPL,2026-03-16,2026-02-12,Spouse,1K–15K,8000.0,$261.73
Jonathan Jackson Democrat House IL,Citigroup Inc C:US,C,2026-03-13,2026-02-05,Joint,50K–100K,75000.0,$115.74
Jonathan Jackson Democrat House IL,The Bank of New York Mellon Corp BK:US,BK,2026-03-13,2026-02-17,Joint,50K–100K,75000.0,$118.80
Julia Letlow Republican House LA,Advanced Micro Devices Inc AMD:US,AMD,2026-03-13,2026-02-02,Undisclosed,1K–15K,8000.0,$246.27
Julia Letlow Republican House LA,Apple Inc AAPL:US,AAPL,2026-03-13,2026-02-02,Undisclosed,1K–15K,8000.0,$270.01
Julia Letlow Republican House LA,Boeing Co BA:US,BA,2026-03-13,2026-02-02,Undisclosed,1K–15K,8000.0,$233.02
Julia Letlow Republican House LA,Cisco Systems Inc CSCO:US,CSCO,2026-03-13,2026-02-02,Undisclosed,1K–15K,8000.0,$80.64
Julia Letlow Republican House LA,Cummins Inc CMI:US,CMI,2026-03-13,2026-02-04,Undisclosed,1K–15K,8000.0,$605.63
Julia Letlow Republican House LA,Extra Space Storage Inc EXR:US,EXR,2026-03-13,2026-02-12,Undisclosed,1K–15K,8000.0,$144.34
Julia Letlow Republican House LA,International Business Machines Corp IBM:US,IBM,2026-03-13,2026-02-02,Undisclosed,1K–15K,8000.0,$314.73
Julia Letlow Republican House LA,Meta Platforms Inc META:US,META,2026-03-13,2026-02-12,Undisclosed,1K–15K,8000.0,$649.81
Julia Letlow Republican House LA,PepsiCo Inc PEP:US,PEP,2026-03-13,2026-02-05,Undisclosed,1K–15K,8000.0,$167.53
Julia Letlow Republican House LA,The Procter & Gamble Co PG:US,PG,2026-03-13,2026-02-02,Undisclosed,1K–15K,8000.0,$153.19
Julia Letlow Republican House LA,Regeneron Pharmaceuticals Inc REGN:US,REGN,2026-03-13,2026-02-12,Undisclosed,1K–15K,8000.0,$783.65
Julia Letlow Republican House LA,The Travelers Companies Inc TRV:US,TRV,2026-03-13,2026-02-20,Undisclosed,1K–15K,8000.0,$304.93
Julia Letlow Republican House LA,Vistra Corp VST:US,VST,2026-03-13,2026-02-17,Undisclosed,1K–15K,8000.0,$173.68
Jonathan Jackson Democrat House IL,Amazon.com Inc AMZN:US,AMZN,2026-03-13,2026-02-05,Undisclosed,1K–15K,8000.0,$222.69
Jonathan Jackson Democrat House IL,Citigroup Inc C:US,C,2026-03-13,2026-02-04,Undisclosed,1K–15K,8000.0,$117.43
Jonathan Jackson Democrat House IL,Citigroup Inc C:US,C,2026-03-13,2026-02-11,Spouse,1K–15K,8000.0,$117.39
Jonathan Jackson Democrat House IL,The Bank of New York Mellon Corp BK:US,BK,2026-03-13,2026-02-17,Undisclosed,1K–15K,8000.0,$118.80
Jonathan Jackson Democrat House IL,Welltower Inc WELL:US,WELL,2026-03-13,2026-02-11,Spouse,1K–15K,8000.0,$207.88
Ro Khanna Democrat House CA,JPMorgan Chase & Co JPM:US,JPM,2026-03-12,2026-02-19,Child,100K–250K,175000.0,N/A
Tony Wied Republican House WI,Visa Inc V:US,V,2026-03-12,2026-02-19,Joint,50K–100K,75000.0,$318.93
Tony Wied Republican House WI,Schwab (Charles) Corp SCHW:US,SCHW,2026-03-12,2026-02-19,Joint,50K–100K,75000.0,$93.87
Ro Khanna Democrat House CA,Berkshire Hathaway Inc BRK/B:US,BRK/B,2026-03-12,2026-02-24,Child,50K–100K,75000.0,$494.51
Ro Khanna Democrat House CA,The Home Depot Inc HD:US,HD,2026-03-12,2026-02-24,Child,50K–100K,75000.0,$384.48
Ro Khanna Democrat House CA,Microchip Technology Inc MCHP:US,MCHP,2026-03-12,2026-02-05,Spouse,50K–100K,75000.0,$78.04
Tony Wied Republican House WI,Laboratory Corp of America Holdings LH:US,LH,2026-03-12,2026-02-19,Joint,15K–50K,32500.0,$282.48
Tony Wied Republican House WI,Micron Technology Inc MU:US,MU,2026-03-12,2026-02-19,Joint,15K–50K,32500.0,$417.35
Tony Wied Republican House WI,ServiceNow Inc NOW:US,NOW,2026-03-12,2026-02-04,Joint,15K–50K,32500.0,$111.07
Michael McCaul Republican House TX,Abbott Laboratories ABT:US,ABT,2026-03-12,2026-02-05,Spouse,15K–50K,32500.0,$109.08
Michael McCaul Republican House TX,Fair Isaac Corporation FICO:US,FICO,2026-03-12,2026-02-04,Spouse,15K–50K,32500.0,"$1,386.88"
Michael McCaul Republican House TX,Genuine Parts Co GPC:US,GPC,2026-03-12,2026-02-20,Spouse,15K–50K,32500.0,$118.06
Michael McCaul Republican House TX,CVS Health Corp CVS:US,CVS,2026-03-12,2026-02-20,Spouse,15K–50K,32500.0,$76.69
Ro Khanna Democrat House CA,United Rentals Inc URI:US,URI,2026-03-12,2026-02-06,Child,15K–50K,32500.0,$899.55
Ro Khanna Democrat House CA,Mastercard Inc MA:US,MA,2026-03-12,2026-02-24,Child,15K–50K,32500.0,$498.00
Ro Khanna Democrat House CA,ServiceNow Inc NOW:US,NOW,2026-03-12,2026-02-24,Child,15K–50K,32500.0,$102.49
Ro Khanna Democrat House CA,Abbott Laboratories ABT:US,ABT,2026-03-12,2026-02-24,Child,15K–50K,32500.0,$114.58
Ro Khanna Democrat House CA,Adobe Inc ADBE:US,ADBE,2026-03-12,2026-02-24,Child,15K–50K,32500.0,$255.17
Ro Khanna Democrat House CA,Stryker Corp SYK:US,SYK,2026-03-12,2026-02-24,Child,15K–50K,32500.0,$381.33
Ro Khanna Democrat House CA,AT&T Inc T:US,T,2026-03-12,2026-02-24,Child,15K–50K,32500.0,$28.35
Ro Khanna Democrat House CA,Arthur J. Gallagher & Co AJG:US,AJG,2026-03-12,2026-02-24,Child,15K–50K,32500.0,$215.98
Ro Khanna Democrat House CA,Paychex Inc PAYX:US,PAYX,2026-03-12,2026-02-24,Child,15K–50K,32500.0,$88.48
Ro Khanna Democrat House CA,Amgen Inc AMGN:US,AMGN,2026-03-12,2026-02-24,Child,15K–50K,32500.0,$382.87
Ro Khanna Democrat House CA,Nasdaq Inc NDAQ:US,NDAQ,2026-03-12,2026-02-24,Child,15K–50K,32500.0,$81.11
Ro Khanna Democrat House CA,Microchip Technology Inc MCHP:US,MCHP,2026-03-12,2026-02-24,Child,15K–50K,32500.0,$75.93
Ro Khanna Democrat House CA,Elevance Health Inc ELV:US,ELV,2026-03-12,2026-02-24,Child,15K–50K,32500.0,$327.14
Ro Khanna Democrat House CA,Blackrock Inc BLK:US,BLK,2026-03-12,2026-02-24,Child,15K–50K,32500.0,"$1,081.05"
Ro Khanna Democrat House CA,Ameriprise Financial Inc AMP:US,AMP,2026-03-12,2026-02-24,Child,15K–50K,32500.0,$466.24
Ro Khanna Democrat House CA,The Home Depot Inc HD:US,HD,2026-03-12,2026-02-05,Spouse,15K–50K,32500.0,$382.37
Ro Khanna Democrat House CA,Mastercard Inc MA:US,MA,2026-03-12,2026-02-05,Spouse,15K–50K,32500.0,$551.89
Ro Khanna Democrat House CA,Apple Inc AAPL:US,AAPL,2026-03-12,2026-02-05,Spouse,15K–50K,32500.0,$275.91
Ro Khanna Democrat House CA,Thermo Fisher Scientific Inc TMO:US,TMO,2026-03-12,2026-02-05,Spouse,15K–50K,32500.0,$542.36
Ro Khanna Democrat House CA,Booking Holdings Inc BKNG:US,BKNG,2026-03-12,2026-02-05,Spouse,15K–50K,32500.0,"$4,443.42"
Ro Khanna Democrat House CA,Blackrock Inc BLK:US,BLK,2026-03-12,2026-02-05,Spouse,15K–50K,32500.0,"$1,054.80"
Ro Khanna Democrat House CA,Berkshire Hathaway Inc BRK/B:US,BRK/B,2026-03-12,2026-02-05,Spouse,15K–50K,32500.0,$503.89
Ro Khanna Democrat House CA,Visa Inc V:US,V,2026-03-12,2026-02-05,Spouse,15K–50K,32500.0,$329.13
Ro Khanna Democrat House CA,AbbVie Inc ABBV:US,ABBV,2026-03-12,2026-02-05,Spouse,15K–50K,32500.0,$219.02
Ro Khanna Democrat House CA,Intuitive Surgical Inc ISRG:US,ISRG,2026-03-12,2026-02-05,Spouse,15K–50K,32500.0,$476.32
Ro Khanna Democrat House CA,Lam Research Corp LRCX:US,LRCX,2026-03-12,2026-02-05,Spouse,15K–50K,32500.0,$213.31
Ro Khanna Democrat House CA,Blackstone Group Inc BX:US,BX,2026-03-12,2026-02-05,Spouse,15K–50K,32500.0,$126.83
Ro Khanna Democrat House CA,S&P Global Inc SPGI:US,SPGI,2026-03-12,2026-02-05,Spouse,15K–50K,32500.0,$451.71
Ro Khanna Democrat House CA,Uber Technologies Inc UBER:US,UBER,2026-03-12,2026-02-05,Spouse,15K–50K,32500.0,$75.21
Ro Khanna Democrat House CA,Visa Inc V:US,V,2026-03-12,2025-02-17,Spouse,15K–50K,32500.0,N/A
Ro Khanna Democrat House CA,Mastercard Inc MA:US,MA,2026-03-12,2026-02-17,Spouse,15K–50K,32500.0,$521.93
Ro Khanna Democrat House CA,Paychex Inc PAYX:US,PAYX,2026-03-12,2026-02-17,Spouse,15K–50K,32500.0,$93.27
Ro Khanna Democrat House CA,ServiceNow Inc NOW:US,NOW,2026-03-12,2026-02-17,Spouse,15K–50K,32500.0,$105.91
Ro Khanna Democrat House CA,The Progressive Corp PGR:US,PGR,2026-03-12,2026-02-17,Spouse,15K–50K,32500.0,$207.90
Ro Khanna Democrat House CA,Intuit Inc INTU:US,INTU,2026-03-12,2026-02-17,Spouse,15K–50K,32500.0,$379.17
Ro Khanna Democrat House CA,Adobe Inc ADBE:US,ADBE,2026-03-12,2026-02-17,Spouse,15K–50K,32500.0,$260.45
Ro Khanna Democrat House CA,Boston Scientific Corp BSX:US,BSX,2026-03-12,2026-02-17,Spouse,15K–50K,32500.0,$76.29
Ro Khanna Democrat House CA,T-Mobile US Inc TMUS:US,TMUS,2026-03-12,2026-02-17,Spouse,15K–50K,32500.0,$219.61
Ro Khanna Democrat House CA,Capital One Financial Corp COF:US,COF,2026-03-12,2026-02-02,Spouse,15K–50K,32500.0,N/A
Ro Khanna Democrat House CA,Citigroup Inc C:US,C,2026-03-12,2026-02-17,Child,15K–50K,32500.0,N/A
Ro Khanna Democrat House CA,JPMorgan Chase & Co JPM:US,JPM,2026-03-12,2026-02-18,Child,15K–50K,32500.0,N/A
Michael McCaul Republican House TX,Teradyne Inc TER:US,TER,2026-03-12,2026-02-04,Spouse,1K–15K,8000.0,$269.07
Michael McCaul Republican House TX,AUTODESK Inc ADSK:US,ADSK,2026-03-12,2026-02-27,Spouse,1K–15K,8000.0,$245.87
Michael McCaul Republican House TX,Intuit Inc INTU:US,INTU,2026-03-12,2026-02-17,Spouse,1K–15K,8000.0,$379.17
Michael McCaul Republican House TX,Netflix Inc NFLX:US,NFLX,2026-03-12,2026-02-17,Spouse,1K–15K,8000.0,$77.00
Michael McCaul Republican House TX,Meta Platforms Inc META:US,META,2026-03-12,2026-02-20,Spouse,1K–15K,8000.0,$655.66
Michael McCaul Republican House TX,Meta Platforms Inc META:US,META,2026-03-12,2026-02-11,Spouse,1K–15K,8000.0,$668.69
Michael McCaul Republican House TX,Oracle Corp ORCL:US,ORCL,2026-03-12,2026-02-11,Spouse,1K–15K,8000.0,$157.16
Michael McCaul Republican House TX,Intuit Inc INTU:US,INTU,2026-03-12,2026-02-05,Spouse,1K–15K,8000.0,$434.91
Michael McCaul Republican House TX,Netflix Inc NFLX:US,NFLX,2026-03-12,2026-02-05,Spouse,1K–15K,8000.0,$80.87
Michael McCaul Republican House TX,Oracle Corp ORCL:US,ORCL,2026-03-12,2026-02-27,Spouse,1K–15K,8000.0,$145.40
Michael McCaul Republican House TX,Netflix Inc NFLX:US,NFLX,2026-03-12,2026-02-27,Spouse,1K–15K,8000.0,$96.24
Ro Khanna Democrat House CA,Eaton Corp PLC ETN:US,ETN,2026-03-12,2026-02-06,Child,1K–15K,8000.0,$373.82
Ro Khanna Democrat House CA,Metlife Inc MET:US,MET,2026-03-12,2026-02-24,Child,1K–15K,8000.0,$75.34
Ro Khanna Democrat House CA,The Coca-Cola Co KO:US,KO,2026-03-12,2026-02-06,Child,1K–15K,8000.0,$79.03
Ro Khanna Democrat House CA,Ally Financial Inc ALLY:US,ALLY,2026-03-12,2026-02-12,Child,1K–15K,8000.0,N/A
Ro Khanna Democrat House CA,Eversource Energy ES:US,ES,2026-03-12,2026-02-23,Child,1K–15K,8000.0,N/A
Ro Khanna Democrat House CA,Johnson & Johnson JNJ:US,JNJ,2026-03-12,2026-02-06,Child,1K–15K,8000.0,N/A
Ro Khanna Democrat House CA,Old Dominion Freight Line Inc ODFL:US,ODFL,2026-03-12,2026-02-06,Child,1K–15K,8000.0,N/A
Ro Khanna Democrat House CA,Gartner Inc IT:US,IT,2026-03-12,2026-02-06,Child,1K–15K,8000.0,$156.33
Ro Khanna Democrat House CA,International Business Machines Corp IBM:US,IBM,2026-03-12,2026-02-24,Child,1K–15K,8000.0,$229.32
Ro Khanna Democrat House CA,T-Mobile US Inc TMUS:US,TMUS,2026-03-12,2026-02-24,Child,1K–15K,8000.0,$221.98
Ro Khanna Democrat House CA,Cadence Design Systems Inc CDNS:US,CDNS,2026-03-12,2026-02-24,Child,1K–15K,8000.0,$290.63
Ro Khanna Democrat House CA,Cigna Corp CI:US,CI,2026-03-12,2026-02-24,Child,1K–15K,8000.0,$281.00
Ro Khanna Democrat House CA,Take-Two Interactive Software Inc TTWO:US,TTWO,2026-03-12,2026-02-24,Child,1K–15K,8000.0,$204.19
Ro Khanna Democrat House CA,News Corp NWSA:US,NWSA,2026-03-12,2026-02-24,Child,1K–15K,8000.0,$23.18
Ro Khanna Democrat House CA,Airbnb Inc ABNB:US,ABNB,2026-03-12,2026-02-24,Child,1K–15K,8000.0,$125.66
Ro Khanna Democrat House CA,The Sherwin-Williams Co SHW:US,SHW,2026-03-12,2026-02-24,Child,1K–15K,8000.0,$364.73
Ro Khanna Democrat House CA,Broadridge Financial Solutions Inc BR:US,BR,2026-03-12,2026-02-24,Child,1K–15K,8000.0,$177.78
Ro Khanna Democrat House CA,Parker-Hannifin Corp PH:US,PH,2026-03-12,2026-02-24,Child,1K–15K,8000.0,"$1,023.02"
Ro Khanna Democrat House CA,Cognizant Technology Solutions Corp CTSH:US,CTSH,2026-03-12,2026-02-24,Child,1K–15K,8000.0,$61.06
Ro Khanna Democrat House CA,The Bank of New York Mellon Corp BK:US,BK,2026-03-12,2026-02-24,Child,1K–15K,8000.0,$116.55
Ro Khanna Democrat House CA,Coinbase Global Inc COIN:US,COIN,2026-03-12,2026-02-24,Child,1K–15K,8000.0,$162.03
Ro Khanna Democrat House CA,Union Pacific Corp UNP:US,UNP,2026-03-12,2026-02-24,Child,1K–15K,8000.0,$266.66
Ro Khanna Democrat House CA,Intercontinental Exchange Inc ICE:US,ICE,2026-03-12,2026-02-24,Child,1K–15K,8000.0,$155.36
Ro Khanna Democrat House CA,Meta Platforms Inc META:US,META,2026-03-12,2026-02-24,Child,1K–15K,8000.0,$639.30
Ro Khanna Democrat House CA,State Street Corporation STT:US,STT,2026-03-12,2026-02-24,Child,1K–15K,8000.0,$127.23
Ro Khanna Democrat House CA,PayPal Holdings Inc PYPL:US,PYPL,2026-03-12,2026-02-24,Child,1K–15K,8000.0,$47.02
Ro Khanna Democrat House CA,American International Group Inc AIG:US,AIG,2026-03-12,2026-02-24,Child,1K–15K,8000.0,$79.84
Ro Khanna Democrat House CA,The Progressive Corp PGR:US,PGR,2026-03-12,2026-02-24,Child,1K–15K,8000.0,$206.08
Ro Khanna Democrat House CA,Thermo Fisher Scientific Inc TMO:US,TMO,2026-03-12,2026-02-24,Child,1K–15K,8000.0,$515.60
Ro Khanna Democrat House CA,Costco Wholesale Corp COST:US,COST,2026-03-12,2026-02-24,Child,1K–15K,8000.0,$998.43
Ro Khanna Democrat House CA,McKesson Corp MCK:US,MCK,2026-03-12,2026-02-24,Child,1K–15K,8000.0,$957.36
Ro Khanna Democrat House CA,Palantir Technologies Inc PLTR:US,PLTR,2026-03-12,2026-02-24,Child,1K–15K,8000.0,$128.84
Ro Khanna Democrat House CA,Synopsys Inc SNPS:US,SNPS,2026-03-12,2026-02-24,Child,1K–15K,8000.0,$440.72
Ro Khanna Democrat House CA,PepsiCo Inc PEP:US,PEP,2026-03-12,2026-02-24,Child,1K–15K,8000.0,$169.54
Ro Khanna Democrat House CA,Paycom Software Inc PAYC:US,PAYC,2026-03-12,2026-02-24,Child,1K–15K,8000.0,$119.34
Ro Khanna Democrat House CA,F5 Inc FFIV:US,FFIV,2026-03-12,2026-02-24,Child,1K–15K,8000.0,$272.03
Ro Khanna Democrat House CA,Booking Holdings Inc BKNG:US,BKNG,2026-03-12,2026-02-24,Child,1K–15K,8000.0,"$4,068.56"
Ro Khanna Democrat House CA,Jacobs Engineering Group Inc J:US,J,2026-03-12,2026-02-24,Child,1K–15K,8000.0,$134.53
Ro Khanna Democrat House CA,Cincinnati Financial Corp CINF:US,CINF,2026-03-12,2026-02-24,Child,1K–15K,8000.0,$160.73
Ro Khanna Democrat House CA,Old Dominion Freight Line Inc ODFL:US,ODFL,2026-03-12,2026-02-24,Child,1K–15K,8000.0,$196.70
Ro Khanna Democrat House CA,CoStar Group Inc CSGP:US,CSGP,2026-03-12,2026-02-24,Child,1K–15K,8000.0,$49.15
Ro Khanna Democrat House CA,ROLLINS Inc ROL:US,ROL,2026-03-12,2026-02-24,Child,1K–15K,8000.0,$60.51
Ro Khanna Democrat House CA,Boston Properties Inc BXP:US,BXP,2026-03-12,2026-02-24,Child,1K–15K,8000.0,$59.50
Ro Khanna Democrat House CA,MGM Resorts International MGM:US,MGM,2026-03-12,2026-02-24,Child,1K–15K,8000.0,$35.05
Ro Khanna Democrat House CA,NVIDIA Corporation NVDA:US,NVDA,2026-03-12,2026-02-24,Child,1K–15K,8000.0,$192.85
Ro Khanna Democrat House CA,Synchrony Financial SYF:US,SYF,2026-03-12,2026-02-24,Child,1K–15K,8000.0,$70.77
Ro Khanna Democrat House CA,eBay Inc EBAY:US,EBAY,2026-03-12,2026-02-24,Child,1K–15K,8000.0,$85.30
Ro Khanna Democrat House CA,PTC Inc PTC:US,PTC,2026-03-12,2026-02-24,Child,1K–15K,8000.0,$153.57
Ro Khanna Democrat House CA,Microchip Technology Inc MCHP:US,MCHP,2026-03-12,2026-02-24,Child,1K–15K,8000.0,$75.93
Ro Khanna Democrat House CA,The Kroger Co KR:US,KR,2026-03-12,2026-02-24,Child,1K–15K,8000.0,$69.76
Ro Khanna Democrat House CA,AUTODESK Inc ADSK:US,ADSK,2026-03-12,2026-02-24,Child,1K–15K,8000.0,$220.91
Ro Khanna Democrat House CA,CDW Corp CDW:US,CDW,2026-03-12,2026-02-24,Child,1K–15K,8000.0,$125.53
Ro Khanna Democrat House CA,VICI Properties Inc VICI:US,VICI,2026-03-12,2026-02-24,Child,1K–15K,8000.0,$30.28
Ro Khanna Democrat House CA,Altria Group Inc MO:US,MO,2026-03-12,2026-02-24,Child,1K–15K,8000.0,$69.25
Ro Khanna Democrat House CA,Resmed Inc RMD:US,RMD,2026-03-12,2026-02-24,Child,1K–15K,8000.0,$251.63
Ro Khanna Democrat House CA,Ingersoll Rand Inc IR:US,IR,2026-03-12,2026-02-24,Child,1K–15K,8000.0,$94.64
Ro Khanna Democrat House CA,International Paper Co IP:US,IP,2026-03-12,2026-02-24,Child,1K–15K,8000.0,$44.02
Ro Khanna Democrat House CA,Corning Inc GLW:US,GLW,2026-03-12,2026-02-24,Child,1K–15K,8000.0,$151.59
Ro Khanna Democrat House CA,Morgan Stanley MS:US,MS,2026-03-12,2026-02-24,Child,1K–15K,8000.0,$168.79
Ro Khanna Democrat House CA,Molina Healthcare Inc MOH:US,MOH,2026-03-12,2026-02-24,Child,1K–15K,8000.0,$148.31
Ro Khanna Democrat House CA,Zebra Technologies Corp ZBRA:US,ZBRA,2026-03-12,2026-02-24,Child,1K–15K,8000.0,$235.83
Ro Khanna Democrat House CA,CrowdStrike Holdings Inc CRWD:US,CRWD,2026-03-12,2026-02-24,Child,1K–15K,8000.0,$350.25
Ro Khanna Democrat House CA,Universal Health Services Inc UHS:US,UHS,2026-03-12,2026-02-24,Child,1K–15K,8000.0,$229.98
Ro Khanna Democrat House CA,Applied Materials Inc AMAT:US,AMAT,2026-03-12,2026-02-24,Child,1K–15K,8000.0,$377.93
Ro Khanna Democrat House CA,The Hershey Co HSY:US,HSY,2026-03-12,2026-02-24,Child,1K–15K,8000.0,$230.21
Ro Khanna Democrat House CA,Broadcom Inc AVGO:US,AVGO,2026-03-12,2026-02-24,Child,1K–15K,8000.0,$325.49
Ro Khanna Democrat House CA,IDEXX Laboratories Inc IDXX:US,IDXX,2026-03-12,2026-02-24,Child,1K–15K,8000.0,$649.23
Ro Khanna Democrat House CA,Walmart Inc WMT:US,WMT,2026-03-12,2026-02-24,Child,1K–15K,8000.0,$126.75
Ro Khanna Democrat House CA,Philip Morris International Inc PM:US,PM,2026-03-12,2026-02-24,Child,1K–15K,8000.0,$187.00
Ro Khanna Democrat House CA,Arista Networks Inc ANET:US,ANET,2026-03-12,2026-02-24,Child,1K–15K,8000.0,$128.77
Ro Khanna Democrat House CA,Intuitive Surgical Inc ISRG:US,ISRG,2026-03-12,2026-02-24,Child,1K–15K,8000.0,$494.02
Ro Khanna Democrat House CA,Schwab (Charles) Corp SCHW:US,SCHW,2026-03-12,2026-02-24,Child,1K–15K,8000.0,$93.12
Ro Khanna Democrat House CA,Moody's Corp. MCO:US,MCO,2026-03-12,2026-02-05,Spouse,1K–15K,8000.0,$457.70
Ro Khanna Democrat House CA,Microchip Technology Inc MCHP:US,MCHP,2026-03-12,2026-02-05,Spouse,1K–15K,8000.0,$78.04
Ro Khanna Democrat House CA,QUALCOMM Inc QCOM:US,QCOM,2026-03-12,2026-02-05,Spouse,1K–15K,8000.0,$136.30
Ro Khanna Democrat House CA,CrowdStrike Holdings Inc CRWD:US,CRWD,2026-03-12,2026-02-05,Spouse,1K–15K,8000.0,$377.16
Ro Khanna Democrat House CA,Cognizant Technology Solutions Corp CTSH:US,CTSH,2026-03-12,2026-02-05,Spouse,1K–15K,8000.0,$76.84
Ro Khanna Democrat House CA,KLA Corp KLAC:US,KLAC,2026-03-12,2026-02-05,Spouse,1K–15K,8000.0,"$1,331.03"
Ro Khanna Democrat House CA,AUTODESK Inc ADSK:US,ADSK,2026-03-12,2026-02-05,Spouse,1K–15K,8000.0,$238.06
Ro Khanna Democrat House CA,Analog Devices Inc ADI:US,ADI,2026-03-12,2026-02-05,Spouse,1K–15K,8000.0,$322.12
Ro Khanna Democrat House CA,Berkshire Hathaway Inc BRK/B:US,BRK/B,2026-03-12,2026-02-06,Spouse,1K–15K,8000.0,$508.09
Ro Khanna Democrat House CA,The Walt Disney Co DIS:US,DIS,2026-03-12,2026-02-05,Spouse,1K–15K,8000.0,$104.97
Ro Khanna Democrat House CA,Bank of America Corp BAC:US,BAC,2026-03-12,2026-02-05,Spouse,1K–15K,8000.0,$54.94
Ro Khanna Democrat House CA,Aptiv PLC APTV:US,APTV,2026-03-12,2026-02-05,Spouse,1K–15K,8000.0,$79.72
Ro Khanna Democrat House CA,Palantir Technologies Inc PLTR:US,PLTR,2026-03-12,2026-02-05,Spouse,1K–15K,8000.0,$130.01
Ro Khanna Democrat House CA,Micron Technology Inc MU:US,MU,2026-03-12,2026-02-05,Spouse,1K–15K,8000.0,$382.89
Ro Khanna Democrat House CA,Gartner Inc IT:US,IT,2026-03-12,2026-02-09,Spouse,1K–15K,8000.0,$159.75
Ro Khanna Democrat House CA,Gartner Inc IT:US,IT,2026-03-12,2026-02-05,Spouse,1K–15K,8000.0,$152.03
Ro Khanna Democrat House CA,Gartner Inc IT:US,IT,2026-03-12,2026-02-05,Spouse,1K–15K,8000.0,$152.03
Ro Khanna Democrat House CA,Monolithic Power Systems Inc MPWR:US,MPWR,2026-03-12,2026-02-05,Spouse,1K–15K,8000.0,"$1,155.99"
Ro Khanna Democrat House CA,Starbucks Corp SBUX:US,SBUX,2026-03-12,2026-02-05,Spouse,1K–15K,8000.0,$96.07
Ro Khanna Democrat House CA,Gartner Inc IT:US,IT,2026-03-12,2026-02-06,Spouse,1K–15K,8000.0,$156.33
Ro Khanna Democrat House CA,Prologis Inc PLD:US,PLD,2026-03-12,2026-02-05,Spouse,1K–15K,8000.0,$136.14
Ro Khanna Democrat House CA,Teradyne Inc TER:US,TER,2026-03-12,2026-02-05,Spouse,1K–15K,8000.0,$271.13
Ro Khanna Democrat House CA,Blackstone Group Inc BX:US,BX,2026-03-12,2026-02-06,Spouse,1K–15K,8000.0,$129.69
Ro Khanna Democrat House CA,Gartner Inc IT:US,IT,2026-03-12,2026-02-06,Spouse,1K–15K,8000.0,$156.33
Ro Khanna Democrat House CA,Linde PLC LIN:US,LIN,2026-03-12,2026-02-05,Spouse,1K–15K,8000.0,$459.69
Ro Khanna Democrat House CA,FactSet Research Systems Inc FDS:US,FDS,2026-03-12,2026-02-03,Spouse,1K–15K,8000.0,$222.62
Ro Khanna Democrat House CA,Equinix Inc EQIX:US,EQIX,2026-03-12,2026-02-06,Spouse,1K–15K,8000.0,$848.12
Ro Khanna Democrat House CA,Equinix Inc EQIX:US,EQIX,2026-03-12,2026-02-05,Spouse,1K–15K,8000.0,$807.56
Ro Khanna Democrat House CA,Expedia Group Inc EXPE:US,EXPE,2026-03-12,2026-02-05,Spouse,1K–15K,8000.0,$231.30
Ro Khanna Democrat House CA,Lululemon Athletica Inc LULU:US,LULU,2026-03-12,2026-02-06,Spouse,1K–15K,8000.0,$172.85
Ro Khanna Democrat House CA,Keysight Technologies Inc KEYS:US,KEYS,2026-03-12,2026-02-05,Spouse,1K–15K,8000.0,$221.52
Ro Khanna Democrat House CA,3M Co MMM:US,MMM,2026-03-12,2026-02-05,Spouse,1K–15K,8000.0,$165.08
Ro Khanna Democrat House CA,Albemarle Corp ALB:US,ALB,2026-03-12,2026-02-05,Spouse,1K–15K,8000.0,$156.48
Ro Khanna Democrat House CA,The TJX Companies Inc TJX:US,TJX,2026-03-12,2026-02-05,Spouse,1K–15K,8000.0,$155.40
Ro Khanna Democrat House CA,Stanley Black & Decker Inc SWK:US,SWK,2026-03-12,2026-02-05,Spouse,1K–15K,8000.0,$85.57
Ro Khanna Democrat House CA,Starbucks Corp SBUX:US,SBUX,2026-03-12,2026-02-06,Spouse,1K–15K,8000.0,$99.45
Ro Khanna Democrat House CA,Bristol-Myers Squibb Co BMY:US,BMY,2026-03-12,2026-02-05,Spouse,1K–15K,8000.0,$59.52
Ro Khanna Democrat House CA,Synchrony Financial SYF:US,SYF,2026-03-12,2026-02-05,Spouse,1K–15K,8000.0,$73.99
Ro Khanna Democrat House CA,SUPER MICRO COMPUTER INC SMCI:US,SMCI,2026-03-12,2026-02-05,Spouse,1K–15K,8000.0,$30.85
Ro Khanna Democrat House CA,GE HEALTHCARE TECHNOLOGI INC GEHC:US,GEHC,2026-03-12,2026-02-05,Spouse,1K–15K,8000.0,$82.31
Ro Khanna Democrat House CA,Johnson & Johnson JNJ:US,JNJ,2026-03-12,2026-02-05,Spouse,1K–15K,8000.0,$237.79
Ro Khanna Democrat House CA,Air Products and Chemicals Inc APD:US,APD,2026-03-12,2026-02-06,Spouse,1K–15K,8000.0,$283.12
Ro Khanna Democrat House CA,Lowe's Cos Inc LOW:US,LOW,2026-03-12,2026-02-05,Spouse,1K–15K,8000.0,$274.89
Ro Khanna Democrat House CA,American Tower Corp AMT:US,AMT,2026-03-12,2026-02-06,Spouse,1K–15K,8000.0,$171.27
Ro Khanna Democrat House CA,Coinbase Global Inc COIN:US,COIN,2026-03-12,2026-02-06,Spouse,1K–15K,8000.0,$165.12
Ro Khanna Democrat House CA,CONSTELLATION ENE CORP CEG:US,CEG,2026-03-12,2026-02-05,Spouse,1K–15K,8000.0,$247.06
Ro Khanna Democrat House CA,Gartner Inc IT:US,IT,2026-03-12,2026-02-10,Spouse,1K–15K,8000.0,$159.89
Ro Khanna Democrat House CA,Coinbase Global Inc COIN:US,COIN,2026-03-12,2026-02-05,Spouse,1K–15K,8000.0,$146.12
Ro Khanna Democrat House CA,Advanced Micro Devices Inc AMD:US,AMD,2026-03-12,2026-02-05,Spouse,1K–15K,8000.0,$192.50
Ro Khanna Democrat House CA,Lululemon Athletica Inc LULU:US,LULU,2026-03-12,2026-02-05,Spouse,1K–15K,8000.0,$170.09
Ro Khanna Democrat House CA,Stryker Corp SYK:US,SYK,2026-03-12,2026-02-17,Spouse,1K–15K,8000.0,$369.18
Ro Khanna Democrat House CA,Fair Isaac Corporation FICO:US,FICO,2026-03-12,2026-02-17,Spouse,1K–15K,8000.0,"$1,351.60"
Ro Khanna Democrat House CA,Kimberly-Clark Corp KMB:US,KMB,2026-03-12,2026-02-17,Spouse,1K–15K,8000.0,$107.52
Ro Khanna Democrat House CA,Cigna Corp CI:US,CI,2026-03-12,2026-02-17,Spouse,1K–15K,8000.0,$290.71
Ro Khanna Democrat House CA,Oracle Corp ORCL:US,ORCL,2026-03-12,2026-02-17,Spouse,1K–15K,8000.0,$153.97
Ro Khanna Democrat House CA,Elevance Health Inc ELV:US,ELV,2026-03-12,2026-02-17,Spouse,1K–15K,8000.0,$344.78
Ro Khanna Democrat House CA,CrowdStrike Holdings Inc CRWD:US,CRWD,2026-03-12,2026-02-17,Spouse,1K–15K,8000.0,$414.29
Ro Khanna Democrat House CA,Aon PLC AON:US,AON,2026-03-12,2026-02-17,Spouse,1K–15K,8000.0,$325.96
Ro Khanna Democrat House CA,AT&T Inc T:US,T,2026-03-12,2026-02-17,Spouse,1K–15K,8000.0,$28.68
Ro Khanna Democrat House CA,Airbnb Inc ABNB:US,ABNB,2026-03-12,2026-02-17,Spouse,1K–15K,8000.0,$124.23
Ro Khanna Democrat House CA,Take-Two Interactive Software Inc TTWO:US,TTWO,2026-03-12,2026-02-17,Spouse,1K–15K,8000.0,$193.87
Ro Khanna Democrat House CA,Nike Inc NKE:US,NKE,2026-03-12,2026-02-17,Spouse,1K–15K,8000.0,$64.82
Ro Khanna Democrat House CA,Fortinet Inc FTNT:US,FTNT,2026-03-12,2026-02-17,Spouse,1K–15K,8000.0,$81.69
Ro Khanna Democrat House CA,Netflix Inc NFLX:US,NFLX,2026-03-12,2026-02-17,Spouse,1K–15K,8000.0,$77.00
Ro Khanna Democrat House CA,The Home Depot Inc HD:US,HD,2026-03-12,2026-02-17,Spouse,1K–15K,8000.0,$383.04
Ro Khanna Democrat House CA,Charter Communications Inc CHTR:US,CHTR,2026-03-12,2026-02-17,Spouse,1K–15K,8000.0,$237.01
Ro Khanna Democrat House CA,Zimmer Biomet Holdings Inc ZBH:US,ZBH,2026-03-12,2026-02-17,Spouse,1K–15K,8000.0,$97.15
Ro Khanna Democrat House CA,Starbucks Corp SBUX:US,SBUX,2026-03-12,2026-02-17,Spouse,1K–15K,8000.0,$95.39
Ro Khanna Democrat House CA,Cognizant Technology Solutions Corp CTSH:US,CTSH,2026-03-12,2026-02-17,Spouse,1K–15K,8000.0,$65.18
Ro Khanna Democrat House CA,Amcor PLC AMCR:US,AMCR,2026-03-12,2026-02-17,Spouse,1K–15K,8000.0,$49.56
Ro Khanna Democrat House CA,NortonLifeLock Inc GEN:US,GEN,2026-03-12,2026-02-17,Spouse,1K–15K,8000.0,$22.81
Ro Khanna Democrat House CA,Paycom Software Inc PAYC:US,PAYC,2026-03-12,2026-02-17,Spouse,1K–15K,8000.0,$122.32
Ro Khanna Democrat House CA,Equinix Inc EQIX:US,EQIX,2026-03-12,2026-02-17,Spouse,1K–15K,8000.0,$951.97
Ro Khanna Democrat House CA,Domino's Pizza Inc DPZ:US,DPZ,2026-03-12,2026-02-17,Spouse,1K–15K,8000.0,$373.50
Ro Khanna Democrat House CA,Lululemon Athletica Inc LULU:US,LULU,2026-03-12,2026-02-17,Spouse,1K–15K,8000.0,$177.72
Ro Khanna Democrat House CA,Coinbase Global Inc COIN:US,COIN,2026-03-12,2026-02-17,Spouse,1K–15K,8000.0,$166.02
Ro Khanna Democrat House CA,Baxter International Inc BAX:US,BAX,2026-03-12,2026-02-17,Spouse,1K–15K,8000.0,$20.74
Ro Khanna Democrat House CA,Fortive Corp FTV:US,FTV,2026-03-12,2026-02-17,Spouse,1K–15K,8000.0,$56.81
Ro Khanna Democrat House CA,GE HEALTHCARE TECHNOLOGI INC GEHC:US,GEHC,2026-03-12,2026-02-17,Spouse,1K–15K,8000.0,$81.61
Ro Khanna Democrat House CA,Alexandria Real Estate Equities Inc ARE:US,ARE,2026-03-12,2026-02-17,Spouse,1K–15K,8000.0,$54.41
Ro Khanna Democrat House CA,YUM BRANDS  Inc YUM:US,YUM,2026-03-12,2026-02-17,Spouse,1K–15K,8000.0,$161.19
Ro Khanna Democrat House CA,SUPER MICRO COMPUTER INC SMCI:US,SMCI,2026-03-12,2026-02-17,Spouse,1K–15K,8000.0,$30.11
Ro Khanna Democrat House CA,International Paper Co IP:US,IP,2026-03-12,2026-02-17,Spouse,1K–15K,8000.0,$49.05
Ro Khanna Democrat House CA,CoStar Group Inc CSGP:US,CSGP,2026-03-12,2026-02-17,Spouse,1K–15K,8000.0,$45.74
Ro Khanna Democrat House CA,DexCom Inc DXCM:US,DXCM,2026-03-12,2026-02-17,Spouse,1K–15K,8000.0,$70.43
Ro Khanna Democrat House CA,Metlife Inc MET:US,MET,2026-03-12,2026-02-24,Spouse,1K–15K,8000.0,N/A
Ro Khanna Democrat House CA,Eversource Energy ES:US,ES,2026-03-12,2026-02-23,Spouse,1K–15K,8000.0,N/A
Ro Khanna Democrat House CA,Applied Materials Inc AMAT:US,AMAT,2026-03-12,2026-02-19,Child,1K–15K,8000.0,$369.83
Ro Khanna Democrat House CA,CONSTELLATION ENE CORP CEG:US,CEG,2026-03-12,2026-02-19,Child,1K–15K,8000.0,$291.66
Rick Allen Republican House GA,Kinder Morgan Inc KMI:US,KMI,2026-03-12,2026-02-19,Spouse,1K–15K,8000.0,$32.54
April McClain Delaney Democrat House MD,C.H. Robinson Worldwide Inc CHRW:US,CHRW,2026-03-11,2026-02-13,Child,15K–50K,32500.0,$176.01
April McClain Delaney Democrat House MD,ROLLINS Inc ROL:US,ROL,2026-03-11,2026-02-13,Child,15K–50K,32500.0,$58.06
April McClain Delaney Democrat House MD,Brown & Brown Inc BRO:US,BRO,2026-03-11,2026-02-06,Child,1K–15K,8000.0,$73.78
April McClain Delaney Democrat House MD,C.H. Robinson Worldwide Inc CHRW:US,CHRW,2026-03-11,2026-02-06,Child,1K–15K,8000.0,$200.59
April McClain Delaney Democrat House MD,C.H. Robinson Worldwide Inc CHRW:US,CHRW,2026-03-11,2026-02-05,Child,1K–15K,8000.0,$197.44
April McClain Delaney Democrat House MD,C.H. Robinson Worldwide Inc CHRW:US,CHRW,2026-03-11,2026-02-09,Child,1K–15K,8000.0,$200.31
April McClain Delaney Democrat House MD,Laboratory Corp of America Holdings LH:US,LH,2026-03-11,2026-02-11,Child,1K–15K,8000.0,$289.89
April McClain Delaney Democrat House MD,Laboratory Corp of America Holdings LH:US,LH,2026-03-11,2026-02-04,Child,1K–15K,8000.0,$276.16
April McClain Delaney Democrat House MD,Nasdaq Inc NDAQ:US,NDAQ,2026-03-11,2026-02-27,Child,1K–15K,8000.0,$87.58
April McClain Delaney Democrat House MD,ROLLINS Inc ROL:US,ROL,2026-03-11,2026-02-20,Child,1K–15K,8000.0,$61.35
April McClain Delaney Democrat House MD,ROLLINS Inc ROL:US,ROL,2026-03-11,2026-02-18,Child,1K–15K,8000.0,$60.25
April McClain Delaney Democrat House MD,Steris PLC STE:US,STE,2026-03-11,2026-02-06,Child,1K–15K,8000.0,$252.16
April McClain Delaney Democrat House MD,Tractor Supply Co TSCO:US,TSCO,2026-03-11,2026-02-10,Child,1K–15K,8000.0,$54.05
Markwayne Mullin Republican Senate OK,Unitedhealth Group Inc UNH:US,UNH,2026-03-10,2026-02-25,Joint,50K–100K,75000.0,$284.20
Gil Cisneros Democrat House CA,Alibaba Group Holding Ltd BABA:US,BABA,2026-03-10,2026-02-09,Undisclosed,50K–100K,75000.0,$163.00
Gil Cisneros Democrat House CA,Exxon Mobil Corp XOM:US,XOM,2026-03-10,2026-02-10,Undisclosed,50K–100K,75000.0,$151.59
Gil Cisneros Democrat House CA,Chevron Corp CVX:US,CVX,2026-03-10,2026-02-10,Undisclosed,15K–50K,32500.0,$182.26
Gil Cisneros Democrat House CA,EOG Resources Inc EOG:US,EOG,2026-03-10,2026-02-10,Undisclosed,15K–50K,32500.0,$112.70
Gil Cisneros Democrat House CA,Advanced Micro Devices Inc AMD:US,AMD,2026-03-10,2026-02-10,Undisclosed,1K–15K,8000.0,$213.57
Gil Cisneros Democrat House CA,Amazon.com Inc AMZN:US,AMZN,2026-03-10,2026-02-10,Undisclosed,1K–15K,8000.0,$206.96
Gil Cisneros Democrat House CA,Boston Scientific Corp BSX:US,BSX,2026-03-10,2026-02-10,Undisclosed,1K–15K,8000.0,$74.25
Gil Cisneros Democrat House CA,Conagra Brands Inc CAG:US,CAG,2026-03-10,2026-02-10,Undisclosed,1K–15K,8000.0,$19.33
Gil Cisneros Democrat House CA,ConocoPhillips COP:US,COP,2026-03-10,2026-02-10,Undisclosed,1K–15K,8000.0,$107.50
Gil Cisneros Democrat House CA,Coterra Energy Inc CTRA:US,CTRA,2026-03-10,2026-02-10,Undisclosed,1K–15K,8000.0,$30.56
Gil Cisneros Democrat House CA,Domino's Pizza Inc DPZ:US,DPZ,2026-03-10,2026-02-10,Undisclosed,1K–15K,8000.0,$389.73
Gil Cisneros Democrat House CA,EQT Corp EQT:US,EQT,2026-03-10,2026-02-10,Undisclosed,1K–15K,8000.0,$55.39
Gil Cisneros Democrat House CA,Illumina Inc ILMN:US,ILMN,2026-03-10,2026-02-10,Undisclosed,1K–15K,8000.0,$119.32
Gil Cisneros Democrat House CA,KENVUE INC KVUE:US,KVUE,2026-03-10,2026-02-10,Undisclosed,1K–15K,8000.0,$18.32
Gil Cisneros Democrat House CA,Kinder Morgan Inc KMI:US,KMI,2026-03-10,2026-02-10,Undisclosed,1K–15K,8000.0,$31.01
Gil Cisneros Democrat House CA,Micron Technology Inc MU:US,MU,2026-03-10,2026-02-24,Undisclosed,1K–15K,8000.0,$418.01
Gil Cisneros Democrat House CA,Occidental Petroleum Corp OXY:US,OXY,2026-03-10,2026-02-10,Undisclosed,1K–15K,8000.0,$46.27
Gil Cisneros Democrat House CA,ONEOK Inc OKE:US,OKE,2026-03-10,2026-02-10,Undisclosed,1K–15K,8000.0,$83.46
Gil Cisneros Democrat House CA,Pfizer Inc PFE:US,PFE,2026-03-10,2026-02-10,Undisclosed,1K–15K,8000.0,$27.61
Gil Cisneros Democrat House CA,Steris PLC STE:US,STE,2026-03-10,2026-02-10,Undisclosed,1K–15K,8000.0,$244.67
Gil Cisneros Democrat House CA,Targa Resources Corp TRGP:US,TRGP,2026-03-10,2026-02-10,Undisclosed,1K–15K,8000.0,$217.06
Gil Cisneros Democrat House CA,TE Connectivity Ltd TEL:US,TEL,2026-03-10,2026-02-12,Undisclosed,1K–15K,8000.0,$225.44
Gil Cisneros Democrat House CA,Verisign Inc VRSN:US,VRSN,2026-03-10,2026-02-10,Undisclosed,1K–15K,8000.0,$220.08
Gil Cisneros Democrat House CA,VERISK ANALYTICS Inc VRSK:US,VRSK,2026-03-10,2026-02-10,Undisclosed,1K–15K,8000.0,$169.47
Gil Cisneros Democrat House CA,The Williams Cos Inc WMB:US,WMB,2026-03-10,2026-02-10,Undisclosed,1K–15K,8000.0,$68.84
Gil Cisneros Democrat House CA,Zoetis Inc ZTS:US,ZTS,2026-03-10,2026-02-10,Undisclosed,1K–15K,8000.0,$128.13
David Taylor Republican House OH,Alphabet Inc GOOGL:US,GOOGL,2026-03-09,2026-02-26,Undisclosed,1K–15K,8000.0,$307.38
David Taylor Republican House OH,Amazon.com Inc AMZN:US,AMZN,2026-03-09,2026-02-26,Undisclosed,1K–15K,8000.0,$207.92
David Taylor Republican House OH,Broadcom Inc AVGO:US,AVGO,2026-03-09,2026-02-26,Undisclosed,1K–15K,8000.0,$321.70
David Taylor Republican House OH,Eli Lilly and Co LLY:US,LLY,2026-03-09,2026-02-26,Undisclosed,1K–15K,8000.0,"$1,022.02"
David Taylor Republican House OH,Microsoft Corp MSFT:US,MSFT,2026-03-09,2026-02-26,Undisclosed,1K–15K,8000.0,$401.72
David Taylor Republican House OH,Visa Inc V:US,V,2026-03-09,2026-02-26,Undisclosed,1K–15K,8000.0,$316.70
Byron Donalds Republican House FL,ServiceNow Inc NOW:US,NOW,2026-03-09,2026-02-10,Undisclosed,1K–15K,8000.0,$106.48
Byron Donalds Republican House FL,ServiceNow Inc NOW:US,NOW,2026-03-09,2026-02-10,Spouse,1K–15K,8000.0,$106.48
John Boozman Republican Senate AR,Uber Technologies Inc UBER:US,UBER,2026-03-06,2026-02-06,Joint,1K–15K,8000.0,$74.77
John Boozman Republican Senate AR,NetApp Inc NTAP:US,NTAP,2026-03-06,2026-02-27,Joint,1K–15K,8000.0,$99.03
John Boozman Republican Senate AR,Microsoft Corp MSFT:US,MSFT,2026-03-06,2026-02-13,Joint,1K–15K,8000.0,$401.32
John Boozman Republican Senate AR,The Kroger Co KR:US,KR,2026-03-06,2026-02-26,Joint,1K–15K,8000.0,$67.18
Lloyd Doggett Democrat House TX,The Procter & Gamble Co PG:US,PG,2026-03-06,2026-02-17,Undisclosed,1K–15K,8000.0,$159.55
Shelley Moore Capito Republican Senate WV,Broadcom Inc AVGO:US,AVGO,2026-03-04,2026-02-09,Spouse,1K–15K,8000.0,$343.94
Shelley Moore Capito Republican Senate WV,Alphabet Inc GOOGL:US,GOOGL,2026-03-04,2026-02-09,Spouse,1K–15K,8000.0,$324.40
Markwayne Mullin Republican Senate OK,Monolithic Power Systems Inc MPWR:US,MPWR,2026-03-02,2026-02-04,Joint,15K–50K,32500.0,"$1,136.83"
Markwayne Mullin Republican Senate OK,McKesson Corp MCK:US,MCK,2026-03-02,2026-02-04,Joint,15K–50K,32500.0,$822.00
Markwayne Mullin Republican Senate OK,Citigroup Inc C:US,C,2026-03-02,2026-02-04,Joint,15K–50K,32500.0,$117.43
Markwayne Mullin Republican Senate OK,Adobe Inc ADBE:US,ADBE,2026-03-02,2026-02-04,Joint,15K–50K,32500.0,$279.71
Josh Gottheimer Democrat House NJ,Gilead Sciences Inc GILD:US,GILD,2026-02-27,2026-01-27,Joint,1K–15K,8000.0,$140.97
Josh Gottheimer Democrat House NJ,Intercontinental Exchange Inc ICE:US,ICE,2026-02-27,2026-01-26,Joint,1K–15K,8000.0,$175.10
Cleo Fields Democrat House LA,Alphabet Inc GOOGL:US,GOOGL,2026-02-25,2026-02-03,Undisclosed,100K–250K,175000.0,$339.71
Cleo Fields Democrat House LA,Meta Platforms Inc META:US,META,2026-02-25,2026-02-03,Undisclosed,100K–250K,175000.0,$691.70
Cleo Fields Democrat House LA,Micron Technology Inc MU:US,MU,2026-02-25,2026-02-03,Undisclosed,100K–250K,175000.0,$419.44
Cleo Fields Democrat House LA,Advanced Micro Devices Inc AMD:US,AMD,2026-02-25,2026-02-03,Undisclosed,50K–100K,75000.0,$242.11
Cleo Fields Democrat House LA,Lam Research Corp LRCX:US,LRCX,2026-02-25,2026-02-03,Undisclosed,15K–50K,32500.0,$230.10
Cleo Fields Democrat House LA,Apple Inc AAPL:US,AAPL,2026-02-25,2026-02-12,Undisclosed,1K–15K,8000.0,$261.73
Jonathan Jackson Democrat House IL,Walmart Inc WMT:US,WMT,2026-02-24,2026-01-13,Joint,50K–100K,75000.0,$120.36
Jonathan Jackson Democrat House IL,Citigroup Inc C:US,C,2026-02-24,2026-01-30,Joint,15K–50K,32500.0,$115.71
Jonathan Jackson Democrat House IL,GE VERNOVA INC GEV:US,GEV,2026-02-24,2026-01-30,Joint,15K–50K,32500.0,$726.37
Jonathan Jackson Democrat House IL,JPMorgan Chase & Co JPM:US,JPM,2026-02-24,2026-01-20,Spouse,1K–15K,8000.0,$302.74
David Taylor Republican House OH,Amazon.com Inc AMZN:US,AMZN,2026-02-23,2026-02-09,Undisclosed,1K–15K,8000.0,$208.72
David Taylor Republican House OH,Microsoft Corp MSFT:US,MSFT,2026-02-23,2026-02-09,Undisclosed,1K–15K,8000.0,$413.60
David Taylor Republican House OH,The Procter & Gamble Co PG:US,PG,2026-02-23,2026-02-09,Undisclosed,1K–15K,8000.0,$157.33
David Taylor Republican House OH,The Progressive Corp PGR:US,PGR,2026-02-23,2026-02-10,Undisclosed,1K–15K,8000.0,$202.60
David Taylor Republican House OH,salesforce.com Inc CRM:US,CRM,2026-02-23,2026-02-09,Undisclosed,1K–15K,8000.0,$194.03
David Taylor Republican House OH,Visa Inc V:US,V,2026-02-23,2026-02-09,Undisclosed,1K–15K,8000.0,$325.58
Thomas Kean Jr Republican House NJ,Abbott Laboratories ABT:US,ABT,2026-02-20,2026-01-29,Undisclosed,1K–15K,8000.0,$106.09
Rick Allen Republican House GA,S&P Global Inc SPGI:US,SPGI,2026-02-18,2026-01-14,Spouse,15K–50K,32500.0,$545.00
Gil Cisneros Democrat House CA,General Electric Co GE:US,GE,2026-02-16,2026-01-09,Undisclosed,15K–50K,32500.0,$321.59
Gil Cisneros Democrat House CA,Alibaba Group Holding Ltd BABA:US,BABA,2026-02-16,2026-02-03,Undisclosed,1K–15K,8000.0,$163.65
Gil Cisneros Democrat House CA,Amazon.com Inc AMZN:US,AMZN,2026-02-16,2026-01-30,Undisclosed,1K–15K,8000.0,$239.30
Gil Cisneros Democrat House CA,AMETEK Inc AME:US,AME,2026-02-16,2026-01-09,Undisclosed,1K–15K,8000.0,$210.64
Gil Cisneros Democrat House CA,Arista Networks Inc ANET:US,ANET,2026-02-16,2026-01-30,Undisclosed,1K–15K,8000.0,$141.74
Gil Cisneros Democrat House CA,AutoZone Inc AZO:US,AZO,2026-02-16,2026-01-30,Undisclosed,1K–15K,8000.0,"$3,704.29"
Gil Cisneros Democrat House CA,Biogen Inc BIIB:US,BIIB,2026-02-16,2026-01-30,Undisclosed,1K–15K,8000.0,$179.89
Gil Cisneros Democrat House CA,Boston Scientific Corp BSX:US,BSX,2026-02-16,2026-01-30,Undisclosed,1K–15K,8000.0,$93.53
Gil Cisneros Democrat House CA,Capital One Financial Corp COF:US,COF,2026-02-16,2026-01-09,Undisclosed,1K–15K,8000.0,$249.20
Gil Cisneros Democrat House CA,CF Industries Holdings Inc CF:US,CF,2026-02-16,2026-01-09,Undisclosed,1K–15K,8000.0,$82.60
Gil Cisneros Democrat House CA,Schwab (Charles) Corp SCHW:US,SCHW,2026-02-16,2026-01-09,Undisclosed,1K–15K,8000.0,$100.17
Gil Cisneros Democrat House CA,Chubb Ltd CB:US,CB,2026-02-16,2026-01-09,Undisclosed,1K–15K,8000.0,$306.81
Gil Cisneros Democrat House CA,Cisco Systems Inc CSCO:US,CSCO,2026-02-16,2026-01-09,Undisclosed,1K–15K,8000.0,$73.88
Gil Cisneros Democrat House CA,CME Group Inc CME:US,CME,2026-02-16,2026-01-09,Undisclosed,1K–15K,8000.0,$262.45
Gil Cisneros Democrat House CA,Coinbase Global Inc COIN:US,COIN,2026-02-16,2026-01-30,Undisclosed,1K–15K,8000.0,$194.74
Gil Cisneros Democrat House CA,Comcast Corp CMCSA:US,CMCSA,2026-02-16,2026-01-09,Undisclosed,1K–15K,8000.0,$28.37
Gil Cisneros Democrat House CA,CoStar Group Inc CSGP:US,CSGP,2026-02-16,2026-01-28,Undisclosed,1K–15K,8000.0,$65.20
Gil Cisneros Democrat House CA,Costco Wholesale Corp COST:US,COST,2026-02-16,2026-01-30,Undisclosed,1K–15K,8000.0,$940.25
Gil Cisneros Democrat House CA,DuPont  De Nemours Inc DD:US,DD,2026-02-16,2026-01-09,Undisclosed,1K–15K,8000.0,$43.81
Gil Cisneros Democrat House CA,Eaton Corp PLC ETN:US,ETN,2026-02-16,2026-01-30,Undisclosed,1K–15K,8000.0,$351.42
Gil Cisneros Democrat House CA,FedEx Corp FDX:US,FDX,2026-02-16,2026-01-09,Undisclosed,1K–15K,8000.0,$312.36
Gil Cisneros Democrat House CA,First Solar Inc FSLR:US,FSLR,2026-02-16,2026-01-09,Undisclosed,1K–15K,8000.0,$238.66
Gil Cisneros Democrat House CA,GE VERNOVA INC GEV:US,GEV,2026-02-16,2026-01-09,Undisclosed,1K–15K,8000.0,$622.50
Gil Cisneros Democrat House CA,General Dynamics Corp GD:US,GD,2026-02-16,2026-01-09,Undisclosed,1K–15K,8000.0,$353.89
Gil Cisneros Democrat House CA,The Home Depot Inc HD:US,HD,2026-02-16,2026-01-30,Undisclosed,1K–15K,8000.0,$374.59
Gil Cisneros Democrat House CA,Host Hotels & Resorts Inc HST:US,HST,2026-02-16,2026-01-09,Undisclosed,1K–15K,8000.0,$18.44
Gil Cisneros Democrat House CA,Intel Corp INTC:US,INTC,2026-02-16,2026-01-09,Undisclosed,1K–15K,8000.0,$45.55
Gil Cisneros Democrat House CA,Intuitive Surgical Inc ISRG:US,ISRG,2026-02-16,2026-01-30,Undisclosed,1K–15K,8000.0,$504.22
Gil Cisneros Democrat House CA,Invesco Ltd IVZ:US,IVZ,2026-02-16,2026-01-09,Undisclosed,1K–15K,8000.0,$28.57
Gil Cisneros Democrat House CA,KeyCorp KEY:US,KEY,2026-02-16,2026-01-09,Undisclosed,1K–15K,8000.0,$21.19
Gil Cisneros Democrat House CA,Linde PLC LIN:US,LIN,2026-02-16,2026-01-09,Undisclosed,1K–15K,8000.0,$444.08
Gil Cisneros Democrat House CA,LyondellBasell Industries NV LYB:US,LYB,2026-02-16,2026-01-09,Undisclosed,1K–15K,8000.0,$48.71
Gil Cisneros Democrat House CA,Meta Platforms Inc META:US,META,2026-02-16,2026-01-30,Undisclosed,1K–15K,8000.0,$716.50
Gil Cisneros Democrat House CA,The Mosaic Company MOS:US,MOS,2026-02-16,2026-01-09,Undisclosed,1K–15K,8000.0,$25.98
Gil Cisneros Democrat House CA,NVIDIA Corporation NVDA:US,NVDA,2026-02-16,2026-01-30,Undisclosed,1K–15K,8000.0,$191.13
Gil Cisneros Democrat House CA,Oracle Corp ORCL:US,ORCL,2026-02-16,2026-01-30,Undisclosed,1K–15K,8000.0,$164.58
Gil Cisneros Democrat House CA,Palantir Technologies Inc PLTR:US,PLTR,2026-02-16,2026-01-09,Undisclosed,1K–15K,8000.0,$177.49
Gil Cisneros Democrat House CA,The Progressive Corp PGR:US,PGR,2026-02-16,2026-01-09,Undisclosed,1K–15K,8000.0,$215.16
Gil Cisneros Democrat House CA,Prudential Financial Inc PRU:US,PRU,2026-02-16,2026-01-09,Undisclosed,1K–15K,8000.0,$118.08
Gil Cisneros Democrat House CA,PTC Inc PTC:US,PTC,2026-02-16,2026-01-28,Undisclosed,1K–15K,8000.0,$161.91
Gil Cisneros Democrat House CA,Quanta Services Inc PWR:US,PWR,2026-02-16,2026-01-30,Undisclosed,1K–15K,8000.0,$474.63
Gil Cisneros Democrat House CA,Regency Centers Corp REG:US,REG,2026-02-16,2026-01-09,Undisclosed,1K–15K,8000.0,$69.72
Gil Cisneros Democrat House CA,RTX Corp RTX:US,RTX,2026-02-16,2026-01-09,Undisclosed,1K–15K,8000.0,$188.50
Gil Cisneros Democrat House CA,Skyworks Solutions Inc SWKS:US,SWKS,2026-02-16,2026-01-09,Undisclosed,1K–15K,8000.0,$60.17
Gil Cisneros Democrat House CA,Steel Dynamics Inc STLD:US,STLD,2026-02-16,2026-01-09,Undisclosed,1K–15K,8000.0,$169.27
Gil Cisneros Democrat House CA,Tesla Inc TSLA:US,TSLA,2026-02-16,2026-01-09,Undisclosed,1K–15K,8000.0,$445.01
Gil Cisneros Democrat House CA,TransDigm Group Inc TDG:US,TDG,2026-02-16,2026-01-30,Undisclosed,1K–15K,8000.0,"$1,427.54"
Gil Cisneros Democrat House CA,United Parcel Service Inc UPS:US,UPS,2026-02-16,2026-01-09,Undisclosed,1K–15K,8000.0,$108.06
Gil Cisneros Democrat House CA,VICI Properties Inc VICI:US,VICI,2026-02-16,2026-01-09,Undisclosed,1K–15K,8000.0,$27.76
Gil Cisneros Democrat House CA,The Walt Disney Co DIS:US,DIS,2026-02-16,2026-01-09,Undisclosed,1K–15K,8000.0,$115.88
Gil Cisneros Democrat House CA,Warner Bros Discover Inc WBD:US,WBD,2026-02-16,2026-01-09,Undisclosed,1K–15K,8000.0,$28.89
John Boozman Republican Senate AR,Visa Inc V:US,V,2026-02-15,2026-01-15,Joint,1K–15K,8000.0,$327.75
John Boozman Republican Senate AR,PayPal Holdings Inc PYPL:US,PYPL,2026-02-15,2026-01-29,Joint,1K–15K,8000.0,$53.11
John Boozman Republican Senate AR,Netflix Inc NFLX:US,NFLX,2026-02-15,2026-01-08,Joint,1K–15K,8000.0,$90.53
John Boozman Republican Senate AR,Exxon Mobil Corp XOM:US,XOM,2026-02-15,2026-01-08,Joint,1K–15K,8000.0,$122.91
John Boozman Republican Senate AR,Eaton Corp PLC ETN:US,ETN,2026-02-15,2026-01-29,Joint,1K–15K,8000.0,$354.37
John Boozman Republican Senate AR,The Walt Disney Co DIS:US,DIS,2026-02-15,2026-01-08,Joint,1K–15K,8000.0,$114.17
John Boozman Republican Senate AR,DexCom Inc DXCM:US,DXCM,2026-02-15,2026-01-26,Joint,1K–15K,8000.0,$73.34
John Boozman Republican Senate AR,CVS Health Corp CVS:US,CVS,2026-02-15,2026-01-29,Joint,1K–15K,8000.0,$74.44
John Boozman Republican Senate AR,Caterpillar Inc CAT:US,CAT,2026-02-15,2026-01-29,Joint,1K–15K,8000.0,$665.24
John Boozman Republican Senate AR,Apple Inc AAPL:US,AAPL,2026-02-15,2026-01-15,Joint,1K–15K,8000.0,$258.21
Michael McCaul Republican House TX,International Flavors & Fragrances Inc IFF:US,IFF,2026-02-12,2026-01-13,Spouse,100K–250K,175000.0,$69.61
Michael McCaul Republican House TX,International Flavors & Fragrances Inc IFF:US,IFF,2026-02-12,2026-01-15,Spouse,50K–100K,75000.0,$70.83
Michael McCaul Republican House TX,Baxter International Inc BAX:US,BAX,2026-02-12,2026-01-13,Spouse,50K–100K,75000.0,$19.65
Michael McCaul Republican House TX,Netflix Inc NFLX:US,NFLX,2026-02-12,2026-01-30,Spouse,15K–50K,32500.0,$83.49
Michael McCaul Republican House TX,Genuine Parts Co GPC:US,GPC,2026-02-12,2026-01-08,Spouse,15K–50K,32500.0,$126.73
Michael McCaul Republican House TX,Intuit Inc INTU:US,INTU,2026-02-12,2026-01-30,Spouse,1K–15K,8000.0,$498.92
Michael McCaul Republican House TX,Microsoft Corp MSFT:US,MSFT,2026-02-12,2026-01-30,Spouse,1K–15K,8000.0,$430.29
Michael McCaul Republican House TX,Comcast Corp CMCSA:US,CMCSA,2026-02-12,2026-01-13,Spouse,1K–15K,8000.0,$28.48
John McGuire Republican House VA,Microsoft Corp MSFT:US,MSFT,2026-02-11,2026-01-21,Spouse,1K–15K,8000.0,$444.11
John McGuire Republican House VA,NVIDIA Corporation NVDA:US,NVDA,2026-02-11,2026-01-30,Spouse,1K–15K,8000.0,$191.13
Ro Khanna Democrat House CA,NVIDIA Corporation NVDA:US,NVDA,2026-02-10,2026-01-29,Spouse,500K–1M,750000.0,$192.51
Ro Khanna Democrat House CA,Microchip Technology Inc MCHP:US,MCHP,2026-02-10,2026-01-23,Child,15K–50K,32500.0,$74.71
Ro Khanna Democrat House CA,Amazon.com Inc AMZN:US,AMZN,2026-02-10,2026-01-23,Child,15K–50K,32500.0,$239.16
Ro Khanna Democrat House CA,Apple Inc AAPL:US,AAPL,2026-02-10,2026-01-23,Child,15K–50K,32500.0,$248.04
Ro Khanna Democrat House CA,Alphabet Inc GOOGL:US,GOOGL,2026-02-10,2026-01-23,Child,15K–50K,32500.0,$327.93
Ro Khanna Democrat House CA,Johnson & Johnson JNJ:US,JNJ,2026-02-10,2026-01-23,Child,15K–50K,32500.0,$220.14
Ro Khanna Democrat House CA,Boston Scientific Corp BSX:US,BSX,2026-02-10,2026-01-23,Child,15K–50K,32500.0,$92.51
Ro Khanna Democrat House CA,Applied Materials Inc AMAT:US,AMAT,2026-02-10,2026-01-23,Child,15K–50K,32500.0,$322.38
Ro Khanna Democrat House CA,The Walt Disney Co DIS:US,DIS,2026-02-10,2026-01-06,Child,15K–50K,32500.0,$114.57
Ro Khanna Democrat House CA,QUALCOMM Inc QCOM:US,QCOM,2026-02-10,2026-01-23,Child,15K–50K,32500.0,$155.82
Ro Khanna Democrat House CA,The Procter & Gamble Co PG:US,PG,2026-02-10,2026-01-06,Child,15K–50K,32500.0,$139.91
Ro Khanna Democrat House CA,American Electric Power Co Inc AEP:US,AEP,2026-02-10,2026-01-29,Spouse,15K–50K,32500.0,$119.21
Ro Khanna Democrat House CA,Amazon.com Inc AMZN:US,AMZN,2026-02-10,2026-01-29,Spouse,15K–50K,32500.0,$241.73
Ro Khanna Democrat House CA,Cisco Systems Inc CSCO:US,CSCO,2026-02-10,2026-01-29,Spouse,15K–50K,32500.0,$78.43
Ro Khanna Democrat House CA,Costco Wholesale Corp COST:US,COST,2026-02-10,2026-01-29,Spouse,15K–50K,32500.0,$952.89
Ro Khanna Democrat House CA,Amgen Inc AMGN:US,AMGN,2026-02-10,2026-01-29,Spouse,15K–50K,32500.0,$342.94
Ro Khanna Democrat House CA,Palantir Technologies Inc PLTR:US,PLTR,2026-02-10,2026-01-29,Spouse,15K–50K,32500.0,$151.86
Ro Khanna Democrat House CA,CME Group Inc CME:US,CME,2026-02-10,2026-01-29,Spouse,15K–50K,32500.0,$289.83
Ro Khanna Democrat House CA,Broadcom Inc AVGO:US,AVGO,2026-02-10,2026-01-29,Spouse,15K–50K,32500.0,$330.73
Ro Khanna Democrat House CA,International Business Machines Corp IBM:US,IBM,2026-02-10,2026-01-29,Spouse,15K–50K,32500.0,$309.24
Ro Khanna Democrat House CA,Becton Dickinson and Co BDX:US,BDX,2026-02-10,2026-01-29,Spouse,15K–50K,32500.0,$201.09
Ro Khanna Democrat House CA,Morgan Stanley MS:US,MS,2026-02-10,2026-01-29,Spouse,15K–50K,32500.0,$182.40
Ro Khanna Democrat House CA,Walmart Inc WMT:US,WMT,2026-02-10,2026-01-29,Spouse,15K–50K,32500.0,$117.41
Ro Khanna Democrat House CA,Consolidated Edison Inc ED:US,ED,2026-02-10,2026-01-29,Spouse,15K–50K,32500.0,$105.96
Ro Khanna Democrat House CA,Xcel Energy Inc XEL:US,XEL,2026-02-10,2026-01-29,Spouse,15K–50K,32500.0,$75.97
Ro Khanna Democrat House CA,JPMorgan Chase & Co JPM:US,JPM,2026-02-10,2026-01-29,Spouse,15K–50K,32500.0,$306.42
Ro Khanna Democrat House CA,Arthur J. Gallagher & Co AJG:US,AJG,2026-02-10,2026-01-29,Spouse,15K–50K,32500.0,$245.84
Ro Khanna Democrat House CA,Republic Services Inc RSG:US,RSG,2026-02-10,2026-01-29,Spouse,15K–50K,32500.0,$214.75
Ro Khanna Democrat House CA,Ameren Corporation AEE:US,AEE,2026-02-10,2026-01-29,Spouse,15K–50K,32500.0,$103.77
Ro Khanna Democrat House CA,General Mills Inc GIS:US,GIS,2026-02-10,2026-01-29,Spouse,15K–50K,32500.0,$44.43
Ro Khanna Democrat House CA,Ameriprise Financial Inc AMP:US,AMP,2026-02-10,2026-01-29,Spouse,15K–50K,32500.0,$521.36
Ro Khanna Democrat House CA,Otis Worldwide Corp OTIS:US,OTIS,2026-02-10,2026-01-29,Spouse,15K–50K,32500.0,$87.16
Ro Khanna Democrat House CA,AMETEK Inc AME:US,AME,2026-02-10,2026-01-29,Spouse,15K–50K,32500.0,$226.62
Ro Khanna Democrat House CA,Eli Lilly and Co LLY:US,LLY,2026-02-10,2026-01-29,Spouse,15K–50K,32500.0,"$1,024.14"
Ro Khanna Democrat House CA,AT&T Inc T:US,T,2026-02-10,2026-01-29,Spouse,15K–50K,32500.0,$25.13
Ro Khanna Democrat House CA,Cigna Corp CI:US,CI,2026-02-10,2026-01-29,Spouse,15K–50K,32500.0,$271.27
Ro Khanna Democrat House CA,Paychex Inc PAYX:US,PAYX,2026-02-10,2026-01-29,Spouse,15K–50K,32500.0,$102.23
Ro Khanna Democrat House CA,American Express Co AXP:US,AXP,2026-02-10,2026-01-29,Spouse,15K–50K,32500.0,$358.50
Ro Khanna Democrat House CA,O'Reilly Automotive Inc ORLY:US,ORLY,2026-02-10,2026-01-29,Spouse,15K–50K,32500.0,$98.85
Ro Khanna Democrat House CA,Old Dominion Freight Line Inc ODFL:US,ODFL,2026-02-10,2026-01-29,Spouse,15K–50K,32500.0,$172.59
Ro Khanna Democrat House CA,Capital One Financial Corp COF:US,COF,2026-02-10,2026-01-29,Spouse,15K–50K,32500.0,$219.31
Ro Khanna Democrat House CA,Gilead Sciences Inc GILD:US,GILD,2026-02-10,2026-01-29,Spouse,15K–50K,32500.0,$139.55
Ro Khanna Democrat House CA,Church & Dwight Co Inc CHD:US,CHD,2026-02-10,2026-01-29,Spouse,15K–50K,32500.0,$91.96
Ro Khanna Democrat House CA,Monster Beverage Corp MNST:US,MNST,2026-02-10,2026-01-29,Spouse,15K–50K,32500.0,$80.04
Ro Khanna Democrat House CA,The Sherwin-Williams Co SHW:US,SHW,2026-02-10,2026-01-29,Spouse,15K–50K,32500.0,$354.58
Ro Khanna Democrat House CA,Vertex Pharmaceuticals Inc VRTX:US,VRTX,2026-02-10,2026-01-29,Spouse,15K–50K,32500.0,$475.68
Ro Khanna Democrat House CA,Texas Instruments Inc TXN:US,TXN,2026-02-10,2026-01-29,Spouse,15K–50K,32500.0,$218.97
Ro Khanna Democrat House CA,Constellation Brands Inc STZ:US,STZ,2026-02-10,2026-01-29,Spouse,15K–50K,32500.0,$154.75
Ro Khanna Democrat House CA,Medtronic PLC MDT:US,MDT,2026-02-10,2026-01-29,Spouse,15K–50K,32500.0,$101.00
Ro Khanna Democrat House CA,D.R. Horton Inc DHI:US,DHI,2026-02-10,2026-01-29,Spouse,15K–50K,32500.0,$150.42
Ro Khanna Democrat House CA,Viatris Inc VTRS:US,VTRS,2026-02-10,2026-01-29,Spouse,15K–50K,32500.0,$13.07
Ro Khanna Democrat House CA,Corteva Inc CTVA:US,CTVA,2026-02-10,2026-01-29,Spouse,15K–50K,32500.0,$73.84
Ro Khanna Democrat House CA,Micron Technology Inc MU:US,MU,2026-02-10,2026-01-29,Spouse,15K–50K,32500.0,$435.79
Ro Khanna Democrat House CA,VERISK ANALYTICS Inc VRSK:US,VRSK,2026-02-10,2026-01-29,Spouse,15K–50K,32500.0,$216.59
Ro Khanna Democrat House CA,Simon Property Group Inc SPG:US,SPG,2026-02-10,2026-01-29,Spouse,15K–50K,32500.0,N/A
Ro Khanna Democrat House CA,The Travelers Companies Inc TRV:US,TRV,2026-02-10,2026-01-29,Spouse,15K–50K,32500.0,N/A
Ro Khanna Democrat House CA,Digital Realty Trust Inc DLR:US,DLR,2026-02-10,2026-01-29,Spouse,15K–50K,32500.0,$167.44
Ro Khanna Democrat House CA,Copart Inc CPRT:US,CPRT,2026-02-10,2026-01-29,Spouse,15K–50K,32500.0,$40.28
Ro Khanna Democrat House CA,Boston Scientific Corp BSX:US,BSX,2026-02-10,2026-01-29,Spouse,15K–50K,32500.0,$92.33
Ro Khanna Democrat House CA,Altria Group Inc MO:US,MO,2026-02-10,2026-01-29,Spouse,15K–50K,32500.0,$59.76
Ro Khanna Democrat House CA,Chipotle Mexican Grill Inc CMG:US,CMG,2026-02-10,2026-01-29,Spouse,15K–50K,32500.0,$39.10
Ro Khanna Democrat House CA,The Bank of New York Mellon Corp BK:US,BK,2026-02-10,2026-01-29,Spouse,15K–50K,32500.0,$121.49
Ro Khanna Democrat House CA,Cadence Design Systems Inc CDNS:US,CDNS,2026-02-10,2026-01-29,Spouse,15K–50K,32500.0,$302.67
Ro Khanna Democrat House CA,Zimmer Biomet Holdings Inc ZBH:US,ZBH,2026-02-10,2026-01-29,Spouse,15K–50K,32500.0,$86.02
Ro Khanna Democrat House CA,Costco Wholesale Corp COST:US,COST,2026-02-10,2026-01-13,Spouse,15K–50K,32500.0,$941.93
Ro Khanna Democrat House CA,Philip Morris International Inc PM:US,PM,2026-02-10,2026-01-13,Spouse,15K–50K,32500.0,$165.85
Ro Khanna Democrat House CA,Intuitive Surgical Inc ISRG:US,ISRG,2026-02-10,2026-01-13,Spouse,15K–50K,32500.0,$561.82
Ro Khanna Democrat House CA,VERISK ANALYTICS Inc VRSK:US,VRSK,2026-02-10,2026-01-13,Spouse,15K–50K,32500.0,$222.09
Ro Khanna Democrat House CA,Arthur J. Gallagher & Co AJG:US,AJG,2026-02-10,2026-01-13,Spouse,15K–50K,32500.0,$257.00
Ro Khanna Democrat House CA,Kimberly-Clark Corp KMB:US,KMB,2026-02-10,2026-01-21,Child,1K–15K,8000.0,$100.02
Ro Khanna Democrat House CA,Kimberly-Clark Corp KMB:US,KMB,2026-02-10,2026-01-21,Child,1K–15K,8000.0,$100.02
Ro Khanna Democrat House CA,Carrier Global Corp CARR:US,CARR,2026-02-10,2026-01-20,Child,1K–15K,8000.0,$55.21
Ro Khanna Democrat House CA,Rockwell Automation Inc ROK:US,ROK,2026-02-10,2026-01-02,Child,1K–15K,8000.0,$398.55
Ro Khanna Democrat House CA,Starbucks Corp SBUX:US,SBUX,2026-02-10,2026-01-02,Child,1K–15K,8000.0,$83.97
Ro Khanna Democrat House CA,Kimberly-Clark Corp KMB:US,KMB,2026-02-10,2026-01-21,Child,1K–15K,8000.0,$100.02
Ro Khanna Democrat House CA,Kimberly-Clark Corp KMB:US,KMB,2026-02-10,2026-01-21,Child,1K–15K,8000.0,$100.02
Ro Khanna Democrat House CA,Carrier Global Corp CARR:US,CARR,2026-02-10,2026-01-20,Child,1K–15K,8000.0,$55.21
Ro Khanna Democrat House CA,FactSet Research Systems Inc FDS:US,FDS,2026-02-10,2026-01-29,Child,1K–15K,8000.0,$252.79
Ro Khanna Democrat House CA,Meta Platforms Inc META:US,META,2026-02-10,2026-01-23,Child,1K–15K,8000.0,$658.76
Ro Khanna Democrat House CA,Analog Devices Inc ADI:US,ADI,2026-02-10,2026-01-23,Child,1K–15K,8000.0,$305.60
Ro Khanna Democrat House CA,Linde PLC LIN:US,LIN,2026-02-10,2026-01-23,Child,1K–15K,8000.0,$451.57
Ro Khanna Democrat House CA,Tesla Inc TSLA:US,TSLA,2026-02-10,2026-01-23,Child,1K–15K,8000.0,$449.06
Ro Khanna Democrat House CA,Intercontinental Exchange Inc ICE:US,ICE,2026-02-10,2026-01-23,Child,1K–15K,8000.0,$172.93
Ro Khanna Democrat House CA,Lowe's Cos Inc LOW:US,LOW,2026-02-10,2026-01-23,Child,1K–15K,8000.0,$276.73
Ro Khanna Democrat House CA,Verizon Communications Inc VZ:US,VZ,2026-02-10,2026-01-23,Child,1K–15K,8000.0,$39.52
Ro Khanna Democrat House CA,Metlife Inc MET:US,MET,2026-02-10,2026-01-23,Child,1K–15K,8000.0,$75.81
Ro Khanna Democrat House CA,Intuit Inc INTU:US,INTU,2026-02-10,2026-01-23,Child,1K–15K,8000.0,$563.97
Ro Khanna Democrat House CA,Capital One Financial Corp COF:US,COF,2026-02-10,2026-01-23,Child,1K–15K,8000.0,$217.30
Ro Khanna Democrat House CA,Palantir Technologies Inc PLTR:US,PLTR,2026-02-10,2026-01-23,Child,1K–15K,8000.0,$169.60
Ro Khanna Democrat House CA,Palo Alto Networks Inc PANW:US,PANW,2026-02-10,2026-01-23,Child,1K–15K,8000.0,$180.18
Ro Khanna Democrat House CA,Booking Holdings Inc BKNG:US,BKNG,2026-02-10,2026-01-23,Child,1K–15K,8000.0,"$5,098.50"
Ro Khanna Democrat House CA,Costco Wholesale Corp COST:US,COST,2026-02-10,2026-01-23,Child,1K–15K,8000.0,$983.25
Ro Khanna Democrat House CA,Philip Morris International Inc PM:US,PM,2026-02-10,2026-01-23,Child,1K–15K,8000.0,$173.02
Ro Khanna Democrat House CA,NVIDIA Corporation NVDA:US,NVDA,2026-02-10,2026-01-23,Child,1K–15K,8000.0,$187.67
Ro Khanna Democrat House CA,Quanta Services Inc PWR:US,PWR,2026-02-10,2026-01-23,Child,1K–15K,8000.0,$468.76
Ro Khanna Democrat House CA,The Procter & Gamble Co PG:US,PG,2026-02-10,2026-01-23,Child,1K–15K,8000.0,$150.15
Ro Khanna Democrat House CA,Costco Wholesale Corp COST:US,COST,2026-02-10,2026-01-06,Child,1K–15K,8000.0,$889.10
Ro Khanna Democrat House CA,Republic Services Inc RSG:US,RSG,2026-02-10,2026-01-23,Child,1K–15K,8000.0,$217.61
Ro Khanna Democrat House CA,Walmart Inc WMT:US,WMT,2026-02-10,2026-01-23,Child,1K–15K,8000.0,$117.73
Ro Khanna Democrat House CA,Medtronic PLC MDT:US,MDT,2026-02-10,2026-01-23,Child,1K–15K,8000.0,$100.88
Ro Khanna Democrat House CA,JPMorgan Chase & Co JPM:US,JPM,2026-02-10,2026-01-23,Child,1K–15K,8000.0,$297.72
Ro Khanna Democrat House CA,Intuitive Surgical Inc ISRG:US,ISRG,2026-02-10,2026-01-23,Child,1K–15K,8000.0,$523.99
Ro Khanna Democrat House CA,Equinix Inc EQIX:US,EQIX,2026-02-10,2026-01-06,Child,1K–15K,8000.0,$788.06
Ro Khanna Democrat House CA,Zimmer Biomet Holdings Inc ZBH:US,ZBH,2026-02-10,2026-01-23,Child,1K–15K,8000.0,$86.60
Ro Khanna Democrat House CA,The Walt Disney Co DIS:US,DIS,2026-02-10,2026-01-23,Child,1K–15K,8000.0,$110.98
Ro Khanna Democrat House CA,Netflix Inc NFLX:US,NFLX,2026-02-10,2026-01-23,Child,1K–15K,8000.0,$86.12
Ro Khanna Democrat House CA,Automatic Data Processing Inc ADP:US,ADP,2026-02-10,2026-01-23,Child,1K–15K,8000.0,$257.87
Ro Khanna Democrat House CA,Cintas Corp CTAS:US,CTAS,2026-02-10,2026-01-23,Child,1K–15K,8000.0,$192.96
Ro Khanna Democrat House CA,The TJX Companies Inc TJX:US,TJX,2026-02-10,2026-01-23,Child,1K–15K,8000.0,$153.24
Ro Khanna Democrat House CA,Coinbase Global Inc COIN:US,COIN,2026-02-10,2026-01-06,Child,1K–15K,8000.0,$250.56
Ro Khanna Democrat House CA,Palo Alto Networks Inc PANW:US,PANW,2026-02-10,2026-01-06,Child,1K–15K,8000.0,$185.86
Ro Khanna Democrat House CA,Copart Inc CPRT:US,CPRT,2026-02-10,2026-01-06,Child,1K–15K,8000.0,$38.96
Ro Khanna Democrat House CA,Emerson Electric Co EMR:US,EMR,2026-02-10,2026-01-23,Child,1K–15K,8000.0,$147.68
Ro Khanna Democrat House CA,Lowe's Cos Inc LOW:US,LOW,2026-02-10,2026-01-06,Child,1K–15K,8000.0,$246.49
Ro Khanna Democrat House CA,American Express Co AXP:US,AXP,2026-02-10,2026-01-23,Child,1K–15K,8000.0,$361.69
Ro Khanna Democrat House CA,American Tower Corp AMT:US,AMT,2026-02-10,2026-01-23,Child,1K–15K,8000.0,$178.75
Ro Khanna Democrat House CA,NXP Semiconductors NV NXPI:US,NXPI,2026-02-10,2026-01-23,Child,1K–15K,8000.0,$232.48
Ro Khanna Democrat House CA,Wells Fargo & Co WFC:US,WFC,2026-02-10,2026-01-23,Child,1K–15K,8000.0,$86.96
Ro Khanna Democrat House CA,Airbnb Inc ABNB:US,ABNB,2026-02-10,2026-01-06,Child,1K–15K,8000.0,$138.02
Ro Khanna Democrat House CA,Eli Lilly and Co LLY:US,LLY,2026-02-10,2026-01-23,Child,1K–15K,8000.0,"$1,064.29"
Ro Khanna Democrat House CA,AbbVie Inc ABBV:US,ABBV,2026-02-10,2026-01-23,Child,1K–15K,8000.0,$219.26
Ro Khanna Democrat House CA,Danaher Corp DHR:US,DHR,2026-02-10,2026-01-23,Child,1K–15K,8000.0,$235.01
Ro Khanna Democrat House CA,International Business Machines Corp IBM:US,IBM,2026-02-10,2026-01-23,Child,1K–15K,8000.0,$292.44
Ro Khanna Democrat House CA,salesforce.com Inc CRM:US,CRM,2026-02-10,2026-01-23,Child,1K–15K,8000.0,$228.05
Ro Khanna Democrat House CA,Philip Morris International Inc PM:US,PM,2026-02-10,2026-01-06,Child,1K–15K,8000.0,$155.16
Ro Khanna Democrat House CA,Monolithic Power Systems Inc MPWR:US,MPWR,2026-02-10,2026-01-23,Child,1K–15K,8000.0,"$1,063.74"
Ro Khanna Democrat House CA,Visa Inc V:US,V,2026-02-10,2026-01-23,Child,1K–15K,8000.0,$326.18
Ro Khanna Democrat House CA,Ameriprise Financial Inc AMP:US,AMP,2026-02-10,2026-01-23,Child,1K–15K,8000.0,$496.60
Ro Khanna Democrat House CA,Vertex Pharmaceuticals Inc VRTX:US,VRTX,2026-02-10,2026-01-23,Child,1K–15K,8000.0,$468.41
Ro Khanna Democrat House CA,Hilton Worldwide Holdings Inc HLT:US,HLT,2026-02-10,2026-01-23,Child,1K–15K,8000.0,$298.11
Ro Khanna Democrat House CA,Live Nation Entertainment Inc LYV:US,LYV,2026-02-10,2026-01-23,Child,1K–15K,8000.0,$146.97
Ro Khanna Democrat House CA,Lam Research Corp LRCX:US,LRCX,2026-02-10,2026-01-23,Child,1K–15K,8000.0,$217.94
Ro Khanna Democrat House CA,Royal Caribbean Group RCL:US,RCL,2026-02-10,2026-01-23,Child,1K–15K,8000.0,$286.11
Ro Khanna Democrat House CA,Unitedhealth Group Inc UNH:US,UNH,2026-02-10,2026-01-23,Child,1K–15K,8000.0,$356.26
Ro Khanna Democrat House CA,Xylem Inc XYL:US,XYL,2026-02-10,2026-01-23,Child,1K–15K,8000.0,$141.23
Ro Khanna Democrat House CA,CBRE Group Inc CBRE:US,CBRE,2026-02-10,2026-01-23,Child,1K–15K,8000.0,$169.23
Ro Khanna Democrat House CA,Cigna Corp CI:US,CI,2026-02-10,2026-01-23,Child,1K–15K,8000.0,$279.20
Ro Khanna Democrat House CA,Rockwell Automation Inc ROK:US,ROK,2026-02-10,2026-01-23,Child,1K–15K,8000.0,$417.84
Ro Khanna Democrat House CA,Darden Restaurants Inc DRI:US,DRI,2026-02-10,2026-01-23,Child,1K–15K,8000.0,$206.17
Ro Khanna Democrat House CA,McKesson Corp MCK:US,MCK,2026-02-10,2026-01-23,Child,1K–15K,8000.0,$820.23
Ro Khanna Democrat House CA,Otis Worldwide Corp OTIS:US,OTIS,2026-02-10,2026-01-23,Child,1K–15K,8000.0,$90.98
Ro Khanna Democrat House CA,3M Co MMM:US,MMM,2026-02-10,2026-01-23,Child,1K–15K,8000.0,$162.68
Ro Khanna Democrat House CA,Becton Dickinson and Co BDX:US,BDX,2026-02-10,2026-01-23,Child,1K–15K,8000.0,$201.79
Ro Khanna Democrat House CA,Altria Group Inc MO:US,MO,2026-02-10,2026-01-23,Child,1K–15K,8000.0,$61.91
Ro Khanna Democrat House CA,Best Buy Co Inc BBY:US,BBY,2026-02-10,2026-01-23,Child,1K–15K,8000.0,$67.05
Ro Khanna Democrat House CA,Motorola Solutions Inc MSI:US,MSI,2026-02-10,2026-01-23,Child,1K–15K,8000.0,$401.66
Ro Khanna Democrat House CA,Carrier Global Corp CARR:US,CARR,2026-02-10,2026-01-23,Child,1K–15K,8000.0,$57.30
Ro Khanna Democrat House CA,Public Storage PSA:US,PSA,2026-02-10,2026-01-06,Child,1K–15K,8000.0,$270.32
Ro Khanna Democrat House CA,Equinix Inc EQIX:US,EQIX,2026-02-10,2026-01-23,Child,1K–15K,8000.0,$791.27
Ro Khanna Democrat House CA,Digital Realty Trust Inc DLR:US,DLR,2026-02-10,2026-01-06,Child,1K–15K,8000.0,$156.78
Ro Khanna Democrat House CA,Starbucks Corp SBUX:US,SBUX,2026-02-10,2026-01-23,Child,1K–15K,8000.0,$97.62
Ro Khanna Democrat House CA,Moderna Inc MRNA:US,MRNA,2026-02-10,2026-01-23,Child,1K–15K,8000.0,$48.71
Ro Khanna Democrat House CA,Steris PLC STE:US,STE,2026-02-10,2026-01-23,Child,1K–15K,8000.0,$259.52
Ro Khanna Democrat House CA,Zoetis Inc ZTS:US,ZTS,2026-02-10,2026-01-06,Child,1K–15K,8000.0,$129.35
Ro Khanna Democrat House CA,Illinois Tool Works Inc ITW:US,ITW,2026-02-10,2026-01-23,Child,1K–15K,8000.0,$258.26
Ro Khanna Democrat House CA,Warner Bros Discover Inc WBD:US,WBD,2026-02-10,2026-01-23,Child,1K–15K,8000.0,$28.58
Ro Khanna Democrat House CA,The Hartford Financial Services Group Inc HIG:US,HIG,2026-02-10,2026-01-23,Child,1K–15K,8000.0,$128.62
Ro Khanna Democrat House CA,Carnival Corporation & PLC CCL:US,CCL,2026-02-10,2026-01-23,Child,1K–15K,8000.0,$28.55
Ro Khanna Democrat House CA,VICI Properties Inc VICI:US,VICI,2026-02-10,2026-01-23,Child,1K–15K,8000.0,$28.54
Ro Khanna Democrat House CA,Church & Dwight Co Inc CHD:US,CHD,2026-02-10,2026-01-06,Child,1K–15K,8000.0,$85.52
Ro Khanna Democrat House CA,Charter Communications Inc CHTR:US,CHTR,2026-02-10,2026-01-23,Child,1K–15K,8000.0,$191.69
Ro Khanna Democrat House CA,Bristol-Myers Squibb Co BMY:US,BMY,2026-02-10,2026-01-23,Child,1K–15K,8000.0,$54.65
Ro Khanna Democrat House CA,YUM BRANDS  Inc YUM:US,YUM,2026-02-10,2026-01-23,Child,1K–15K,8000.0,$152.97
Ro Khanna Democrat House CA,NortonLifeLock Inc GEN:US,GEN,2026-02-10,2026-01-23,Child,1K–15K,8000.0,$25.41
Ro Khanna Democrat House CA,Block Inc SQ:US,SQ,2026-02-10,2026-01-06,Child,1K–15K,8000.0,$70.00
Ro Khanna Democrat House CA,Mondelez International Inc MDLZ:US,MDLZ,2026-02-10,2026-01-23,Child,1K–15K,8000.0,$58.40
Ro Khanna Democrat House CA,Ross Stores Inc ROST:US,ROST,2026-02-10,2026-01-23,Child,1K–15K,8000.0,$188.55
Ro Khanna Democrat House CA,United Airlines Holdings Inc UAL:US,UAL,2026-02-10,2026-01-23,Child,1K–15K,8000.0,$107.74
Ro Khanna Democrat House CA,Regeneron Pharmaceuticals Inc REGN:US,REGN,2026-02-10,2026-01-23,Child,1K–15K,8000.0,$753.55
Ro Khanna Democrat House CA,D.R. Horton Inc DHI:US,DHI,2026-02-10,2026-01-23,Child,1K–15K,8000.0,$150.51
Ro Khanna Democrat House CA,Blackstone Group Inc BX:US,BX,2026-02-10,2026-01-23,Child,1K–15K,8000.0,$150.48
Ro Khanna Democrat House CA,Iron Mountain Inc IRM:US,IRM,2026-02-10,2026-01-23,Child,1K–15K,8000.0,$93.59
Ro Khanna Democrat House CA,Fastenal Co FAST:US,FAST,2026-02-10,2026-01-23,Child,1K–15K,8000.0,$43.89
Ro Khanna Democrat House CA,Zoetis Inc ZTS:US,ZTS,2026-02-10,2026-01-23,Child,1K–15K,8000.0,$124.05
Ro Khanna Democrat House CA,Elevance Health Inc ELV:US,ELV,2026-02-10,2026-01-23,Child,1K–15K,8000.0,$371.06
Ro Khanna Democrat House CA,Equity Residential EQR:US,EQR,2026-02-10,2026-01-06,Child,1K–15K,8000.0,$62.41
Ro Khanna Democrat House CA,Mondelez International Inc MDLZ:US,MDLZ,2026-02-10,2026-01-06,Child,1K–15K,8000.0,$52.73
Ro Khanna Democrat House CA,PPG Industries Inc PPG:US,PPG,2026-02-10,2026-01-06,Child,1K–15K,8000.0,$105.64
Ro Khanna Democrat House CA,Block Inc SQ:US,SQ,2026-02-10,2026-01-23,Child,1K–15K,8000.0,$66.83
Ro Khanna Democrat House CA,Welltower Inc WELL:US,WELL,2026-02-10,2026-01-23,Child,1K–15K,8000.0,$183.68
Ro Khanna Democrat House CA,Carrier Global Corp CARR:US,CARR,2026-02-10,2026-01-06,Child,1K–15K,8000.0,$53.50
Ro Khanna Democrat House CA,Dow Inc DOW:US,DOW,2026-02-10,2026-01-06,Child,1K–15K,8000.0,$25.52
Ro Khanna Democrat House CA,Jabil Inc JBL:US,JBL,2026-02-10,2026-01-23,Child,1K–15K,8000.0,$243.14
Ro Khanna Democrat House CA,Weyerhaeuser Co WY:US,WY,2026-02-10,2026-01-06,Child,1K–15K,8000.0,$23.99
Ro Khanna Democrat House CA,DEERE & COMPANY DE:US,DE,2026-02-10,2026-01-23,Child,1K–15K,8000.0,$514.43
Ro Khanna Democrat House CA,Altria Group Inc MO:US,MO,2026-02-10,2026-01-06,Child,1K–15K,8000.0,$55.16
Ro Khanna Democrat House CA,Conagra Brands Inc CAG:US,CAG,2026-02-10,2026-01-06,Child,1K–15K,8000.0,$16.85
Ro Khanna Democrat House CA,General Mills Inc GIS:US,GIS,2026-02-10,2026-01-06,Child,1K–15K,8000.0,$43.84
Ro Khanna Democrat House CA,American Tower Corp AMT:US,AMT,2026-02-10,2026-01-06,Child,1K–15K,8000.0,$175.82
Ro Khanna Democrat House CA,The Clorox Co CLX:US,CLX,2026-02-10,2026-01-06,Child,1K–15K,8000.0,$100.61
Ro Khanna Democrat House CA,Waste Management Inc WM:US,WM,2026-02-10,2026-01-23,Child,1K–15K,8000.0,$229.23
Ro Khanna Democrat House CA,Ulta Beauty Inc ULTA:US,ULTA,2026-02-10,2026-01-23,Child,1K–15K,8000.0,$686.12
Ro Khanna Democrat House CA,Corteva Inc CTVA:US,CTVA,2026-02-10,2026-01-06,Child,1K–15K,8000.0,$69.37
Ro Khanna Democrat House CA,Broadcom Inc AVGO:US,AVGO,2026-02-10,2026-01-23,Child,1K–15K,8000.0,$320.05
Ro Khanna Democrat House CA,Equifax Inc EFX:US,EFX,2026-02-10,2026-01-23,Child,1K–15K,8000.0,$209.74
Ro Khanna Democrat House CA,Caterpillar Inc CAT:US,CAT,2026-02-10,2026-01-23,Child,1K–15K,8000.0,$626.62
Ro Khanna Democrat House CA,Garmin Ltd GRMN:US,GRMN,2026-02-10,2026-01-23,Child,1K–15K,8000.0,$206.17
Ro Khanna Democrat House CA,Crown Castle International Corp CCI:US,CCI,2026-02-10,2026-01-06,Child,1K–15K,8000.0,$87.13
Ro Khanna Democrat House CA,GLOBAL PAYMENTS Inc GPN:US,GPN,2026-02-10,2026-01-23,Child,1K–15K,8000.0,$75.21
Ro Khanna Democrat House CA,MSCI Inc MSCI:US,MSCI,2026-02-10,2026-01-23,Child,1K–15K,8000.0,$589.76
Ro Khanna Democrat House CA,MSCI Inc MSCI:US,MSCI,2026-02-10,2026-01-06,Child,1K–15K,8000.0,$586.96
Ro Khanna Democrat House CA,Fortinet Inc FTNT:US,FTNT,2026-02-10,2026-01-23,Child,1K–15K,8000.0,$81.64
Ro Khanna Democrat House CA,Ecolab Inc ECL:US,ECL,2026-02-10,2026-01-23,Child,1K–15K,8000.0,$281.90
Ro Khanna Democrat House CA,American International Group Inc AIG:US,AIG,2026-02-10,2026-01-29,Spouse,1K–15K,8000.0,$74.36
Ro Khanna Democrat House CA,Welltower Inc WELL:US,WELL,2026-02-10,2026-01-29,Spouse,1K–15K,8000.0,$185.69
Ro Khanna Democrat House CA,Roper Technologies Inc ROP:US,ROP,2026-02-10,2026-01-29,Spouse,1K–15K,8000.0,$365.00
Ro Khanna Democrat House CA,PPG Industries Inc PPG:US,PPG,2026-02-10,2026-01-29,Spouse,1K–15K,8000.0,$116.51
Ro Khanna Democrat House CA,Charter Communications Inc CHTR:US,CHTR,2026-02-10,2026-01-29,Spouse,1K–15K,8000.0,$191.52
Ro Khanna Democrat House CA,Applied Materials Inc AMAT:US,AMAT,2026-02-10,2026-01-29,Spouse,1K–15K,8000.0,$341.34
Ro Khanna Democrat House CA,Parker-Hannifin Corp PH:US,PH,2026-02-10,2026-01-29,Spouse,1K–15K,8000.0,$948.40
Ro Khanna Democrat House CA,T-Mobile US Inc TMUS:US,TMUS,2026-02-10,2026-01-29,Spouse,1K–15K,8000.0,$189.28
Ro Khanna Democrat House CA,Cencora Inc COR:US,COR,2026-02-10,2026-01-29,Spouse,1K–15K,8000.0,$352.10
Ro Khanna Democrat House CA,KLA Corp KLAC:US,KLAC,2026-02-10,2026-01-29,Spouse,1K–15K,8000.0,"$1,684.71"
Ro Khanna Democrat House CA,Principal Financial Group Inc PFG:US,PFG,2026-02-10,2026-01-29,Spouse,1K–15K,8000.0,$94.76
Ro Khanna Democrat House CA,DEERE & COMPANY DE:US,DE,2026-02-10,2026-01-29,Spouse,1K–15K,8000.0,$530.07
Ro Khanna Democrat House CA,Airbnb Inc ABNB:US,ABNB,2026-02-10,2026-01-29,Spouse,1K–15K,8000.0,$131.77
Ro Khanna Democrat House CA,Bio-Techne Corp TECH:US,TECH,2026-02-10,2026-01-29,Spouse,1K–15K,8000.0,$63.98
Ro Khanna Democrat House CA,Fortive Corp FTV:US,FTV,2026-02-10,2026-01-29,Spouse,1K–15K,8000.0,$53.08
Ro Khanna Democrat House CA,UDR Inc UDR:US,UDR,2026-02-10,2026-01-29,Spouse,1K–15K,8000.0,$36.91
Ro Khanna Democrat House CA,Schwab (Charles) Corp SCHW:US,SCHW,2026-02-10,2026-01-29,Spouse,1K–15K,8000.0,$103.47
Ro Khanna Democrat House CA,U.S. Bancorp USB:US,USB,2026-02-10,2026-01-29,Spouse,1K–15K,8000.0,$56.33
Ro Khanna Democrat House CA,McKesson Corp MCK:US,MCK,2026-02-10,2026-01-29,Spouse,1K–15K,8000.0,$822.30
Ro Khanna Democrat House CA,Hewlett Packard Enterprise Co HPE:US,HPE,2026-02-10,2026-01-29,Spouse,1K–15K,8000.0,$22.01
Ro Khanna Democrat House CA,Truist Financial Corp TFC:US,TFC,2026-02-10,2026-01-29,Spouse,1K–15K,8000.0,$51.32
Ro Khanna Democrat House CA,Electronic Arts Inc EA:US,EA,2026-02-10,2026-01-29,Spouse,1K–15K,8000.0,$203.95
Ro Khanna Democrat House CA,EVERGY Inc EVRG:US,EVRG,2026-02-10,2026-01-29,Spouse,1K–15K,8000.0,$76.37
Ro Khanna Democrat House CA,Synopsys Inc SNPS:US,SNPS,2026-02-10,2026-01-29,Spouse,1K–15K,8000.0,$480.00
Ro Khanna Democrat House CA,NXP Semiconductors NV NXPI:US,NXPI,2026-02-10,2026-01-29,Spouse,1K–15K,8000.0,$233.50
Ro Khanna Democrat House CA,Cognizant Technology Solutions Corp CTSH:US,CTSH,2026-02-10,2026-01-29,Spouse,1K–15K,8000.0,$82.45
Ro Khanna Democrat House CA,KKR & Co Inc KKR:US,KKR,2026-02-10,2026-01-29,Spouse,1K–15K,8000.0,$114.98
Ro Khanna Democrat House CA,Waters Corp WAT:US,WAT,2026-02-10,2026-01-29,Spouse,1K–15K,8000.0,$375.18
Ro Khanna Democrat House CA,Lam Research Corp LRCX:US,LRCX,2026-02-10,2026-01-29,Spouse,1K–15K,8000.0,$248.17
Ro Khanna Democrat House CA,Avery Dennison Corp AVY:US,AVY,2026-02-10,2026-01-29,Spouse,1K–15K,8000.0,$185.38
Ro Khanna Democrat House CA,Henry (Jack) & Associates Inc JKHY:US,JKHY,2026-02-10,2026-01-29,Spouse,1K–15K,8000.0,$177.94
Ro Khanna Democrat House CA,Pool Corp POOL:US,POOL,2026-02-10,2026-01-29,Spouse,1K–15K,8000.0,$255.38
Ro Khanna Democrat House CA,FactSet Research Systems Inc FDS:US,FDS,2026-02-10,2026-01-29,Spouse,1K–15K,8000.0,$252.79
Ro Khanna Democrat House CA,The PNC Financial Services Group Inc PNC:US,PNC,2026-02-10,2026-01-29,Spouse,1K–15K,8000.0,$224.46
Ro Khanna Democrat House CA,KENVUE INC KVUE:US,KVUE,2026-02-10,2026-01-29,Spouse,1K–15K,8000.0,$17.20
Ro Khanna Democrat House CA,Edwards Lifesciences Corp EW:US,EW,2026-02-10,2026-01-29,Spouse,1K–15K,8000.0,$81.49
Ro Khanna Democrat House CA,Brown & Brown Inc BRO:US,BRO,2026-02-10,2026-01-29,Spouse,1K–15K,8000.0,$72.10
Ro Khanna Democrat House CA,Expeditors International of Washington Inc EXPD:US,EXPD,2026-02-10,2026-01-29,Spouse,1K–15K,8000.0,$161.50
Ro Khanna Democrat House CA,Ulta Beauty Inc ULTA:US,ULTA,2026-02-10,2026-01-29,Spouse,1K–15K,8000.0,$631.10
Ro Khanna Democrat House CA,Block Inc SQ:US,SQ,2026-02-10,2026-01-29,Spouse,1K–15K,8000.0,$62.21
Ro Khanna Democrat House CA,CoStar Group Inc CSGP:US,CSGP,2026-02-10,2026-01-29,Spouse,1K–15K,8000.0,$61.93
Ro Khanna Democrat House CA,J.B. Hunt Transport Services Inc JBHT:US,JBHT,2026-02-10,2026-01-29,Spouse,1K–15K,8000.0,$205.21
Ro Khanna Democrat House CA,Fortive Corp FTV:US,FTV,2026-02-10,2026-01-29,Spouse,1K–15K,8000.0,$53.08
Ro Khanna Democrat House CA,Ventas Inc VTR:US,VTR,2026-02-10,2026-01-29,Spouse,1K–15K,8000.0,$76.87
Ro Khanna Democrat House CA,PTC Inc PTC:US,PTC,2026-02-10,2026-01-29,Spouse,1K–15K,8000.0,$153.48
Ro Khanna Democrat House CA,Equifax Inc EFX:US,EFX,2026-02-10,2026-01-29,Spouse,1K–15K,8000.0,$204.00
Ro Khanna Democrat House CA,Baxter International Inc BAX:US,BAX,2026-02-10,2026-01-29,Spouse,1K–15K,8000.0,$19.73
Ro Khanna Democrat House CA,Hormel Foods Corp HRL:US,HRL,2026-02-10,2026-01-29,Spouse,1K–15K,8000.0,$24.44
Ro Khanna Democrat House CA,General Motors Co GM:US,GM,2026-02-10,2026-01-29,Spouse,1K–15K,8000.0,$86.26
Ro Khanna Democrat House CA,IDEX Corp IEX:US,IEX,2026-02-10,2026-01-29,Spouse,1K–15K,8000.0,$199.72
Ro Khanna Democrat House CA,Seagate Technology Holdings PLC STX:US,STX,2026-02-10,2026-01-29,Spouse,1K–15K,8000.0,$446.57
Ro Khanna Democrat House CA,The Allstate Corporation ALL:US,ALL,2026-02-10,2026-01-29,Spouse,1K–15K,8000.0,$198.39
Ro Khanna Democrat House CA,Dell Technologies Inc DELL:US,DELL,2026-02-10,2026-01-29,Spouse,1K–15K,8000.0,$118.49
Ro Khanna Democrat House CA,The Hershey Co HSY:US,HSY,2026-02-10,2026-01-29,Spouse,1K–15K,8000.0,$190.54
Ro Khanna Democrat House CA,Rockwell Automation Inc ROK:US,ROK,2026-02-10,2026-01-29,Spouse,1K–15K,8000.0,$426.73
Ro Khanna Democrat House CA,Western Digital Corp WDC:US,WDC,2026-02-10,2026-01-29,Spouse,1K–15K,8000.0,$278.41
Ro Khanna Democrat House CA,Genuine Parts Co GPC:US,GPC,2026-02-10,2026-01-29,Spouse,1K–15K,8000.0,$138.88
Ro Khanna Democrat House CA,Quest Diagnostics Inc DGX:US,DGX,2026-02-10,2026-01-29,Spouse,1K–15K,8000.0,$182.35
Ro Khanna Democrat House CA,Palo Alto Networks Inc PANW:US,PANW,2026-02-10,2026-01-29,Spouse,1K–15K,8000.0,$176.20
Ro Khanna Democrat House CA,Biogen Inc BIIB:US,BIIB,2026-02-10,2026-01-29,Spouse,1K–15K,8000.0,$176.18
Ro Khanna Democrat House CA,Steris PLC STE:US,STE,2026-02-10,2026-01-29,Spouse,1K–15K,8000.0,$261.64
Ro Khanna Democrat House CA,FactSet Research Systems Inc FDS:US,FDS,2026-02-10,2026-01-29,Spouse,1K–15K,8000.0,$252.79
Ro Khanna Democrat House CA,Fair Isaac Corporation FICO:US,FICO,2026-02-10,2026-01-29,Spouse,1K–15K,8000.0,"$1,501.75"
Ro Khanna Democrat House CA,HCA Healthcare Inc HCA:US,HCA,2026-02-10,2026-01-29,Spouse,1K–15K,8000.0,$482.53
Ro Khanna Democrat House CA,West Pharmaceutical Services Inc WST:US,WST,2026-02-10,2026-01-29,Spouse,1K–15K,8000.0,$232.65
Ro Khanna Democrat House CA,Oracle Corp ORCL:US,ORCL,2026-02-10,2026-01-29,Spouse,1K–15K,8000.0,$169.01
Ro Khanna Democrat House CA,Caterpillar Inc CAT:US,CAT,2026-02-10,2026-01-29,Spouse,1K–15K,8000.0,$665.24
Ro Khanna Democrat House CA,Revvity Inc RVTY:US,RVTY,2026-02-10,2026-01-29,Spouse,1K–15K,8000.0,$108.49
Ro Khanna Democrat House CA,Regency Centers Corp REG:US,REG,2026-02-10,2026-01-29,Spouse,1K–15K,8000.0,$71.98
Ro Khanna Democrat House CA,The Cooper Cos Inc COO:US,COO,2026-02-10,2026-01-29,Spouse,1K–15K,8000.0,$80.37
Ro Khanna Democrat House CA,Microchip Technology Inc MCHP:US,MCHP,2026-02-10,2026-01-29,Spouse,1K–15K,8000.0,$79.36
Ro Khanna Democrat House CA,Las Vegas Sands Corp LVS:US,LVS,2026-02-10,2026-01-29,Spouse,1K–15K,8000.0,$52.71
Ro Khanna Democrat House CA,ROLLINS Inc ROL:US,ROL,2026-02-10,2026-01-29,Spouse,1K–15K,8000.0,$63.03
Ro Khanna Democrat House CA,Teledyne Technologies Inc TDY:US,TDY,2026-02-10,2026-01-29,Spouse,1K–15K,8000.0,$625.32
Ro Khanna Democrat House CA,NortonLifeLock Inc GEN:US,GEN,2026-02-10,2026-01-29,Spouse,1K–15K,8000.0,$23.90
Ro Khanna Democrat House CA,Corning Inc GLW:US,GLW,2026-02-10,2026-01-29,Spouse,1K–15K,8000.0,$103.00
Ro Khanna Democrat House CA,News Corp NWSA:US,NWSA,2026-02-10,2026-01-29,Spouse,1K–15K,8000.0,$26.77
Ro Khanna Democrat House CA,Centene Corp CNC:US,CNC,2026-02-10,2026-01-29,Spouse,1K–15K,8000.0,$43.60
Ro Khanna Democrat House CA,Federal Realty Investment Trust FRT:US,FRT,2026-02-10,2026-01-29,Spouse,1K–15K,8000.0,$100.59
Ro Khanna Democrat House CA,Hilton Worldwide Holdings Inc HLT:US,HLT,2026-02-10,2026-01-29,Spouse,1K–15K,8000.0,$299.28
Ro Khanna Democrat House CA,Darden Restaurants Inc DRI:US,DRI,2026-02-10,2026-01-29,Spouse,1K–15K,8000.0,$199.33
Ro Khanna Democrat House CA,Alliant Energy Corporation LNT:US,LNT,2026-02-10,2026-01-29,Spouse,1K–15K,8000.0,$66.33
Ro Khanna Democrat House CA,HENRY SCHEIN Inc HSIC:US,HSIC,2026-02-10,2026-01-29,Spouse,1K–15K,8000.0,$74.34
Ro Khanna Democrat House CA,Live Nation Entertainment Inc LYV:US,LYV,2026-02-10,2026-01-29,Spouse,1K–15K,8000.0,$147.78
Ro Khanna Democrat House CA,Tesla Inc TSLA:US,TSLA,2026-02-10,2026-01-29,Spouse,1K–15K,8000.0,$416.56
Ro Khanna Democrat House CA,Lululemon Athletica Inc LULU:US,LULU,2026-02-10,2026-01-29,Spouse,1K–15K,8000.0,$172.54
Ro Khanna Democrat House CA,Netflix Inc NFLX:US,NFLX,2026-02-10,2026-01-29,Spouse,1K–15K,8000.0,$83.16
Ro Khanna Democrat House CA,Fortinet Inc FTNT:US,FTNT,2026-02-10,2026-01-29,Spouse,1K–15K,8000.0,$81.51
Ro Khanna Democrat House CA,Zimmer Biomet Holdings Inc ZBH:US,ZBH,2026-02-10,2026-01-13,Spouse,1K–15K,8000.0,$88.34
Ro Khanna Democrat House CA,Trane Technologies PLC TT:US,TT,2026-02-10,2026-01-29,Spouse,1K–15K,8000.0,$426.07
Ro Khanna Democrat House CA,Domino's Pizza Inc DPZ:US,DPZ,2026-02-10,2026-01-29,Spouse,1K–15K,8000.0,$407.08
Ro Khanna Democrat House CA,Essex Property Trust Inc ESS:US,ESS,2026-02-10,2026-01-29,Spouse,1K–15K,8000.0,$249.88
Ro Khanna Democrat House CA,Verisign Inc VRSN:US,VRSN,2026-02-10,2026-01-29,Spouse,1K–15K,8000.0,$244.21
Ro Khanna Democrat House CA,The Hartford Financial Services Group Inc HIG:US,HIG,2026-02-10,2026-01-29,Spouse,1K–15K,8000.0,$132.37
Ro Khanna Democrat House CA,Packaging Corp Of America PKG:US,PKG,2026-02-10,2026-01-29,Spouse,1K–15K,8000.0,$220.21
Ro Khanna Democrat House CA,State Street Corporation STT:US,STT,2026-02-10,2026-01-29,Spouse,1K–15K,8000.0,$131.43
Ro Khanna Democrat House CA,Vistra Corp VST:US,VST,2026-02-10,2026-01-29,Spouse,1K–15K,8000.0,$162.58
Ro Khanna Democrat House CA,DaVita Inc DVA:US,DVA,2026-02-10,2026-01-29,Spouse,1K–15K,8000.0,$107.24
Ro Khanna Democrat House CA,Charles River Laboratories International Inc CRL:US,CRL,2026-02-10,2026-01-29,Spouse,1K–15K,8000.0,$211.68
Ro Khanna Democrat House CA,Cincinnati Financial Corp CINF:US,CINF,2026-02-10,2026-01-29,Spouse,1K–15K,8000.0,$158.19
Ro Khanna Democrat House CA,International Paper Co IP:US,IP,2026-02-10,2026-01-29,Spouse,1K–15K,8000.0,$39.00
Ro Khanna Democrat House CA,United Airlines Holdings Inc UAL:US,UAL,2026-02-10,2026-01-29,Spouse,1K–15K,8000.0,$103.94
Ro Khanna Democrat House CA,Franklin Resources Inc BEN:US,BEN,2026-02-10,2026-01-29,Spouse,1K–15K,8000.0,$25.88
Ro Khanna Democrat House CA,Garmin Ltd GRMN:US,GRMN,2026-02-10,2026-01-29,Spouse,1K–15K,8000.0,$204.65
Ro Khanna Democrat House CA,Skyworks Solutions Inc SWKS:US,SWKS,2026-02-10,2026-01-29,Spouse,1K–15K,8000.0,$55.79
Ro Khanna Democrat House CA,McCormick & Co Inc MKC:US,MKC,2026-02-10,2026-01-29,Spouse,1K–15K,8000.0,$61.32
Ro Khanna Democrat House CA,Incyte Corp INCY:US,INCY,2026-02-10,2026-01-29,Spouse,1K–15K,8000.0,$101.08
Ro Khanna Democrat House CA,Universal Health Services Inc UHS:US,UHS,2026-02-10,2026-01-29,Spouse,1K–15K,8000.0,$200.13
Ro Khanna Democrat House CA,Coinbase Global Inc COIN:US,COIN,2026-02-10,2026-01-29,Spouse,1K–15K,8000.0,$199.18
Ro Khanna Democrat House CA,Synchrony Financial SYF:US,SYF,2026-02-10,2026-01-29,Spouse,1K–15K,8000.0,$73.37
Ro Khanna Democrat House CA,Boston Properties Inc BXP:US,BXP,2026-02-10,2026-01-29,Spouse,1K–15K,8000.0,$65.01
Ro Khanna Democrat House CA,Cummins Inc CMI:US,CMI,2026-02-10,2026-01-29,Spouse,1K–15K,8000.0,$583.94
Ro Khanna Democrat House CA,C.H. Robinson Worldwide Inc CHRW:US,CHRW,2026-02-10,2026-01-29,Spouse,1K–15K,8000.0,$193.72
Ro Khanna Democrat House CA,Globe Life Inc GL:US,GL,2026-02-10,2026-01-29,Spouse,1K–15K,8000.0,$139.98
Ro Khanna Democrat House CA,Molina Healthcare Inc MOH:US,MOH,2026-02-10,2026-01-29,Spouse,1K–15K,8000.0,$184.93
Ro Khanna Democrat House CA,DexCom Inc DXCM:US,DXCM,2026-02-10,2026-01-29,Spouse,1K–15K,8000.0,$74.00
Ro Khanna Democrat House CA,Zimmer Biomet Holdings Inc ZBH:US,ZBH,2026-02-10,2026-01-14,Spouse,1K–15K,8000.0,$89.24
Ro Khanna Democrat House CA,CrowdStrike Holdings Inc CRWD:US,CRWD,2026-02-10,2026-01-29,Spouse,1K–15K,8000.0,$444.62
Ro Khanna Democrat House CA,Republic Services Inc RSG:US,RSG,2026-02-10,2026-01-13,Spouse,1K–15K,8000.0,$209.65
Ro Khanna Democrat House CA,Mondelez International Inc MDLZ:US,MDLZ,2026-02-10,2026-01-13,Spouse,1K–15K,8000.0,$55.94
Ro Khanna Democrat House CA,Linde PLC LIN:US,LIN,2026-02-10,2026-01-13,Spouse,1K–15K,8000.0,$442.90
Ro Khanna Democrat House CA,Waste Management Inc WM:US,WM,2026-02-10,2026-01-13,Spouse,1K–15K,8000.0,$216.18
Ro Khanna Democrat House CA,Copart Inc CPRT:US,CPRT,2026-02-10,2026-01-13,Spouse,1K–15K,8000.0,$39.87
Ro Khanna Democrat House CA,Roper Technologies Inc ROP:US,ROP,2026-02-10,2026-01-13,Spouse,1K–15K,8000.0,$426.36
Ro Khanna Democrat House CA,Palo Alto Networks Inc PANW:US,PANW,2026-02-10,2026-01-13,Spouse,1K–15K,8000.0,$190.85
Ro Khanna Democrat House CA,O'Reilly Automotive Inc ORLY:US,ORLY,2026-02-10,2026-01-13,Spouse,1K–15K,8000.0,$94.63
Ro Khanna Democrat House CA,PayPal Holdings Inc PYPL:US,PYPL,2026-02-10,2026-01-13,Spouse,1K–15K,8000.0,$56.56
Ro Khanna Democrat House CA,T-Mobile US Inc TMUS:US,TMUS,2026-02-10,2026-01-13,Spouse,1K–15K,8000.0,$189.67
Ro Khanna Democrat House CA,American Tower Corp AMT:US,AMT,2026-02-10,2026-01-13,Spouse,1K–15K,8000.0,$173.96
Ro Khanna Democrat House CA,Colgate-Palmolive Co CL:US,CL,2026-02-10,2026-01-13,Spouse,1K–15K,8000.0,$82.96
Ro Khanna Democrat House CA,GLOBAL PAYMENTS Inc GPN:US,GPN,2026-02-10,2026-01-13,Spouse,1K–15K,8000.0,$77.47
Ro Khanna Democrat House CA,Block Inc SQ:US,SQ,2026-02-10,2026-01-13,Spouse,1K–15K,8000.0,$67.26
Ro Khanna Democrat House CA,Nike Inc NKE:US,NKE,2026-02-10,2026-01-13,Spouse,1K–15K,8000.0,$66.30
Ro Khanna Democrat House CA,Kimberly-Clark Corp KMB:US,KMB,2026-02-10,2026-01-13,Spouse,1K–15K,8000.0,$98.73
Ro Khanna Democrat House CA,Microchip Technology Inc MCHP:US,MCHP,2026-02-10,2026-01-13,Spouse,1K–15K,8000.0,$74.07
Ro Khanna Democrat House CA,Lowe's Cos Inc LOW:US,LOW,2026-02-10,2026-01-13,Spouse,1K–15K,8000.0,$274.25
Ro Khanna Democrat House CA,Tyler Technologies Inc TYL:US,TYL,2026-02-10,2026-01-13,Spouse,1K–15K,8000.0,$443.14
Ro Khanna Democrat House CA,Air Products and Chemicals Inc APD:US,APD,2026-02-10,2026-01-13,Spouse,1K–15K,8000.0,$266.18
Ro Khanna Democrat House CA,Pool Corp POOL:US,POOL,2026-02-10,2026-01-13,Spouse,1K–15K,8000.0,$261.98
Ro Khanna Democrat House CA,Verizon Communications Inc VZ:US,VZ,2026-02-10,2026-01-13,Spouse,1K–15K,8000.0,$39.01
Ro Khanna Democrat House CA,Extra Space Storage Inc EXR:US,EXR,2026-02-10,2026-01-13,Spouse,1K–15K,8000.0,$140.50
Ro Khanna Democrat House CA,Aon PLC AON:US,AON,2026-02-10,2026-01-13,Spouse,1K–15K,8000.0,$344.59
Ro Khanna Democrat House CA,PTC Inc PTC:US,PTC,2026-02-10,2026-01-13,Spouse,1K–15K,8000.0,$169.37
Ro Khanna Democrat House CA,The Kroger Co KR:US,KR,2026-02-10,2026-01-13,Spouse,1K–15K,8000.0,$61.47
Ro Khanna Democrat House CA,Tractor Supply Co TSCO:US,TSCO,2026-02-10,2026-01-13,Spouse,1K–15K,8000.0,$51.76
Ro Khanna Democrat House CA,Broadridge Financial Solutions Inc BR:US,BR,2026-02-10,2026-01-13,Spouse,1K–15K,8000.0,$221.21
Ro Khanna Democrat House CA,Alexandria Real Estate Equities Inc ARE:US,ARE,2026-02-10,2026-01-13,Spouse,1K–15K,8000.0,$54.64
Ro Khanna Democrat House CA,Garmin Ltd GRMN:US,GRMN,2026-02-10,2026-01-13,Spouse,1K–15K,8000.0,$213.91
Ro Khanna Democrat House CA,Brown & Brown Inc BRO:US,BRO,2026-02-10,2026-01-13,Spouse,1K–15K,8000.0,$79.06
Ro Khanna Democrat House CA,Fortinet Inc FTNT:US,FTNT,2026-02-10,2026-01-13,Spouse,1K–15K,8000.0,$78.33
Ro Khanna Democrat House CA,Darden Restaurants Inc DRI:US,DRI,2026-02-10,2026-01-13,Spouse,1K–15K,8000.0,$206.55
Ro Khanna Democrat House CA,Metlife Inc MET:US,MET,2026-02-10,2026-01-13,Spouse,1K–15K,8000.0,$77.08
Ro Khanna Democrat House CA,McDonald's Corp MCD:US,MCD,2026-02-10,2026-01-13,Spouse,1K–15K,8000.0,$309.44
Ro Khanna Democrat House CA,MSCI Inc MSCI:US,MSCI,2026-02-10,2026-01-13,Spouse,1K–15K,8000.0,$587.44
Ro Khanna Democrat House CA,Cintas Corp CTAS:US,CTAS,2026-02-10,2026-01-13,Spouse,1K–15K,8000.0,$192.72
Ro Khanna Democrat House CA,Comcast Corp CMCSA:US,CMCSA,2026-02-10,2026-01-13,Spouse,1K–15K,8000.0,$28.48
Ro Khanna Democrat House CA,Public Storage PSA:US,PSA,2026-02-10,2026-01-13,Spouse,1K–15K,8000.0,$279.83
Ro Khanna Democrat House CA,Cigna Corp CI:US,CI,2026-02-10,2026-01-13,Spouse,1K–15K,8000.0,$271.81
Ro Khanna Democrat House CA,Moody's Corp. MCO:US,MCO,2026-02-10,2026-01-13,Spouse,1K–15K,8000.0,$534.90
Ro Khanna Democrat House CA,Synopsys Inc SNPS:US,SNPS,2026-02-10,2026-01-13,Spouse,1K–15K,8000.0,$511.80
Ro Khanna Democrat House CA,Altria Group Inc MO:US,MO,2026-02-10,2026-01-13,Spouse,1K–15K,8000.0,$60.15
Ro Khanna Democrat House CA,Oracle Corp ORCL:US,ORCL,2026-02-10,2026-01-13,Spouse,1K–15K,8000.0,$202.29
Ro Khanna Democrat House CA,Zoetis Inc ZTS:US,ZTS,2026-02-10,2026-01-13,Spouse,1K–15K,8000.0,$124.62
John Hickenlooper Democrat Senate CO,Uber Technologies Inc UBER:US,UBER,2026-02-06,2026-01-14,Self,100K–250K,175000.0,$84.65
John Hickenlooper Democrat Senate CO,Eaton Corp PLC ETN:US,ETN,2026-02-06,2026-01-14,Self,50K–100K,75000.0,$331.14
Cleo Fields Democrat House LA,Alphabet Inc GOOGL:US,GOOGL,2026-02-04,2026-01-20,Undisclosed,100K–250K,175000.0,$322.16
Cleo Fields Democrat House LA,Meta Platforms Inc META:US,META,2026-02-04,2026-01-20,Undisclosed,50K–100K,75000.0,$604.12
Cleo Fields Democrat House LA,Netflix Inc NFLX:US,NFLX,2026-02-04,2026-01-20,Undisclosed,50K–100K,75000.0,$87.26
Markwayne Mullin Republican Senate OK,Monolithic Power Systems Inc MPWR:US,MPWR,2026-02-04,2026-01-05,Spouse,15K–50K,32500.0,$955.03
Markwayne Mullin Republican Senate OK,McKesson Corp MCK:US,MCK,2026-02-04,2026-01-05,Spouse,15K–50K,32500.0,$824.92
Markwayne Mullin Republican Senate OK,Citigroup Inc C:US,C,2026-02-04,2026-01-05,Spouse,15K–50K,32500.0,$123.30
Markwayne Mullin Republican Senate OK,Adobe Inc ADBE:US,ADBE,2026-02-04,2026-01-05,Spouse,15K–50K,32500.0,$331.56
Markwayne Mullin Republican Senate OK,Monolithic Power Systems Inc MPWR:US,MPWR,2026-02-04,2026-01-05,Self,15K–50K,32500.0,$955.03
Markwayne Mullin Republican Senate OK,McKesson Corp MCK:US,MCK,2026-02-04,2026-01-05,Self,15K–50K,32500.0,$824.92
Markwayne Mullin Republican Senate OK,Citigroup Inc C:US,C,2026-02-04,2026-01-05,Self,15K–50K,32500.0,$123.30
Markwayne Mullin Republican Senate OK,Adobe Inc ADBE:US,ADBE,2026-02-04,2026-01-05,Self,15K–50K,32500.0,$331.56
Cleo Fields Democrat House LA,Alphabet Inc GOOGL:US,GOOGL,2026-02-04,2026-01-12,Undisclosed,1K–15K,8000.0,$332.73
David Taylor Republican House OH,Amazon.com Inc AMZN:US,AMZN,2026-02-03,2026-01-29,Undisclosed,1K–15K,8000.0,$241.73
David Taylor Republican House OH,American Electric Power Co Inc AEP:US,AEP,2026-02-03,2026-01-16,Undisclosed,1K–15K,8000.0,$119.96
David Taylor Republican House OH,Amgen Inc AMGN:US,AMGN,2026-02-03,2026-01-16,Undisclosed,1K–15K,8000.0,$330.41
David Taylor Republican House OH,Apple Inc AAPL:US,AAPL,2026-02-03,2026-01-16,Undisclosed,1K–15K,8000.0,$255.53
David Taylor Republican House OH,AT&T Inc T:US,T,2026-02-03,2026-01-29,Undisclosed,1K–15K,8000.0,$25.13
David Taylor Republican House OH,Broadcom Inc AVGO:US,AVGO,2026-02-03,2026-01-29,Undisclosed,1K–15K,8000.0,$330.73
David Taylor Republican House OH,Eaton Corp PLC ETN:US,ETN,2026-02-03,2026-01-16,Undisclosed,1K–15K,8000.0,$343.75
David Taylor Republican House OH,JPMorgan Chase & Co JPM:US,JPM,2026-02-03,2026-01-29,Undisclosed,1K–15K,8000.0,$306.42
David Taylor Republican House OH,JPMorgan Chase & Co JPM:US,JPM,2026-02-03,2026-01-16,Undisclosed,1K–15K,8000.0,$312.47
David Taylor Republican House OH,The Kroger Co KR:US,KR,2026-02-03,2026-01-16,Undisclosed,1K–15K,8000.0,$63.19
David Taylor Republican House OH,Microsoft Corp MSFT:US,MSFT,2026-02-03,2026-01-29,Undisclosed,1K–15K,8000.0,$433.50
David Taylor Republican House OH,Microsoft Corp MSFT:US,MSFT,2026-02-03,2026-01-16,Undisclosed,1K–15K,8000.0,$459.86
David Taylor Republican House OH,The Progressive Corp PGR:US,PGR,2026-02-03,2026-01-16,Undisclosed,1K–15K,8000.0,$202.37
David Taylor Republican House OH,Prologis Inc PLD:US,PLD,2026-02-03,2026-01-29,Undisclosed,1K–15K,8000.0,$130.41
David Taylor Republican House OH,salesforce.com Inc CRM:US,CRM,2026-02-03,2026-01-29,Undisclosed,1K–15K,8000.0,$214.08
David Taylor Republican House OH,Visa Inc V:US,V,2026-02-03,2026-01-16,Undisclosed,1K–15K,8000.0,$328.30
David Taylor Republican House OH,Apple Inc AAPL:US,AAPL,2026-02-03,2026-01-16,Undisclosed,1K–15K,8000.0,$255.53
David Taylor Republican House OH,JPMorgan Chase & Co JPM:US,JPM,2026-02-03,2026-01-29,Undisclosed,1K–15K,8000.0,$306.42
David Taylor Republican House OH,The Kroger Co KR:US,KR,2026-02-03,2026-01-16,Undisclosed,1K–15K,8000.0,$63.19
April McClain Delaney Democrat House MD,Laboratory Corp of America Holdings LH:US,LH,2026-02-03,2026-01-28,Child,1K–15K,8000.0,$268.04
Katie Britt Republican Senate AL,Exxon Mobil Corp XOM:US,XOM,2026-01-27,2025-04-14,Spouse,1K–15K,8000.0,$103.39
Katie Britt Republican Senate AL,JPMorgan Chase & Co JPM:US,JPM,2026-01-27,2025-04-14,Spouse,1K–15K,8000.0,$234.72
Katie Britt Republican Senate AL,Alphabet Inc GOOGL:US,GOOGL,2026-01-27,2025-04-14,Spouse,1K–15K,8000.0,$161.47
Katie Britt Republican Senate AL,EOG Resources Inc EOG:US,EOG,2026-01-27,2025-04-14,Spouse,1K–15K,8000.0,$107.64
Katie Britt Republican Senate AL,Apple Inc AAPL:US,AAPL,2026-01-27,2025-04-14,Spouse,1K–15K,8000.0,$202.52
Katie Britt Republican Senate AL,Amazon.com Inc AMZN:US,AMZN,2026-01-27,2025-04-14,Spouse,1K–15K,8000.0,$182.12
Katie Britt Republican Senate AL,Walmart Inc WMT:US,WMT,2026-01-27,2025-04-14,Spouse,1K–15K,8000.0,$94.73
Katie Britt Republican Senate AL,Visa Inc V:US,V,2026-01-27,2025-04-14,Spouse,1K–15K,8000.0,$335.18
Katie Britt Republican Senate AL,Microsoft Corp MSFT:US,MSFT,2026-01-27,2025-04-14,Spouse,1K–15K,8000.0,$387.81
Katie Britt Republican Senate AL,Unitedhealth Group Inc UNH:US,UNH,2026-01-27,2025-04-14,Spouse,1K–15K,8000.0,$587.06
Katie Britt Republican Senate AL,NVIDIA Corporation NVDA:US,NVDA,2026-01-27,2025-04-14,Spouse,1K–15K,8000.0,$110.71
Katie Britt Republican Senate AL,Amazon.com Inc AMZN:US,AMZN,2026-01-27,2025-04-30,Spouse,1K–15K,8000.0,$184.42
Katie Britt Republican Senate AL,Apple Inc AAPL:US,AAPL,2026-01-27,2025-04-30,Spouse,1K–15K,8000.0,$212.50
Katie Britt Republican Senate AL,NVIDIA Corporation NVDA:US,NVDA,2026-01-27,2025-04-30,Spouse,1K–15K,8000.0,$108.92
Katie Britt Republican Senate AL,United Parcel Service Inc UPS:US,UPS,2026-01-27,2025-11-07,Spouse,1K–15K,8000.0,$95.95
Katie Britt Republican Senate AL,Visa Inc V:US,V,2026-01-27,2025-11-07,Spouse,1K–15K,8000.0,$336.02
Nancy Pelosi Democrat House CA,Alphabet Inc GOOGL:US,GOOGL,2026-01-26,2026-01-16,Spouse,500K–1M,750000.0,$150.00
Nancy Pelosi Democrat House CA,Amazon.com Inc AMZN:US,AMZN,2026-01-26,2026-01-16,Spouse,500K–1M,750000.0,$150.00
Nancy Pelosi Democrat House CA,Alphabet Inc GOOGL:US,GOOGL,2026-01-26,2025-12-30,Undisclosed,250K–500K,375000.0,N/A
Nancy Pelosi Democrat House CA,Apple Inc AAPL:US,AAPL,2026-01-26,2025-12-30,Spouse,250K–500K,375000.0,N/A
Nancy Pelosi Democrat House CA,NVIDIA Corporation NVDA:US,NVDA,2026-01-26,2026-01-16,Spouse,250K–500K,375000.0,$80.00
Nancy Pelosi Democrat House CA,Amazon.com Inc AMZN:US,AMZN,2026-01-26,2025-12-30,Spouse,100K–250K,175000.0,N/A
Nancy Pelosi Democrat House CA,NVIDIA Corporation NVDA:US,NVDA,2026-01-26,2025-12-30,Spouse,100K–250K,175000.0,N/A
Nancy Pelosi Democrat House CA,Vistra Corp VST:US,VST,2026-01-26,2026-01-16,Undisclosed,100K–250K,175000.0,$50.00
Tim Moore Republican House NC,AT&T Inc T:US,T,2026-01-26,2026-01-09,Undisclosed,15K–50K,32500.0,$23.99
Angus King Other Senate ME,Honeywell International Inc HON:US,HON,2026-01-26,2025-12-29,Spouse,1K–15K,8000.0,$197.09
Angus King Other Senate ME,Eli Lilly and Co LLY:US,LLY,2026-01-26,2025-12-29,Spouse,1K–15K,8000.0,"$1,078.73"
David Taylor Republican House OH,International Business Machines Corp IBM:US,IBM,2026-01-22,2026-01-08,Undisclosed,15K–50K,32500.0,$302.72
David Taylor Republican House OH,International Business Machines Corp IBM:US,IBM,2026-01-22,2026-01-08,Undisclosed,1K–15K,8000.0,$302.72
David Taylor Republican House OH,Microsoft Corp MSFT:US,MSFT,2026-01-22,2026-01-08,Undisclosed,1K–15K,8000.0,$478.11
David Taylor Republican House OH,Microsoft Corp MSFT:US,MSFT,2026-01-22,2026-01-08,Undisclosed,1K–15K,8000.0,$478.11
David Taylor Republican House OH,The Procter & Gamble Co PG:US,PG,2026-01-22,2026-01-09,Undisclosed,1K–15K,8000.0,$141.87
Gary Peters Democrat Senate MI,Stanley Black & Decker Inc SWK:US,SWK,2026-01-20,2026-01-12,Self,15K–50K,32500.0,$82.41
Cleo Fields Democrat House LA,Alphabet Inc GOOGL:US,GOOGL,2026-01-19,2025-12-26,Undisclosed,50K–100K,75000.0,$313.51
Jared Moskowitz Democrat House FL,Atmos Energy Corp ATO:US,ATO,2026-01-19,2025-12-02,Undisclosed,1K–15K,8000.0,$170.08
Jared Moskowitz Democrat House FL,McKesson Corp MCK:US,MCK,2026-01-19,2025-12-02,Child,1K–15K,8000.0,$829.70
Jared Moskowitz Democrat House FL,McKesson Corp MCK:US,MCK,2026-01-19,2025-12-02,Undisclosed,1K–15K,8000.0,$829.70
Jared Moskowitz Democrat House FL,Public Service Enterprise Group Inc PEG:US,PEG,2026-01-19,2025-12-02,Undisclosed,1K–15K,8000.0,$80.68
Jared Moskowitz Democrat House FL,The Southern Co SO:US,SO,2026-01-19,2025-12-02,Undisclosed,1K–15K,8000.0,$89.04
Markwayne Mullin Republican Senate OK,Alphabet Inc GOOGL:US,GOOGL,2026-01-16,2025-12-29,Joint,100K–250K,175000.0,$313.56
Markwayne Mullin Republican Senate OK,Microsoft Corp MSFT:US,MSFT,2026-01-16,2025-12-29,Joint,100K–250K,175000.0,$487.10
Markwayne Mullin Republican Senate OK,Amazon.com Inc AMZN:US,AMZN,2026-01-16,2025-12-29,Joint,100K–250K,175000.0,$232.07
Markwayne Mullin Republican Senate OK,NVIDIA Corporation NVDA:US,NVDA,2026-01-16,2025-12-29,Joint,100K–250K,175000.0,$188.22
Markwayne Mullin Republican Senate OK,Apple Inc AAPL:US,AAPL,2026-01-16,2025-12-29,Joint,100K–250K,175000.0,$273.76
Markwayne Mullin Republican Senate OK,JPMorgan Chase & Co JPM:US,JPM,2026-01-16,2025-12-29,Joint,50K–100K,75000.0,$323.75
Markwayne Mullin Republican Senate OK,Capital One Financial Corp COF:US,COF,2026-01-16,2025-12-29,Joint,50K–100K,75000.0,$245.75
Markwayne Mullin Republican Senate OK,Lam Research Corp LRCX:US,LRCX,2026-01-16,2025-12-29,Joint,50K–100K,75000.0,$175.87
Markwayne Mullin Republican Senate OK,Meta Platforms Inc META:US,META,2026-01-16,2025-12-29,Joint,50K–100K,75000.0,$658.69
Markwayne Mullin Republican Senate OK,Mastercard Inc MA:US,MA,2026-01-16,2025-12-29,Joint,50K–100K,75000.0,$577.90
Markwayne Mullin Republican Senate OK,Caterpillar Inc CAT:US,CAT,2026-01-16,2025-12-29,Joint,15K–50K,32500.0,$578.61
Markwayne Mullin Republican Senate OK,Eli Lilly and Co LLY:US,LLY,2026-01-16,2025-12-29,Joint,15K–50K,32500.0,"$1,078.73"
Markwayne Mullin Republican Senate OK,RTX Corp RTX:US,RTX,2026-01-16,2025-12-29,Joint,15K–50K,32500.0,$184.42
Markwayne Mullin Republican Senate OK,Intercontinental Exchange Inc ICE:US,ICE,2026-01-16,2025-12-29,Joint,15K–50K,32500.0,$163.98
Markwayne Mullin Republican Senate OK,DEERE & COMPANY DE:US,DE,2026-01-16,2025-12-29,Joint,15K–50K,32500.0,$470.24
Markwayne Mullin Republican Senate OK,Boston Scientific Corp BSX:US,BSX,2026-01-16,2025-12-29,Joint,15K–50K,32500.0,$95.76
Markwayne Mullin Republican Senate OK,The Goldman Sachs Group Inc GS:US,GS,2026-01-16,2025-12-29,Joint,15K–50K,32500.0,$892.18
Markwayne Mullin Republican Senate OK,The Coca-Cola Co KO:US,KO,2026-01-16,2025-12-29,Joint,15K–50K,32500.0,$70.16
Markwayne Mullin Republican Senate OK,salesforce.com Inc CRM:US,CRM,2026-01-16,2025-12-29,Joint,15K–50K,32500.0,$266.23
Markwayne Mullin Republican Senate OK,Iqvia Holdings Inc IQV:US,IQV,2026-01-16,2025-12-29,Joint,15K–50K,32500.0,$227.11
Markwayne Mullin Republican Senate OK,Elevance Health Inc ELV:US,ELV,2026-01-16,2025-12-29,Joint,15K–50K,32500.0,$348.38
Markwayne Mullin Republican Senate OK,Chevron Corp CVX:US,CVX,2026-01-16,2025-12-29,Joint,15K–50K,32500.0,$150.99
Markwayne Mullin Republican Senate OK,Hilton Worldwide Holdings Inc HLT:US,HLT,2026-01-16,2025-12-29,Joint,15K–50K,32500.0,$292.36
Markwayne Mullin Republican Senate OK,Applied Materials Inc AMAT:US,AMAT,2026-01-16,2025-12-29,Joint,15K–50K,32500.0,$263.05
Markwayne Mullin Republican Senate OK,Costco Wholesale Corp COST:US,COST,2026-01-16,2025-12-29,Joint,15K–50K,32500.0,$867.84
Markwayne Mullin Republican Senate OK,Intuitive Surgical Inc ISRG:US,ISRG,2026-01-16,2025-12-29,Joint,15K–50K,32500.0,$575.40
Markwayne Mullin Republican Senate OK,The Home Depot Inc HD:US,HD,2026-01-16,2025-12-29,Joint,15K–50K,32500.0,$347.45
Markwayne Mullin Republican Senate OK,Intuit Inc INTU:US,INTU,2026-01-16,2025-12-29,Joint,15K–50K,32500.0,$674.15
Markwayne Mullin Republican Senate OK,ServiceNow Inc NOW:US,NOW,2026-01-16,2025-12-29,Joint,15K–50K,32500.0,$154.58
Markwayne Mullin Republican Senate OK,ConocoPhillips COP:US,COP,2026-01-16,2025-12-29,Joint,15K–50K,32500.0,$92.63
Markwayne Mullin Republican Senate OK,American Express Co AXP:US,AXP,2026-01-16,2025-12-29,Joint,1K–15K,8000.0,$375.32
Dan Newhouse Republican House WA,Blackstone Group Inc BX:US,BX,2026-01-16,2025-12-11,Spouse,1K–15K,8000.0,$154.11
Dan Newhouse Republican House WA,Broadridge Financial Solutions Inc BR:US,BR,2026-01-16,2025-12-31,Spouse,1K–15K,8000.0,$223.17
Dan Newhouse Republican House WA,Schwab (Charles) Corp SCHW:US,SCHW,2026-01-16,2025-12-11,Spouse,1K–15K,8000.0,$97.05
Dan Newhouse Republican House WA,Lululemon Athletica Inc LULU:US,LULU,2026-01-16,2025-12-11,Spouse,1K–15K,8000.0,$187.01
Dan Newhouse Republican House WA,NXP Semiconductors NV NXPI:US,NXPI,2026-01-16,2025-12-11,Spouse,1K–15K,8000.0,$231.83
Dan Newhouse Republican House WA,Palo Alto Networks Inc PANW:US,PANW,2026-01-16,2025-12-11,Spouse,1K–15K,8000.0,$190.36
Dan Newhouse Republican House WA,Royal Caribbean Group RCL:US,RCL,2026-01-16,2025-12-31,Spouse,1K–15K,8000.0,$278.92
Dan Newhouse Republican House WA,Synopsys Inc SNPS:US,SNPS,2026-01-16,2025-12-31,Spouse,1K–15K,8000.0,$469.72
Dan Newhouse Republican House WA,Textron Inc TXT:US,TXT,2026-01-16,2025-12-11,Spouse,1K–15K,8000.0,$86.85
Dan Newhouse Republican House WA,T-Mobile US Inc TMUS:US,TMUS,2026-01-16,2025-12-11,Spouse,1K–15K,8000.0,$195.33
Roger Williams Republican House TX,JPMorgan Chase & Co JPM:US,JPM,2026-01-16,2025-12-22,Undisclosed,1K–15K,8000.0,$323.09
Roger Williams Republican House TX,RTX Corp RTX:US,RTX,2026-01-16,2025-12-22,Undisclosed,1K–15K,8000.0,$185.68
Rick Larsen Democrat House WA,Darden Restaurants Inc DRI:US,DRI,2026-01-15,2026-01-07,Undisclosed,1K–15K,8000.0,$199.77
Rick Larsen Democrat House WA,Meta Platforms Inc META:US,META,2026-01-15,2026-01-07,Undisclosed,1K–15K,8000.0,$648.69
Rick Larsen Democrat House WA,Waste Management Inc WM:US,WM,2026-01-15,2026-01-07,Undisclosed,1K–15K,8000.0,$215.97
Julia Letlow Republican House LA,Apple Inc AAPL:US,AAPL,2026-01-14,2024-10-23,Undisclosed,15K–50K,32500.0,$230.76
Julia Letlow Republican House LA,3M Co MMM:US,MMM,2026-01-14,2025-01-17,Undisclosed,1K–15K,8000.0,$141.03
Julia Letlow Republican House LA,Abbott Laboratories ABT:US,ABT,2026-01-14,2024-10-23,Undisclosed,1K–15K,8000.0,$117.01
Julia Letlow Republican House LA,AbbVie Inc ABBV:US,ABBV,2026-01-14,2024-10-23,Undisclosed,1K–15K,8000.0,$187.88
Julia Letlow Republican House LA,AbbVie Inc ABBV:US,ABBV,2026-01-14,2025-04-28,Undisclosed,1K–15K,8000.0,$192.34
Julia Letlow Republican House LA,Accenture PLC ACN:US,ACN,2026-01-14,2025-04-22,Undisclosed,1K–15K,8000.0,$283.96
Julia Letlow Republican House LA,Accenture PLC ACN:US,ACN,2026-01-14,2024-10-23,Undisclosed,1K–15K,8000.0,$370.63
Julia Letlow Republican House LA,Adobe Inc ADBE:US,ADBE,2026-01-14,2025-01-24,Undisclosed,1K–15K,8000.0,$435.38
Julia Letlow Republican House LA,Advanced Micro Devices Inc AMD:US,AMD,2026-01-14,2025-06-17,Undisclosed,1K–15K,8000.0,$127.10
Julia Letlow Republican House LA,Alphabet Inc GOOGL:US,GOOGL,2026-01-14,2025-07-02,Undisclosed,1K–15K,8000.0,$178.64
Julia Letlow Republican House LA,Amazon.com Inc AMZN:US,AMZN,2026-01-14,2024-10-23,Undisclosed,1K–15K,8000.0,$184.71
Julia Letlow Republican House LA,Amazon.com Inc AMZN:US,AMZN,2026-01-14,2025-10-01,Undisclosed,1K–15K,8000.0,$220.63
Julia Letlow Republican House LA,American International Group Inc AIG:US,AIG,2026-01-14,2025-02-24,Undisclosed,1K–15K,8000.0,$78.57
Julia Letlow Republican House LA,Amgen Inc AMGN:US,AMGN,2026-01-14,2024-10-23,Undisclosed,1K–15K,8000.0,$314.90
Julia Letlow Republican House LA,Apple Inc AAPL:US,AAPL,2026-01-14,2025-01-31,Undisclosed,1K–15K,8000.0,$236.00
Julia Letlow Republican House LA,Arthur J. Gallagher & Co AJG:US,AJG,2026-01-14,2024-10-23,Undisclosed,1K–15K,8000.0,$288.93
Julia Letlow Republican House LA,Assurant Inc AIZ:US,AIZ,2026-01-14,2025-08-26,Undisclosed,1K–15K,8000.0,$214.24
Julia Letlow Republican House LA,AT&T Inc T:US,T,2026-01-14,2024-10-23,Undisclosed,1K–15K,8000.0,$22.49
Julia Letlow Republican House LA,AT&T Inc T:US,T,2026-01-14,2024-10-25,Undisclosed,1K–15K,8000.0,$21.83
Julia Letlow Republican House LA,Boeing Co BA:US,BA,2026-01-14,2024-10-23,Undisclosed,1K–15K,8000.0,$157.06
Julia Letlow Republican House LA,Bristol-Myers Squibb Co BMY:US,BMY,2026-01-14,2024-10-23,Undisclosed,1K–15K,8000.0,$53.06
Julia Letlow Republican House LA,Broadcom Inc AVGO:US,AVGO,2026-01-14,2024-10-23,Undisclosed,1K–15K,8000.0,$173.51
Julia Letlow Republican House LA,Boston Properties Inc BXP:US,BXP,2026-01-14,2024-10-23,Undisclosed,1K–15K,8000.0,$86.96
Julia Letlow Republican House LA,Centene Corp CNC:US,CNC,2026-01-14,2025-04-14,Undisclosed,1K–15K,8000.0,$63.01
Julia Letlow Republican House LA,CF Industries Holdings Inc CF:US,CF,2026-01-14,2024-10-23,Undisclosed,1K–15K,8000.0,$84.17
Julia Letlow Republican House LA,Chevron Corp CVX:US,CVX,2026-01-14,2024-10-23,Undisclosed,1K–15K,8000.0,$150.48
Julia Letlow Republican House LA,Chipotle Mexican Grill Inc CMG:US,CMG,2026-01-14,2025-08-26,Undisclosed,1K–15K,8000.0,$42.52
Julia Letlow Republican House LA,Cisco Systems Inc CSCO:US,CSCO,2026-01-14,2025-06-17,Undisclosed,1K–15K,8000.0,$65.33
Julia Letlow Republican House LA,Citigroup Inc C:US,C,2026-01-14,2025-01-31,Undisclosed,1K–15K,8000.0,$81.43
Julia Letlow Republican House LA,The Coca-Cola Co KO:US,KO,2026-01-14,2025-11-03,Undisclosed,1K–15K,8000.0,$67.97
Julia Letlow Republican House LA,CVS Health Corp CVS:US,CVS,2026-01-14,2024-10-25,Undisclosed,1K–15K,8000.0,N/A
Julia Letlow Republican House LA,Danaher Corp DHR:US,DHR,2026-01-14,2025-04-28,Undisclosed,1K–15K,8000.0,$195.91
Julia Letlow Republican House LA,DEERE & COMPANY DE:US,DE,2026-01-14,2025-01-31,Undisclosed,1K–15K,8000.0,$476.56
Julia Letlow Republican House LA,Devon Energy Corp DVN:US,DVN,2026-01-14,2025-12-08,Undisclosed,1K–15K,8000.0,$37.57
Julia Letlow Republican House LA,Dollar Tree Inc DLTR:US,DLTR,2026-01-14,,Undisclosed,1K–15K,8000.0,$97.78
Julia Letlow Republican House LA,Dover Corp DOV:US,DOV,2026-01-14,2024-10-23,Undisclosed,1K–15K,8000.0,$191.68
Julia Letlow Republican House LA,Duke Energy Corp DUK:US,DUK,2026-01-14,2024-10-23,Undisclosed,1K–15K,8000.0,$120.57
Julia Letlow Republican House LA,Extra Space Storage Inc EXR:US,EXR,2026-01-14,2025-02-07,Undisclosed,1K–15K,8000.0,$156.00
Julia Letlow Republican House LA,The Goldman Sachs Group Inc GS:US,GS,2026-01-14,2024-10-23,Undisclosed,1K–15K,8000.0,$517.20
Julia Letlow Republican House LA,Hewlett Packard Enterprise Co HPE:US,HPE,2026-01-14,2025-01-24,Undisclosed,1K–15K,8000.0,$24.37
Julia Letlow Republican House LA,Humana Inc HUM:US,HUM,2026-01-14,2025-08-08,Undisclosed,1K–15K,8000.0,$266.68
Julia Letlow Republican House LA,Ingersoll Rand Inc IR:US,IR,2026-01-14,2024-10-23,Undisclosed,1K–15K,8000.0,$96.39
Julia Letlow Republican House LA,Intel Corp INTC:US,INTC,2026-01-14,,Undisclosed,1K–15K,8000.0,$28.76
Julia Letlow Republican House LA,Intercontinental Exchange Inc ICE:US,ICE,2026-01-14,2024-10-23,Undisclosed,1K–15K,8000.0,$165.00
Julia Letlow Republican House LA,International Business Machines Corp IBM:US,IBM,2026-01-14,2025-10-22,Undisclosed,1K–15K,8000.0,$287.51
Julia Letlow Republican House LA,Intuit Inc INTU:US,INTU,2026-01-14,2025-10-01,Undisclosed,1K–15K,8000.0,$679.50
Julia Letlow Republican House LA,Johnson Controls International PLC JCI:US,JCI,2026-01-14,2025-03-19,Undisclosed,1K–15K,8000.0,$82.89
Julia Letlow Republican House LA,JPMorgan Chase & Co JPM:US,JPM,2026-01-14,2024-10-23,Undisclosed,1K–15K,8000.0,$223.41
Julia Letlow Republican House LA,JPMorgan Chase & Co JPM:US,JPM,2026-01-14,2024-10-25,Undisclosed,1K–15K,8000.0,N/A
Julia Letlow Republican House LA,KENVUE INC KVUE:US,KVUE,2026-01-14,2024-10-23,Undisclosed,1K–15K,8000.0,$22.76
Julia Letlow Republican House LA,Las Vegas Sands Corp LVS:US,LVS,2026-01-14,2024-10-23,Undisclosed,1K–15K,8000.0,$51.04
Julia Letlow Republican House LA,Lowe's Cos Inc LOW:US,LOW,2026-01-14,2024-10-23,Undisclosed,1K–15K,8000.0,$270.11
Julia Letlow Republican House LA,Lowe's Cos Inc LOW:US,LOW,2026-01-14,2025-08-08,Undisclosed,1K–15K,8000.0,$241.15
Julia Letlow Republican House LA,McCormick & Co Inc MKC:US,MKC,2026-01-14,2024-10-23,Undisclosed,1K–15K,8000.0,$79.37
Julia Letlow Republican House LA,McKesson Corp MCK:US,MCK,2026-01-14,2024-12-18,Undisclosed,1K–15K,8000.0,$570.98
Julia Letlow Republican House LA,Meta Platforms Inc META:US,META,2026-01-14,2025-01-31,Undisclosed,1K–15K,8000.0,$689.18
Julia Letlow Republican House LA,Meta Platforms Inc META:US,META,2026-01-14,2024-10-23,Undisclosed,1K–15K,8000.0,$563.69
Julia Letlow Republican House LA,Mettler-Toledo International Inc MTD:US,MTD,2026-01-14,2025-07-25,Undisclosed,1K–15K,8000.0,"$1,263.99"
Julia Letlow Republican House LA,Mettler-Toledo International Inc MTD:US,MTD,2026-01-14,2024-12-18,Undisclosed,1K–15K,8000.0,"$1,214.44"
Julia Letlow Republican House LA,Micron Technology Inc MU:US,MU,2026-01-14,2024-12-18,Undisclosed,1K–15K,8000.0,$103.90
Julia Letlow Republican House LA,Micron Technology Inc MU:US,MU,2026-01-14,2025-04-14,Undisclosed,1K–15K,8000.0,$71.02
Julia Letlow Republican House LA,Microsoft Corp MSFT:US,MSFT,2026-01-14,2024-10-25,Undisclosed,1K–15K,8000.0,N/A
Julia Letlow Republican House LA,Microsoft Corp MSFT:US,MSFT,2026-01-14,2024-10-23,Undisclosed,1K–15K,8000.0,$424.60
Julia Letlow Republican House LA,Microsoft Corp MSFT:US,MSFT,2026-01-14,2024-12-06,Undisclosed,1K–15K,8000.0,$443.57
Julia Letlow Republican House LA,Microsoft Corp MSFT:US,MSFT,2026-01-14,2025-05-08,Undisclosed,1K–15K,8000.0,$438.17
Julia Letlow Republican House LA,NextEra Energy Inc NEE:US,NEE,2026-01-14,2024-10-23,Undisclosed,1K–15K,8000.0,$84.96
Julia Letlow Republican House LA,NextEra Energy Inc NEE:US,NEE,2026-01-14,2024-11-01,Undisclosed,1K–15K,8000.0,$77.35
Julia Letlow Republican House LA,Nucor Corp NUE:US,NUE,2026-01-14,2024-10-23,Undisclosed,1K–15K,8000.0,$141.66
Julia Letlow Republican House LA,NVIDIA Corporation NVDA:US,NVDA,2026-01-14,2024-10-23,Undisclosed,1K–15K,8000.0,$139.56
Julia Letlow Republican House LA,Parker-Hannifin Corp PH:US,PH,2026-01-14,2024-10-23,Undisclosed,1K–15K,8000.0,$629.70
Julia Letlow Republican House LA,PepsiCo Inc PEP:US,PEP,2026-01-14,2024-10-25,Undisclosed,1K–15K,8000.0,N/A
Julia Letlow Republican House LA,Pfizer Inc PFE:US,PFE,2026-01-14,2025-06-17,Undisclosed,1K–15K,8000.0,$24.00
Julia Letlow Republican House LA,Philip Morris International Inc PM:US,PM,2026-01-14,2024-10-23,Undisclosed,1K–15K,8000.0,$131.41
Julia Letlow Republican House LA,The PNC Financial Services Group Inc PNC:US,PNC,2026-01-14,2024-10-23,Undisclosed,1K–15K,8000.0,$188.21
Julia Letlow Republican House LA,The Procter & Gamble Co PG:US,PG,2026-01-14,2025-10-16,Undisclosed,1K–15K,8000.0,$149.60
Julia Letlow Republican House LA,Public Service Enterprise Group Inc PEG:US,PEG,2026-01-14,2024-10-23,Undisclosed,1K–15K,8000.0,$90.73
Julia Letlow Republican House LA,Quest Diagnostics Inc DGX:US,DGX,2026-01-14,2025-04-28,Undisclosed,1K–15K,8000.0,$176.68
Julia Letlow Republican House LA,salesforce.com Inc CRM:US,CRM,2026-01-14,2024-10-23,Undisclosed,1K–15K,8000.0,$284.43
Julia Letlow Republican House LA,salesforce.com Inc CRM:US,CRM,2026-01-14,2025-07-25,Undisclosed,1K–15K,8000.0,$269.11
Julia Letlow Republican House LA,Schlumberger Ltd SLB:US,SLB,2026-01-14,2024-10-23,Undisclosed,1K–15K,8000.0,$42.13
Julia Letlow Republican House LA,State Street Corporation STT:US,STT,2026-01-14,2025-05-27,Undisclosed,1K–15K,8000.0,$97.43
Julia Letlow Republican House LA,Stryker Corp SYK:US,SYK,2026-01-14,2024-10-23,Undisclosed,1K–15K,8000.0,$363.24
Julia Letlow Republican House LA,Synchrony Financial SYF:US,SYF,2026-01-14,2025-07-02,Undisclosed,1K–15K,8000.0,$69.47
Julia Letlow Republican House LA,Take-Two Interactive Software Inc TTWO:US,TTWO,2026-01-14,2025-04-14,Undisclosed,1K–15K,8000.0,$212.95
Julia Letlow Republican House LA,Take-Two Interactive Software Inc TTWO:US,TTWO,2026-01-14,2025-07-29,Undisclosed,1K–15K,8000.0,$223.98
Julia Letlow Republican House LA,Tapestry Inc TPR:US,TPR,2026-01-14,2024-10-23,Undisclosed,1K–15K,8000.0,$43.54
Julia Letlow Republican House LA,The Bank of New York Mellon Corp BK:US,BK,2026-01-14,2024-10-23,Undisclosed,1K–15K,8000.0,$76.37
Julia Letlow Republican House LA,Cigna Corp CI:US,CI,2026-01-14,2024-10-23,Undisclosed,1K–15K,8000.0,$317.57
Julia Letlow Republican House LA,The Kraft Heinz Co KHC:US,KHC,2026-01-14,2024-10-23,Undisclosed,1K–15K,8000.0,$35.50
Julia Letlow Republican House LA,The Walt Disney Co DIS:US,DIS,2026-01-14,2024-10-25,Undisclosed,1K–15K,8000.0,$95.03
Julia Letlow Republican House LA,Thermo Fisher Scientific Inc TMO:US,TMO,2026-01-14,2024-10-23,Undisclosed,1K–15K,8000.0,$576.49
Julia Letlow Republican House LA,Thermo Fisher Scientific Inc TMO:US,TMO,2026-01-14,2025-07-25,Undisclosed,1K–15K,8000.0,$478.32
Julia Letlow Republican House LA,United Rentals Inc URI:US,URI,2026-01-14,2025-12-16,Undisclosed,1K–15K,8000.0,$818.68
Julia Letlow Republican House LA,Unitedhealth Group Inc UNH:US,UNH,2026-01-14,2025-04-22,Undisclosed,1K–15K,8000.0,$427.18
Julia Letlow Republican House LA,Unitedhealth Group Inc UNH:US,UNH,2026-01-14,2024-10-23,Undisclosed,1K–15K,8000.0,$564.64
Julia Letlow Republican House LA,Universal Health Services Inc UHS:US,UHS,2026-01-14,2025-10-23,Undisclosed,1K–15K,8000.0,$208.63
Julia Letlow Republican House LA,Vertex Pharmaceuticals Inc VRTX:US,VRTX,2026-01-14,2024-10-23,Undisclosed,1K–15K,8000.0,$470.05
Julia Letlow Republican House LA,Visa Inc V:US,V,2026-01-14,2024-10-25,Undisclosed,1K–15K,8000.0,N/A
Julia Letlow Republican House LA,Visa Inc V:US,V,2026-01-14,2024-10-23,Undisclosed,1K–15K,8000.0,$283.76
Julia Letlow Republican House LA,Visa Inc V:US,V,2026-01-14,2025-07-24,Undisclosed,1K–15K,8000.0,$353.97
Julia Letlow Republican House LA,Walmart Inc WMT:US,WMT,2026-01-14,2024-10-25,Undisclosed,1K–15K,8000.0,N/A
Julia Letlow Republican House LA,The Walt Disney Co DIS:US,DIS,2026-01-14,2025-11-03,Undisclosed,1K–15K,8000.0,$112.12
Julia Letlow Republican House LA,Warner Bros Discover Inc WBD:US,WBD,2026-01-14,2024-11-01,Undisclosed,1K–15K,8000.0,$8.23
Julia Letlow Republican House LA,Waters Corp WAT:US,WAT,2026-01-14,2024-10-23,Undisclosed,1K–15K,8000.0,$333.28
Julia Letlow Republican House LA,Waters Corp WAT:US,WAT,2026-01-14,2025-12-08,Undisclosed,1K–15K,8000.0,$392.75
Julia Letlow Republican House LA,Wells Fargo & Co WFC:US,WFC,2026-01-14,2024-10-23,Undisclosed,1K–15K,8000.0,$64.56
Julia Letlow Republican House LA,Welltower Inc WELL:US,WELL,2026-01-14,2024-10-23,Undisclosed,1K–15K,8000.0,$131.77
Gil Cisneros Democrat House CA,Campbell Soup Co CPB:US,CPB,2026-01-13,2025-12-30,Undisclosed,50K–100K,75000.0,$28.06
Gil Cisneros Democrat House CA,Unitedhealth Group Inc UNH:US,UNH,2026-01-13,2025-12-19,Undisclosed,15K–50K,32500.0,$327.42
John Boozman Republican Senate AR,Wells Fargo & Co WFC:US,WFC,2026-01-13,2025-12-17,Joint,1K–15K,8000.0,$92.59
John Boozman Republican Senate AR,SUPER MICRO COMPUTER INC SMCI:US,SMCI,2026-01-13,2025-12-11,Joint,1K–15K,8000.0,$34.02
John Boozman Republican Senate AR,Microsoft Corp MSFT:US,MSFT,2026-01-13,2025-12-17,Joint,1K–15K,8000.0,$476.12
John Boozman Republican Senate AR,Arista Networks Inc ANET:US,ANET,2026-01-13,2025-12-11,Joint,1K–15K,8000.0,$134.39
John Boozman Republican Senate AR,Apple Inc AAPL:US,AAPL,2026-01-13,2025-12-17,Joint,1K–15K,8000.0,$271.84
Gil Cisneros Democrat House CA,Accenture PLC ACN:US,ACN,2026-01-13,2025-12-19,Undisclosed,1K–15K,8000.0,$272.25
Gil Cisneros Democrat House CA,Arthur J. Gallagher & Co AJG:US,AJG,2026-01-13,2025-12-19,Undisclosed,1K–15K,8000.0,$253.39
Gil Cisneros Democrat House CA,Baker Hughes a GE Co BKR:US,BKR,2026-01-13,2025-12-19,Undisclosed,1K–15K,8000.0,$44.71
Gil Cisneros Democrat House CA,Block Inc SQ:US,SQ,2026-01-13,2025-12-19,Undisclosed,1K–15K,8000.0,$65.33
Gil Cisneros Democrat House CA,Boeing Co BA:US,BA,2026-01-13,2025-12-19,Undisclosed,1K–15K,8000.0,$214.08
Gil Cisneros Democrat House CA,Booking Holdings Inc BKNG:US,BKNG,2026-01-13,2025-12-19,Undisclosed,1K–15K,8000.0,"$5,393.74"
Gil Cisneros Democrat House CA,Bristol-Myers Squibb Co BMY:US,BMY,2026-01-13,2025-12-19,Undisclosed,1K–15K,8000.0,$54.19
Gil Cisneros Democrat House CA,Broadcom Inc AVGO:US,AVGO,2026-01-13,2025-12-17,Undisclosed,1K–15K,8000.0,$326.02
Gil Cisneros Democrat House CA,The Clorox Co CLX:US,CLX,2026-01-13,2025-12-19,Undisclosed,1K–15K,8000.0,$98.31
Gil Cisneros Democrat House CA,Constellation Brands Inc STZ:US,STZ,2026-01-13,2025-12-19,Undisclosed,1K–15K,8000.0,$135.01
Gil Cisneros Democrat House CA,CoStar Group Inc CSGP:US,CSGP,2026-01-13,2025-12-10,Undisclosed,1K–15K,8000.0,$67.87
Gil Cisneros Democrat House CA,Fair Isaac Corporation FICO:US,FICO,2026-01-13,2025-12-19,Undisclosed,1K–15K,8000.0,"$1,748.43"
Gil Cisneros Democrat House CA,Fidelity National Information Services Inc FIS:US,FIS,2026-01-13,2025-12-19,Undisclosed,1K–15K,8000.0,$66.05
Gil Cisneros Democrat House CA,GE VERNOVA INC GEV:US,GEV,2026-01-13,2025-12-19,Undisclosed,1K–15K,8000.0,$658.28
Gil Cisneros Democrat House CA,General Mills Inc GIS:US,GIS,2026-01-13,2025-12-19,Undisclosed,1K–15K,8000.0,$47.86
Gil Cisneros Democrat House CA,International Business Machines Corp IBM:US,IBM,2026-01-13,2025-12-19,Undisclosed,1K–15K,8000.0,$300.98
Gil Cisneros Democrat House CA,Intuitive Surgical Inc ISRG:US,ISRG,2026-01-13,2025-12-10,Undisclosed,1K–15K,8000.0,$555.92
Gil Cisneros Democrat House CA,Invitation Homes Inc INVH:US,INVH,2026-01-13,2025-12-19,Undisclosed,1K–15K,8000.0,$27.05
Gil Cisneros Democrat House CA,Linde PLC LIN:US,LIN,2026-01-13,2025-12-19,Undisclosed,1K–15K,8000.0,$421.43
Gil Cisneros Democrat House CA,Merck & Co Inc MRK:US,MRK,2026-01-13,2025-12-19,Undisclosed,1K–15K,8000.0,$101.09
Gil Cisneros Democrat House CA,Realty Income Corp O:US,O,2026-01-13,2025-12-19,Undisclosed,1K–15K,8000.0,$56.33
Gil Cisneros Democrat House CA,Stryker Corp SYK:US,SYK,2026-01-13,2025-12-10,Undisclosed,1K–15K,8000.0,$353.80
Gil Cisneros Democrat House CA,Targa Resources Corp TRGP:US,TRGP,2026-01-13,2025-12-19,Undisclosed,1K–15K,8000.0,$178.93
Gil Cisneros Democrat House CA,Cigna Corp CI:US,CI,2026-01-13,2025-12-19,Undisclosed,1K–15K,8000.0,$271.89
Gil Cisneros Democrat House CA,The Cooper Cos Inc COO:US,COO,2026-01-13,2025-12-10,Undisclosed,1K–15K,8000.0,$80.74
Gil Cisneros Democrat House CA,Uber Technologies Inc UBER:US,UBER,2026-01-13,2025-12-19,Undisclosed,1K–15K,8000.0,$79.31
Gil Cisneros Democrat House CA,United Airlines Holdings Inc UAL:US,UAL,2026-01-13,2025-12-19,Undisclosed,1K–15K,8000.0,$113.99
Gil Cisneros Democrat House CA,Verisign Inc VRSN:US,VRSN,2026-01-13,2025-12-19,Undisclosed,1K–15K,8000.0,$244.03
Gil Cisneros Democrat House CA,VICI Properties Inc VICI:US,VICI,2026-01-13,2025-12-19,Undisclosed,1K–15K,8000.0,$27.70
Gil Cisneros Democrat House CA,Zoetis Inc ZTS:US,ZTS,2026-01-13,2025-12-19,Undisclosed,1K–15K,8000.0,$122.24
Jonathan Jackson Democrat House IL,Palantir Technologies Inc PLTR:US,PLTR,2026-01-09,2025-12-22,Joint,15K–50K,32500.0,$193.98
Gary Peters Democrat Senate MI,Verizon Communications Inc VZ:US,VZ,2026-01-08,2025-12-12,Self,1K–15K,8000.0,$40.89
April McClain Delaney Democrat House MD,Bio-Techne Corp TECH:US,TECH,2026-01-06,2025-12-02,Child,1K–15K,8000.0,$62.95
April McClain Delaney Democrat House MD,Bio-Techne Corp TECH:US,TECH,2026-01-06,2025-12-05,Child,1K–15K,8000.0,$61.68
April McClain Delaney Democrat House MD,Brown & Brown Inc BRO:US,BRO,2026-01-06,2025-12-05,Child,1K–15K,8000.0,$78.37
April McClain Delaney Democrat House MD,Brown & Brown Inc BRO:US,BRO,2026-01-06,2025-12-12,Child,1K–15K,8000.0,$81.62
April McClain Delaney Democrat House MD,Live Nation Entertainment Inc LYV:US,LYV,2026-01-06,2025-12-02,Child,1K–15K,8000.0,$128.54
April McClain Delaney Democrat House MD,Martin Marietta Materials Inc MLM:US,MLM,2026-01-06,2025-12-02,Child,1K–15K,8000.0,$607.99
April McClain Delaney Democrat House MD,Tractor Supply Co TSCO:US,TSCO,2026-01-06,2025-12-02,Child,1K–15K,8000.0,$53.22
April McClain Delaney Democrat House MD,Tractor Supply Co TSCO:US,TSCO,2026-01-06,2025-12-12,Child,1K–15K,8000.0,$51.97
Lloyd Doggett Democrat House TX,The Coca-Cola Co KO:US,KO,2026-01-05,2025-12-15,Undisclosed,1K–15K,8000.0,$70.97
Lloyd Doggett Democrat House TX,The Home Depot Inc HD:US,HD,2026-01-05,2025-12-18,Undisclosed,1K–15K,8000.0,$354.99
Lloyd Doggett Democrat House TX,International Business Machines Corp IBM:US,IBM,2026-01-05,2025-12-12,Undisclosed,1K–15K,8000.0,$309.24
Lloyd Doggett Democrat House TX,Johnson & Johnson JNJ:US,JNJ,2026-01-05,2025-12-09,Undisclosed,1K–15K,8000.0,$199.96
Lloyd Doggett Democrat House TX,PPG Industries Inc PPG:US,PPG,2026-01-05,2025-12-12,Undisclosed,1K–15K,8000.0,$103.54
Jefferson Shreve Republican House IN,JPMorgan Chase & Co JPM:US,JPM,2026-01-02,2025-12-30,Undisclosed,5M–25M,15000000.0,N/A
Jefferson Shreve Republican House IN,Prudential Financial Inc PRU:US,PRU,2026-01-02,2025-12-29,Undisclosed,5M–25M,15000000.0,N/A
Rob Bresnahan Republican House PA,Berkshire Hathaway Inc BRK/B:US,BRK/B,2025-12-22,2025-11-19,Undisclosed,50K–100K,75000.0,N/A
Tim Moore Republican House NC,Verizon Communications Inc VZ:US,VZ,2025-12-22,2025-12-10,Undisclosed,15K–50K,32500.0,$39.92
Rob Bresnahan Republican House PA,Berkshire Hathaway Inc BRK/B:US,BRK/B,2025-12-22,2025-11-19,Undisclosed,15K–50K,32500.0,N/A
Rob Bresnahan Republican House PA,Berkshire Hathaway Inc BRK/B:US,BRK/B,2025-12-22,2025-11-19,Undisclosed,15K–50K,32500.0,N/A
David Taylor Republican House OH,Eaton Corp PLC ETN:US,ETN,2025-12-22,2025-12-10,Undisclosed,1K–15K,8000.0,$353.45
David Taylor Republican House OH,The Home Depot Inc HD:US,HD,2025-12-22,2025-12-10,Undisclosed,1K–15K,8000.0,$351.13
Dwight Evans Democrat House PA,NVIDIA Corporation NVDA:US,NVDA,2025-12-22,2025-11-21,Undisclosed,1K–15K,8000.0,$178.88
Rob Bresnahan Republican House PA,Berkshire Hathaway Inc BRK/B:US,BRK/B,2025-12-22,2025-11-19,Undisclosed,1K–15K,8000.0,N/A
Mitch McConnell Republican Senate KY,Wells Fargo & Co WFC:US,WFC,2025-12-19,2025-12-01,Spouse,1K–15K,8000.0,$85.40
Thomas Kean Jr Republican House NJ,Texas Instruments Inc TXN:US,TXN,2025-12-19,2025-11-26,Undisclosed,1K–15K,8000.0,$165.35
Cleo Fields Democrat House LA,Alphabet Inc GOOGL:US,GOOGL,2025-12-18,2025-12-11,Undisclosed,100K–250K,175000.0,$312.43
Cleo Fields Democrat House LA,Alphabet Inc GOOGL:US,GOOGL,2025-12-18,2025-12-09,Undisclosed,50K–100K,75000.0,$317.08
Cleo Fields Democrat House LA,Alphabet Inc GOOGL:US,GOOGL,2025-12-18,2025-12-01,Undisclosed,50K–100K,75000.0,$314.89
Cleo Fields Democrat House LA,Alphabet Inc GOOGL:US,GOOGL,2025-12-18,2025-12-15,Undisclosed,15K–50K,32500.0,$308.22
Cleo Fields Democrat House LA,Alphabet Inc GOOGL:US,GOOGL,2025-12-18,2025-12-15,Undisclosed,1K–15K,8000.0,$309.32
Cleo Fields Democrat House LA,Microsoft Corp MSFT:US,MSFT,2025-12-18,2025-12-11,Undisclosed,1K–15K,8000.0,$483.47
Cleo Fields Democrat House LA,Microsoft Corp MSFT:US,MSFT,2025-12-18,2025-12-11,Undisclosed,1K–15K,8000.0,$483.47
Cleo Fields Democrat House LA,Netflix Inc NFLX:US,NFLX,2025-12-18,2025-12-03,Undisclosed,1K–15K,8000.0,$103.96
Cleo Fields Democrat House LA,Netflix Inc NFLX:US,NFLX,2025-12-18,2025-12-03,Undisclosed,1K–15K,8000.0,$103.96
Gil Cisneros Democrat House CA,Microsoft Corp MSFT:US,MSFT,2025-12-16,2025-11-18,Undisclosed,50K–100K,75000.0,$493.79
Gil Cisneros Democrat House CA,Advanced Micro Devices Inc AMD:US,AMD,2025-12-16,2025-11-18,Undisclosed,15K–50K,32500.0,$230.29
Gil Cisneros Democrat House CA,Alibaba Group Holding Ltd BABA:US,BABA,2025-12-16,2025-11-19,Undisclosed,15K–50K,32500.0,$158.89
Gil Cisneros Democrat House CA,Amazon.com Inc AMZN:US,AMZN,2025-12-16,2025-11-18,Undisclosed,15K–50K,32500.0,$222.55
Gil Cisneros Democrat House CA,NVIDIA Corporation NVDA:US,NVDA,2025-12-16,2025-11-18,Undisclosed,15K–50K,32500.0,$181.36
Gil Cisneros Democrat House CA,Abbott Laboratories ABT:US,ABT,2025-12-16,2025-11-18,Undisclosed,1K–15K,8000.0,$130.00
Gil Cisneros Democrat House CA,Alexandria Real Estate Equities Inc ARE:US,ARE,2025-12-16,2025-11-18,Undisclosed,1K–15K,8000.0,$50.80
Gil Cisneros Democrat House CA,Alibaba Group Holding Ltd BABA:US,BABA,2025-12-16,2025-11-19,Undisclosed,1K–15K,8000.0,$158.89
Gil Cisneros Democrat House CA,Alphabet Inc GOOGL:US,GOOGL,2025-12-16,2025-11-18,Undisclosed,1K–15K,8000.0,$284.28
Gil Cisneros Democrat House CA,Amazon.com Inc AMZN:US,AMZN,2025-12-16,2025-11-18,Undisclosed,1K–15K,8000.0,$222.55
Gil Cisneros Democrat House CA,Amcor PLC AMCR:US,AMCR,2025-12-16,2025-11-18,Undisclosed,1K–15K,8000.0,$8.46
Gil Cisneros Democrat House CA,Apple Inc AAPL:US,AAPL,2025-12-16,2025-11-18,Undisclosed,1K–15K,8000.0,$267.44
Gil Cisneros Democrat House CA,Arista Networks Inc ANET:US,ANET,2025-12-16,2025-11-18,Undisclosed,1K–15K,8000.0,$123.45
Gil Cisneros Democrat House CA,AutoZone Inc AZO:US,AZO,2025-12-16,2025-11-18,Undisclosed,1K–15K,8000.0,"$3,827.89"
Gil Cisneros Democrat House CA,Berkshire Hathaway Inc BRK/B:US,BRK/B,2025-12-16,2025-11-18,Undisclosed,1K–15K,8000.0,$504.37
Gil Cisneros Democrat House CA,Block Inc SQ:US,SQ,2025-12-16,2025-11-18,Undisclosed,1K–15K,8000.0,$57.64
Gil Cisneros Democrat House CA,Booking Holdings Inc BKNG:US,BKNG,2025-12-16,2025-11-18,Undisclosed,1K–15K,8000.0,"$4,783.01"
Gil Cisneros Democrat House CA,Boston Scientific Corp BSX:US,BSX,2025-12-16,2025-11-18,Undisclosed,1K–15K,8000.0,$99.22
Gil Cisneros Democrat House CA,Bristol-Myers Squibb Co BMY:US,BMY,2025-12-16,2025-11-12,Undisclosed,1K–15K,8000.0,$49.08
Gil Cisneros Democrat House CA,Broadcom Inc AVGO:US,AVGO,2025-12-16,2025-11-18,Undisclosed,1K–15K,8000.0,$340.50
Gil Cisneros Democrat House CA,Brown & Brown Inc BRO:US,BRO,2025-12-16,2025-11-18,Undisclosed,1K–15K,8000.0,$79.93
Gil Cisneros Democrat House CA,Boston Properties Inc BXP:US,BXP,2025-12-16,2025-11-18,Undisclosed,1K–15K,8000.0,$69.13
Gil Cisneros Democrat House CA,Caterpillar Inc CAT:US,CAT,2025-12-16,2025-11-18,Undisclosed,1K–15K,8000.0,$546.88
Gil Cisneros Democrat House CA,Cboe Global Markets Inc CBOE:US,CBOE,2025-12-16,2025-11-12,Undisclosed,1K–15K,8000.0,$260.88
Gil Cisneros Democrat House CA,Chevron Corp CVX:US,CVX,2025-12-16,2025-11-18,Undisclosed,1K–15K,8000.0,$153.62
Gil Cisneros Democrat House CA,Chipotle Mexican Grill Inc CMG:US,CMG,2025-12-16,2025-11-18,Undisclosed,1K–15K,8000.0,$30.76
Gil Cisneros Democrat House CA,Coinbase Global Inc COIN:US,COIN,2025-12-16,2025-11-18,Undisclosed,1K–15K,8000.0,$261.79
Gil Cisneros Democrat House CA,Conagra Brands Inc CAG:US,CAG,2025-12-16,2025-11-12,Undisclosed,1K–15K,8000.0,$17.34
Gil Cisneros Democrat House CA,Constellation Brands Inc STZ:US,STZ,2025-12-16,2025-11-18,Undisclosed,1K–15K,8000.0,$130.53
Gil Cisneros Democrat House CA,Coterra Energy Inc CTRA:US,CTRA,2025-12-16,2025-11-18,Undisclosed,1K–15K,8000.0,$26.17
Gil Cisneros Democrat House CA,D.R. Horton Inc DHI:US,DHI,2025-12-16,2025-11-18,Undisclosed,1K–15K,8000.0,$138.45
Gil Cisneros Democrat House CA,Dow Inc DOW:US,DOW,2025-12-16,2025-11-18,Undisclosed,1K–15K,8000.0,$21.85
Gil Cisneros Democrat House CA,Eaton Corp PLC ETN:US,ETN,2025-12-16,2025-11-18,Undisclosed,1K–15K,8000.0,$338.29
Gil Cisneros Democrat House CA,Eli Lilly and Co LLY:US,LLY,2025-12-16,2025-11-18,Undisclosed,1K–15K,8000.0,"$1,030.05"
Gil Cisneros Democrat House CA,FactSet Research Systems Inc FDS:US,FDS,2025-12-16,2025-11-18,Undisclosed,1K–15K,8000.0,$272.11
Gil Cisneros Democrat House CA,Fidelity National Information Services Inc FIS:US,FIS,2025-12-16,2025-11-18,Undisclosed,1K–15K,8000.0,$63.15
Gil Cisneros Democrat House CA,Freeport-McMoRan Inc FCX:US,FCX,2025-12-16,2025-11-18,Undisclosed,1K–15K,8000.0,$40.00
Gil Cisneros Democrat House CA,GE VERNOVA INC GEV:US,GEV,2025-12-16,2025-11-18,Undisclosed,1K–15K,8000.0,$554.93
Gil Cisneros Democrat House CA,GLOBAL PAYMENTS Inc GPN:US,GPN,2025-12-16,2025-11-18,Undisclosed,1K–15K,8000.0,$72.03
Gil Cisneros Democrat House CA,Halliburton Co HAL:US,HAL,2025-12-16,2025-11-12,Undisclosed,1K–15K,8000.0,$26.93
Gil Cisneros Democrat House CA,The Home Depot Inc HD:US,HD,2025-12-16,2025-11-18,Undisclosed,1K–15K,8000.0,$336.48
Gil Cisneros Democrat House CA,Honeywell International Inc HON:US,HON,2025-12-16,2025-11-18,Undisclosed,1K–15K,8000.0,$191.45
Gil Cisneros Democrat House CA,Intel Corp INTC:US,INTC,2025-12-16,2025-11-18,Undisclosed,1K–15K,8000.0,$34.33
Gil Cisneros Democrat House CA,International Business Machines Corp IBM:US,IBM,2025-12-16,2025-11-18,Undisclosed,1K–15K,8000.0,$289.95
Gil Cisneros Democrat House CA,International Business Machines Corp IBM:US,IBM,2025-12-16,2025-11-12,Undisclosed,1K–15K,8000.0,$314.98
Gil Cisneros Democrat House CA,International Flavors & Fragrances Inc IFF:US,IFF,2025-12-16,2025-11-18,Undisclosed,1K–15K,8000.0,$66.00
Gil Cisneros Democrat House CA,International Paper Co IP:US,IP,2025-12-16,2025-11-18,Undisclosed,1K–15K,8000.0,$36.85
Gil Cisneros Democrat House CA,Intuitive Surgical Inc ISRG:US,ISRG,2025-12-16,2025-11-18,Undisclosed,1K–15K,8000.0,$546.77
Gil Cisneros Democrat House CA,Henry (Jack) & Associates Inc JKHY:US,JKHY,2025-12-16,2025-11-18,Undisclosed,1K–15K,8000.0,$163.94
Gil Cisneros Democrat House CA,Henry (Jack) & Associates Inc JKHY:US,JKHY,2025-12-16,2025-11-12,Undisclosed,1K–15K,8000.0,$167.17
Gil Cisneros Democrat House CA,JPMorgan Chase & Co JPM:US,JPM,2025-12-16,2025-11-18,Undisclosed,1K–15K,8000.0,$299.41
Gil Cisneros Democrat House CA,KENVUE INC KVUE:US,KVUE,2025-12-16,2025-11-12,Undisclosed,1K–15K,8000.0,$16.67
Gil Cisneros Democrat House CA,Lennar Corp LEN:US,LEN,2025-12-16,2025-11-18,Undisclosed,1K–15K,8000.0,$115.97
Gil Cisneros Democrat House CA,Lockheed Martin Corp LMT:US,LMT,2025-12-16,2025-11-18,Undisclosed,1K–15K,8000.0,$474.72
Gil Cisneros Democrat House CA,Lululemon Athletica Inc LULU:US,LULU,2025-12-16,2025-11-12,Undisclosed,1K–15K,8000.0,$170.90
Gil Cisneros Democrat House CA,M&T Bank Corp MTB:US,MTB,2025-12-16,2025-11-18,Undisclosed,1K–15K,8000.0,$182.10
Gil Cisneros Democrat House CA,Mastercard Inc MA:US,MA,2025-12-16,2025-11-18,Undisclosed,1K–15K,8000.0,$527.58
Gil Cisneros Democrat House CA,McKesson Corp MCK:US,MCK,2025-12-16,2025-11-18,Undisclosed,1K–15K,8000.0,$860.75
Gil Cisneros Democrat House CA,Merck & Co Inc MRK:US,MRK,2025-12-16,2025-11-18,Undisclosed,1K–15K,8000.0,$96.43
Gil Cisneros Democrat House CA,Meta Platforms Inc META:US,META,2025-12-16,2025-11-18,Undisclosed,1K–15K,8000.0,$597.69
Gil Cisneros Democrat House CA,Microsoft Corp MSFT:US,MSFT,2025-12-16,2025-11-12,Undisclosed,1K–15K,8000.0,$511.14
Gil Cisneros Democrat House CA,Molson Coors Beverage Company TAP:US,TAP,2025-12-16,2025-11-18,Undisclosed,1K–15K,8000.0,$46.45
Gil Cisneros Democrat House CA,Morgan Stanley MS:US,MS,2025-12-16,2025-11-18,Undisclosed,1K–15K,8000.0,$159.83
Gil Cisneros Democrat House CA,Netflix Inc NFLX:US,NFLX,2025-12-16,2025-11-18,Undisclosed,1K–15K,8000.0,$114.09
Gil Cisneros Democrat House CA,NXP Semiconductors NV NXPI:US,NXPI,2025-12-16,2025-11-18,Undisclosed,1K–15K,8000.0,$188.59
Gil Cisneros Democrat House CA,ONEOK Inc OKE:US,OKE,2025-12-16,2025-11-18,Undisclosed,1K–15K,8000.0,$69.43
Gil Cisneros Democrat House CA,Oracle Corp ORCL:US,ORCL,2025-12-16,2025-11-18,Undisclosed,1K–15K,8000.0,$220.49
Gil Cisneros Democrat House CA,Palantir Technologies Inc PLTR:US,PLTR,2025-12-16,2025-11-07,Undisclosed,1K–15K,8000.0,$177.93
Gil Cisneros Democrat House CA,Palantir Technologies Inc PLTR:US,PLTR,2025-12-16,2025-11-18,Undisclosed,1K–15K,8000.0,$167.33
Gil Cisneros Democrat House CA,Pfizer Inc PFE:US,PFE,2025-12-16,2025-11-18,Undisclosed,1K–15K,8000.0,$25.45
Gil Cisneros Democrat House CA,The Procter & Gamble Co PG:US,PG,2025-12-16,2025-11-18,Undisclosed,1K–15K,8000.0,$146.99
Gil Cisneros Democrat House CA,Quanta Services Inc PWR:US,PWR,2025-12-16,2025-11-18,Undisclosed,1K–15K,8000.0,$439.29
Gil Cisneros Democrat House CA,Regeneron Pharmaceuticals Inc REGN:US,REGN,2025-12-16,2025-11-18,Undisclosed,1K–15K,8000.0,$725.34
Gil Cisneros Democrat House CA,SBA Communications Corp SBAC:US,SBAC,2025-12-16,2025-11-12,Undisclosed,1K–15K,8000.0,$201.63
Gil Cisneros Democrat House CA,Stryker Corp SYK:US,SYK,2025-12-16,2025-11-18,Undisclosed,1K–15K,8000.0,$359.52
Gil Cisneros Democrat House CA,Targa Resources Corp TRGP:US,TRGP,2025-12-16,2025-11-18,Undisclosed,1K–15K,8000.0,$169.58
Gil Cisneros Democrat House CA,Targa Resources Corp TRGP:US,TRGP,2025-12-16,2025-11-12,Undisclosed,1K–15K,8000.0,$170.58
Gil Cisneros Democrat House CA,Tesla Inc TSLA:US,TSLA,2025-12-16,2025-11-18,Undisclosed,1K–15K,8000.0,$401.25
Gil Cisneros Democrat House CA,Campbell Soup Co CPB:US,CPB,2025-12-16,2025-11-18,Undisclosed,1K–15K,8000.0,$31.03
Gil Cisneros Democrat House CA,TransDigm Group Inc TDG:US,TDG,2025-12-16,2025-11-18,Undisclosed,1K–15K,8000.0,"$1,351.06"
Gil Cisneros Democrat House CA,Uber Technologies Inc UBER:US,UBER,2025-12-16,2025-11-18,Undisclosed,1K–15K,8000.0,$90.86
Gil Cisneros Democrat House CA,United Parcel Service Inc UPS:US,UPS,2025-12-16,2025-11-18,Undisclosed,1K–15K,8000.0,$92.83
Gil Cisneros Democrat House CA,Ventas Inc VTR:US,VTR,2025-12-16,2025-11-12,Undisclosed,1K–15K,8000.0,$76.90
Gil Cisneros Democrat House CA,VERISK ANALYTICS Inc VRSK:US,VRSK,2025-12-16,2025-11-18,Undisclosed,1K–15K,8000.0,$222.96
Gil Cisneros Democrat House CA,Viatris Inc VTRS:US,VTRS,2025-12-16,2025-11-18,Undisclosed,1K–15K,8000.0,$10.71
Gil Cisneros Democrat House CA,Walmart Inc WMT:US,WMT,2025-12-16,2025-11-18,Undisclosed,1K–15K,8000.0,$101.39
Gil Cisneros Democrat House CA,Warner Bros Discover Inc WBD:US,WBD,2025-12-16,2025-11-18,Undisclosed,1K–15K,8000.0,$23.69
Gil Cisneros Democrat House CA,Wells Fargo & Co WFC:US,WFC,2025-12-16,2025-11-18,Undisclosed,1K–15K,8000.0,$83.86
Gil Cisneros Democrat House CA,Zoetis Inc ZTS:US,ZTS,2025-12-16,2025-11-18,Undisclosed,1K–15K,8000.0,$118.14
Michael McCaul Republican House TX,Genuine Parts Co GPC:US,GPC,2025-12-10,2025-11-13,Spouse,100K–250K,175000.0,$127.73
Cleo Fields Democrat House LA,Netflix Inc NFLX:US,NFLX,2025-12-10,2025-11-20,Undisclosed,100K–250K,175000.0,$105.67
Cleo Fields Democrat House LA,Netflix Inc NFLX:US,NFLX,2025-12-10,2025-11-20,Undisclosed,100K–250K,175000.0,$105.67
Michael McCaul Republican House TX,International Flavors & Fragrances Inc IFF:US,IFF,2025-12-10,2025-11-14,Spouse,50K–100K,75000.0,$65.88
Michael McCaul Republican House TX,Unitedhealth Group Inc UNH:US,UNH,2025-12-10,2025-11-04,Spouse,15K–50K,32500.0,$330.83
Ro Khanna Democrat House CA,Meta Platforms Inc META:US,META,2025-12-10,2025-11-07,Child,15K–50K,32500.0,$621.71
Ro Khanna Democrat House CA,Johnson & Johnson JNJ:US,JNJ,2025-12-10,2025-11-07,Child,15K–50K,32500.0,$186.57
Ro Khanna Democrat House CA,Thermo Fisher Scientific Inc TMO:US,TMO,2025-12-10,2025-11-07,Child,15K–50K,32500.0,$572.41
Ro Khanna Democrat House CA,S&P Global Inc SPGI:US,SPGI,2025-12-10,2025-11-03,Child,15K–50K,32500.0,$497.02
Ro Khanna Democrat House CA,Automatic Data Processing Inc ADP:US,ADP,2025-12-10,2025-11-03,Child,15K–50K,32500.0,$257.17
Ro Khanna Democrat House CA,Costco Wholesale Corp COST:US,COST,2025-12-10,2025-11-10,Spouse,15K–50K,32500.0,$915.56
Ro Khanna Democrat House CA,Colgate-Palmolive Co CL:US,CL,2025-12-10,2025-11-10,Spouse,15K–50K,32500.0,$78.47
Ro Khanna Democrat House CA,Intuitive Surgical Inc ISRG:US,ISRG,2025-12-10,2025-11-10,Spouse,15K–50K,32500.0,$576.20
Ro Khanna Democrat House CA,S&P Global Inc SPGI:US,SPGI,2025-12-10,2025-11-10,Spouse,15K–50K,32500.0,$493.84
Ro Khanna Democrat House CA,UDR Inc UDR:US,UDR,2025-12-10,2025-11-10,Spouse,15K–50K,32500.0,$34.57
Ro Khanna Democrat House CA,Copart Inc CPRT:US,CPRT,2025-12-10,2025-11-10,Spouse,15K–50K,32500.0,$41.41
Ro Khanna Democrat House CA,The Progressive Corp PGR:US,PGR,2025-12-10,2025-11-10,Spouse,15K–50K,32500.0,$217.53
Ro Khanna Democrat House CA,Mid-America Apartment Communities Inc MAA:US,MAA,2025-12-10,2025-11-10,Spouse,15K–50K,32500.0,$129.55
Ro Khanna Democrat House CA,Oracle Corp ORCL:US,ORCL,2025-12-10,2025-11-07,Spouse,15K–50K,32500.0,$239.26
Ro Khanna Democrat House CA,Dominion Energy Inc D:US,D,2025-12-10,2025-11-19,Spouse,15K–50K,32500.0,N/A
Rich McCormick Republican House GA,Abbott Laboratories ABT:US,ABT,2025-12-10,2025-11-05,Undisclosed,1K–15K,8000.0,$124.54
Rich McCormick Republican House GA,Air Products and Chemicals Inc APD:US,APD,2025-12-10,2025-11-05,Undisclosed,1K–15K,8000.0,$237.56
Rich McCormick Republican House GA,American Water Works Company Inc AWK:US,AWK,2025-12-10,2025-11-05,Undisclosed,1K–15K,8000.0,$130.97
Rich McCormick Republican House GA,Analog Devices Inc ADI:US,ADI,2025-12-10,2025-11-05,Undisclosed,1K–15K,8000.0,$236.00
Rich McCormick Republican House GA,Apple Inc AAPL:US,AAPL,2025-12-10,2025-11-05,Undisclosed,1K–15K,8000.0,$270.14
Rich McCormick Republican House GA,Automatic Data Processing Inc ADP:US,ADP,2025-12-10,2025-11-05,Undisclosed,1K–15K,8000.0,$259.57
Rich McCormick Republican House GA,Berkshire Hathaway Inc BRK/B:US,BRK/B,2025-12-10,2025-11-05,Undisclosed,1K–15K,8000.0,$488.77
Rich McCormick Republican House GA,Blackrock Inc BLK:US,BLK,2025-12-10,2025-11-05,Undisclosed,1K–15K,8000.0,"$1,073.57"
Rich McCormick Republican House GA,Cisco Systems Inc CSCO:US,CSCO,2025-12-10,2025-11-05,Undisclosed,1K–15K,8000.0,$72.10
Rich McCormick Republican House GA,Costco Wholesale Corp COST:US,COST,2025-12-10,2025-11-05,Undisclosed,1K–15K,8000.0,$935.03
Rich McCormick Republican House GA,Emerson Electric Co EMR:US,EMR,2025-12-10,2025-11-05,Undisclosed,1K–15K,8000.0,$132.45
Rich McCormick Republican House GA,The Home Depot Inc HD:US,HD,2025-12-10,2025-11-05,Undisclosed,1K–15K,8000.0,$373.84
Rich McCormick Republican House GA,Illinois Tool Works Inc ITW:US,ITW,2025-12-10,2025-11-05,Undisclosed,1K–15K,8000.0,$245.06
Rich McCormick Republican House GA,Intercontinental Exchange Inc ICE:US,ICE,2025-12-10,2025-11-05,Undisclosed,1K–15K,8000.0,$146.21
Rich McCormick Republican House GA,Johnson & Johnson JNJ:US,JNJ,2025-12-10,2025-11-05,Undisclosed,1K–15K,8000.0,$186.00
Rich McCormick Republican House GA,L3Harris Technologies Inc LHX:US,LHX,2025-12-10,2025-11-05,Undisclosed,1K–15K,8000.0,$287.10
Rich McCormick Republican House GA,McDonald's Corp MCD:US,MCD,2025-12-10,2025-11-05,Undisclosed,1K–15K,8000.0,$305.67
Rich McCormick Republican House GA,Medtronic PLC MDT:US,MDT,2025-12-10,2025-11-05,Undisclosed,1K–15K,8000.0,$90.40
Rich McCormick Republican House GA,Microsoft Corp MSFT:US,MSFT,2025-12-10,2025-11-05,Undisclosed,1K–15K,8000.0,$507.16
Rich McCormick Republican House GA,NextEra Energy Inc NEE:US,NEE,2025-12-10,2025-11-05,Undisclosed,1K–15K,8000.0,$82.14
Rich McCormick Republican House GA,PepsiCo Inc PEP:US,PEP,2025-12-10,2025-11-05,Undisclosed,1K–15K,8000.0,$142.86
Rich McCormick Republican House GA,The Procter & Gamble Co PG:US,PG,2025-12-10,2025-11-05,Undisclosed,1K–15K,8000.0,$145.79
Rich McCormick Republican House GA,Realty Income Corp O:US,O,2025-12-10,2025-11-05,Undisclosed,1K–15K,8000.0,$56.12
Rich McCormick Republican House GA,Unitedhealth Group Inc UNH:US,UNH,2025-12-10,2025-11-05,Undisclosed,1K–15K,8000.0,$327.74
Rich McCormick Republican House GA,Visa Inc V:US,V,2025-12-10,2025-11-05,Undisclosed,1K–15K,8000.0,$340.04
Rich McCormick Republican House GA,Walmart Inc WMT:US,WMT,2025-12-10,2025-11-05,Undisclosed,1K–15K,8000.0,$101.47
Michael McCaul Republican House TX,Lennar Corp LEN:US,LEN,2025-12-10,2025-11-05,Spouse,1K–15K,8000.0,$121.18
Ro Khanna Democrat House CA,Eaton Corp PLC ETN:US,ETN,2025-12-10,2025-11-07,Child,1K–15K,8000.0,$373.77
Ro Khanna Democrat House CA,NVIDIA Corporation NVDA:US,NVDA,2025-12-10,2025-11-07,Child,1K–15K,8000.0,$188.15
Ro Khanna Democrat House CA,Alphabet Inc GOOGL:US,GOOGL,2025-12-10,2025-11-07,Child,1K–15K,8000.0,$279.70
Ro Khanna Democrat House CA,Starbucks Corp SBUX:US,SBUX,2025-12-10,2025-11-07,Child,1K–15K,8000.0,$85.57
Ro Khanna Democrat House CA,Dover Corp DOV:US,DOV,2025-12-10,2025-11-19,Child,1K–15K,8000.0,$179.64
Ro Khanna Democrat House CA,Dover Corp DOV:US,DOV,2025-12-10,2025-11-07,Child,1K–15K,8000.0,$180.33
Ro Khanna Democrat House CA,SOLVENTUM CORP SOLV:US,SOLV,2025-12-10,2025-11-20,Child,1K–15K,8000.0,$79.51
Ro Khanna Democrat House CA,Intuitive Surgical Inc ISRG:US,ISRG,2025-12-10,2025-11-07,Child,1K–15K,8000.0,N/A
Ro Khanna Democrat House CA,Apple Inc AAPL:US,AAPL,2025-12-10,2025-11-07,Child,1K–15K,8000.0,N/A
Ro Khanna Democrat House CA,Alphabet Inc GOOGL:US,GOOGL,2025-12-10,2025-11-07,Child,1K–15K,8000.0,N/A
Ro Khanna Democrat House CA,FactSet Research Systems Inc FDS:US,FDS,2025-12-10,2025-11-06,Child,1K–15K,8000.0,$253.62
Ro Khanna Democrat House CA,Adobe Inc ADBE:US,ADBE,2025-12-10,2025-11-12,Child,1K–15K,8000.0,$337.05
Ro Khanna Democrat House CA,Costco Wholesale Corp COST:US,COST,2025-12-10,2025-11-03,Child,1K–15K,8000.0,$928.04
Ro Khanna Democrat House CA,Bristol-Myers Squibb Co BMY:US,BMY,2025-12-10,2025-11-03,Child,1K–15K,8000.0,$46.02
Ro Khanna Democrat House CA,Copart Inc CPRT:US,CPRT,2025-12-10,2025-11-03,Child,1K–15K,8000.0,$43.00
Ro Khanna Democrat House CA,Adobe Inc ADBE:US,ADBE,2025-12-10,2025-11-03,Child,1K–15K,8000.0,$337.47
Ro Khanna Democrat House CA,CME Group Inc CME:US,CME,2025-12-10,2025-11-03,Child,1K–15K,8000.0,$264.16
Ro Khanna Democrat House CA,Constellation Brands Inc STZ:US,STZ,2025-12-10,2025-11-03,Child,1K–15K,8000.0,$130.82
Ro Khanna Democrat House CA,Airbnb Inc ABNB:US,ABNB,2025-12-10,2025-11-03,Child,1K–15K,8000.0,$126.80
Ro Khanna Democrat House CA,Target Corp TGT:US,TGT,2025-12-10,2025-11-03,Child,1K–15K,8000.0,$91.45
Ro Khanna Democrat House CA,Prudential Financial Inc PRU:US,PRU,2025-12-10,2025-11-03,Child,1K–15K,8000.0,$104.63
Ro Khanna Democrat House CA,Zoetis Inc ZTS:US,ZTS,2025-12-10,2025-11-03,Child,1K–15K,8000.0,$144.35
Ro Khanna Democrat House CA,Air Products and Chemicals Inc APD:US,APD,2025-12-10,2025-11-03,Child,1K–15K,8000.0,$239.36
Ro Khanna Democrat House CA,Brown & Brown Inc BRO:US,BRO,2025-12-10,2025-11-03,Child,1K–15K,8000.0,$77.82
Ro Khanna Democrat House CA,Digital Realty Trust Inc DLR:US,DLR,2025-12-10,2025-11-03,Child,1K–15K,8000.0,$171.96
Ro Khanna Democrat House CA,Colgate-Palmolive Co CL:US,CL,2025-12-10,2025-11-03,Child,1K–15K,8000.0,$74.98
Ro Khanna Democrat House CA,Aon PLC AON:US,AON,2025-12-10,2025-11-03,Child,1K–15K,8000.0,$339.84
Ro Khanna Democrat House CA,The Procter & Gamble Co PG:US,PG,2025-12-10,2025-11-03,Child,1K–15K,8000.0,$148.02
Ro Khanna Democrat House CA,Broadridge Financial Solutions Inc BR:US,BR,2025-12-10,2025-11-03,Child,1K–15K,8000.0,$221.18
Ro Khanna Democrat House CA,UDR Inc UDR:US,UDR,2025-12-10,2025-11-03,Child,1K–15K,8000.0,$33.79
Ro Khanna Democrat House CA,Regeneron Pharmaceuticals Inc REGN:US,REGN,2025-12-10,2025-11-03,Child,1K–15K,8000.0,$642.25
Ro Khanna Democrat House CA,Kimberly-Clark Corp KMB:US,KMB,2025-12-10,2025-11-03,Child,1K–15K,8000.0,$102.27
Ro Khanna Democrat House CA,Intuitive Surgical Inc ISRG:US,ISRG,2025-12-10,2025-11-03,Child,1K–15K,8000.0,$544.21
Ro Khanna Democrat House CA,Booking Holdings Inc BKNG:US,BKNG,2025-12-10,2025-11-03,Child,1K–15K,8000.0,"$5,030.55"
Ro Khanna Democrat House CA,Cigna Corp CI:US,CI,2025-12-10,2025-11-03,Child,1K–15K,8000.0,$258.62
Ro Khanna Democrat House CA,Grainger (W.W.) Inc GWW:US,GWW,2025-12-10,2025-11-03,Child,1K–15K,8000.0,$966.32
Ro Khanna Democrat House CA,Chipotle Mexican Grill Inc CMG:US,CMG,2025-12-10,2025-11-03,Child,1K–15K,8000.0,$31.51
Ro Khanna Democrat House CA,Chubb Ltd CB:US,CB,2025-12-10,2025-11-03,Child,1K–15K,8000.0,$278.25
Ro Khanna Democrat House CA,McKesson Corp MCK:US,MCK,2025-12-10,2025-11-03,Child,1K–15K,8000.0,$820.29
Ro Khanna Democrat House CA,Domino's Pizza Inc DPZ:US,DPZ,2025-12-10,2025-11-03,Child,1K–15K,8000.0,$403.63
Ro Khanna Democrat House CA,Electronic Arts Inc EA:US,EA,2025-12-10,2025-11-03,Child,1K–15K,8000.0,$199.89
Ro Khanna Democrat House CA,Marriott International Inc MAR:US,MAR,2025-12-10,2025-11-03,Child,1K–15K,8000.0,$263.89
Ro Khanna Democrat House CA,Jacobs Engineering Group Inc J:US,J,2025-12-10,2025-11-03,Child,1K–15K,8000.0,$154.25
Ro Khanna Democrat House CA,Packaging Corp Of America PKG:US,PKG,2025-12-10,2025-11-03,Child,1K–15K,8000.0,$195.59
Ro Khanna Democrat House CA,SBA Communications Corp SBAC:US,SBAC,2025-12-10,2025-11-03,Child,1K–15K,8000.0,$193.52
Ro Khanna Democrat House CA,Mid-America Apartment Communities Inc MAA:US,MAA,2025-12-10,2025-11-03,Child,1K–15K,8000.0,$127.59
Ro Khanna Democrat House CA,Henry (Jack) & Associates Inc JKHY:US,JKHY,2025-12-10,2025-11-03,Child,1K–15K,8000.0,$150.63
Ro Khanna Democrat House CA,Block Inc SQ:US,SQ,2025-12-10,2025-11-03,Child,1K–15K,8000.0,$74.30
Ro Khanna Democrat House CA,eBay Inc EBAY:US,EBAY,2025-12-10,2025-11-03,Child,1K–15K,8000.0,$82.77
Ro Khanna Democrat House CA,LyondellBasell Industries NV LYB:US,LYB,2025-12-10,2025-11-03,Child,1K–15K,8000.0,$46.27
Ro Khanna Democrat House CA,Paycom Software Inc PAYC:US,PAYC,2025-12-10,2025-11-03,Child,1K–15K,8000.0,$184.85
Ro Khanna Democrat House CA,Fastenal Co FAST:US,FAST,2025-12-10,2025-11-03,Child,1K–15K,8000.0,$41.04
Ro Khanna Democrat House CA,Ventas Inc VTR:US,VTR,2025-12-10,2025-11-03,Child,1K–15K,8000.0,$74.13
Ro Khanna Democrat House CA,Invitation Homes Inc INVH:US,INVH,2025-12-10,2025-11-03,Child,1K–15K,8000.0,$28.36
Ro Khanna Democrat House CA,salesforce.com Inc CRM:US,CRM,2025-12-10,2025-11-03,Child,1K–15K,8000.0,$261.34
Ro Khanna Democrat House CA,Keurig Dr Pepper Inc KDP:US,KDP,2025-12-10,2025-11-03,Child,1K–15K,8000.0,$26.64
Ro Khanna Democrat House CA,Cognizant Technology Solutions Corp CTSH:US,CTSH,2025-12-10,2025-11-03,Child,1K–15K,8000.0,$72.73
Ro Khanna Democrat House CA,Carnival Corporation & PLC CCL:US,CCL,2025-12-10,2025-11-03,Child,1K–15K,8000.0,$28.71
Ro Khanna Democrat House CA,KKR & Co Inc KKR:US,KKR,2025-12-10,2025-11-03,Child,1K–15K,8000.0,$117.63
Ro Khanna Democrat House CA,Simon Property Group Inc SPG:US,SPG,2025-12-10,2025-11-03,Child,1K–15K,8000.0,$176.67
Ro Khanna Democrat House CA,BALL CORPORATION BALL:US,BALL,2025-12-10,2025-11-03,Child,1K–15K,8000.0,$47.11
Ro Khanna Democrat House CA,American Tower Corp AMT:US,AMT,2025-12-10,2025-11-03,Child,1K–15K,8000.0,$176.64
Ro Khanna Democrat House CA,LKQ Corporation LKQ:US,LKQ,2025-12-10,2025-11-03,Child,1K–15K,8000.0,$30.43
Ro Khanna Democrat House CA,International Paper Co IP:US,IP,2025-12-10,2025-11-03,Child,1K–15K,8000.0,$36.93
Ro Khanna Democrat House CA,Fox Corp FOXA:US,FOXA,2025-12-10,2025-11-03,Child,1K–15K,8000.0,$63.62
Ro Khanna Democrat House CA,State Street Corporation STT:US,STT,2025-12-10,2025-11-03,Child,1K–15K,8000.0,$116.69
Ro Khanna Democrat House CA,Zimmer Biomet Holdings Inc ZBH:US,ZBH,2025-12-10,2025-11-03,Child,1K–15K,8000.0,$99.88
Ro Khanna Democrat House CA,Old Dominion Freight Line Inc ODFL:US,ODFL,2025-12-10,2025-11-03,Child,1K–15K,8000.0,$137.51
Ro Khanna Democrat House CA,The Sherwin-Williams Co SHW:US,SHW,2025-12-10,2025-11-03,Child,1K–15K,8000.0,$345.64
Ro Khanna Democrat House CA,The Walt Disney Co DIS:US,DIS,2025-12-10,2025-11-03,Child,1K–15K,8000.0,$112.12
Ro Khanna Democrat House CA,Principal Financial Group Inc PFG:US,PFG,2025-12-10,2025-11-03,Child,1K–15K,8000.0,$83.02
Ro Khanna Democrat House CA,Crown Castle International Corp CCI:US,CCI,2025-12-10,2025-11-03,Child,1K–15K,8000.0,$89.52
Ro Khanna Democrat House CA,Capital One Financial Corp COF:US,COF,2025-12-10,2025-11-03,Child,1K–15K,8000.0,$221.70
Ro Khanna Democrat House CA,Martin Marietta Materials Inc MLM:US,MLM,2025-12-10,2025-11-03,Child,1K–15K,8000.0,$619.30
Ro Khanna Democrat House CA,Danaher Corp DHR:US,DHR,2025-12-10,2025-11-03,Child,1K–15K,8000.0,$214.06
Ro Khanna Democrat House CA,The Walt Disney Co DIS:US,DIS,2025-12-10,2025-11-13,Spouse,1K–15K,8000.0,$107.61
Ro Khanna Democrat House CA,FactSet Research Systems Inc FDS:US,FDS,2025-12-10,2025-11-06,Spouse,1K–15K,8000.0,$253.62
Ro Khanna Democrat House CA,FactSet Research Systems Inc FDS:US,FDS,2025-12-10,2025-11-10,Spouse,1K–15K,8000.0,$265.09
Ro Khanna Democrat House CA,Zimmer Biomet Holdings Inc ZBH:US,ZBH,2025-12-10,2025-11-06,Spouse,1K–15K,8000.0,$88.51
Ro Khanna Democrat House CA,Starbucks Corp SBUX:US,SBUX,2025-12-10,2025-11-10,Spouse,1K–15K,8000.0,$84.60
Ro Khanna Democrat House CA,The Sherwin-Williams Co SHW:US,SHW,2025-12-10,2025-11-10,Spouse,1K–15K,8000.0,$342.55
Ro Khanna Democrat House CA,Microchip Technology Inc MCHP:US,MCHP,2025-12-10,2025-11-10,Spouse,1K–15K,8000.0,$55.41
Ro Khanna Democrat House CA,Invitation Homes Inc INVH:US,INVH,2025-12-10,2025-11-10,Spouse,1K–15K,8000.0,$28.04
Ro Khanna Democrat House CA,Roper Technologies Inc ROP:US,ROP,2025-12-10,2025-11-10,Spouse,1K–15K,8000.0,$449.82
Ro Khanna Democrat House CA,Comcast Corp CMCSA:US,CMCSA,2025-12-10,2025-11-10,Spouse,1K–15K,8000.0,$27.12
Ro Khanna Democrat House CA,Stryker Corp SYK:US,SYK,2025-12-10,2025-11-10,Spouse,1K–15K,8000.0,$355.02
Ro Khanna Democrat House CA,Fortinet Inc FTNT:US,FTNT,2025-12-10,2025-11-10,Spouse,1K–15K,8000.0,$82.28
Ro Khanna Democrat House CA,Intuit Inc INTU:US,INTU,2025-12-10,2025-11-10,Spouse,1K–15K,8000.0,$653.27
Ro Khanna Democrat House CA,CBRE Group Inc CBRE:US,CBRE,2025-12-10,2025-11-10,Spouse,1K–15K,8000.0,$151.83
Ro Khanna Democrat House CA,Verizon Communications Inc VZ:US,VZ,2025-12-10,2025-11-10,Spouse,1K–15K,8000.0,$39.85
Ro Khanna Democrat House CA,Equinix Inc EQIX:US,EQIX,2025-12-10,2025-11-10,Spouse,1K–15K,8000.0,$828.13
Ro Khanna Democrat House CA,Brown & Brown Inc BRO:US,BRO,2025-12-10,2025-11-10,Spouse,1K–15K,8000.0,$78.51
Ro Khanna Democrat House CA,Keurig Dr Pepper Inc KDP:US,KDP,2025-12-10,2025-11-10,Spouse,1K–15K,8000.0,$26.12
Ro Khanna Democrat House CA,Metlife Inc MET:US,MET,2025-12-10,2025-11-10,Spouse,1K–15K,8000.0,$77.18
Ro Khanna Democrat House CA,Weyerhaeuser Co WY:US,WY,2025-12-10,2025-11-10,Spouse,1K–15K,8000.0,$22.68
Ro Khanna Democrat House CA,Zoetis Inc ZTS:US,ZTS,2025-12-10,2025-11-10,Spouse,1K–15K,8000.0,$119.79
Ro Khanna Democrat House CA,salesforce.com Inc CRM:US,CRM,2025-12-10,2025-11-10,Spouse,1K–15K,8000.0,$241.71
Ro Khanna Democrat House CA,General Mills Inc GIS:US,GIS,2025-12-10,2025-11-10,Spouse,1K–15K,8000.0,$46.22
Ro Khanna Democrat House CA,FactSet Research Systems Inc FDS:US,FDS,2025-12-10,2025-11-10,Spouse,1K–15K,8000.0,$265.09
Ro Khanna Democrat House CA,Grainger (W.W.) Inc GWW:US,GWW,2025-12-10,2025-11-10,Spouse,1K–15K,8000.0,$949.96
Ro Khanna Democrat House CA,Air Products and Chemicals Inc APD:US,APD,2025-12-10,2025-11-10,Spouse,1K–15K,8000.0,$258.43
Ro Khanna Democrat House CA,Unitedhealth Group Inc UNH:US,UNH,2025-12-10,2025-11-10,Spouse,1K–15K,8000.0,$321.58
Ro Khanna Democrat House CA,Lululemon Athletica Inc LULU:US,LULU,2025-12-10,2025-11-10,Spouse,1K–15K,8000.0,$170.35
Ro Khanna Democrat House CA,Constellation Brands Inc STZ:US,STZ,2025-12-10,2025-11-10,Spouse,1K–15K,8000.0,$128.47
Ro Khanna Democrat House CA,Conagra Brands Inc CAG:US,CAG,2025-12-10,2025-11-10,Spouse,1K–15K,8000.0,$16.98
Ro Khanna Democrat House CA,KENVUE INC KVUE:US,KVUE,2025-12-10,2025-11-10,Spouse,1K–15K,8000.0,$16.77
Ro Khanna Democrat House CA,Hormel Foods Corp HRL:US,HRL,2025-12-10,2025-11-10,Spouse,1K–15K,8000.0,$22.15
Ro Khanna Democrat House CA,Airbnb Inc ABNB:US,ABNB,2025-12-10,2025-11-10,Spouse,1K–15K,8000.0,$120.20
Ro Khanna Democrat House CA,Alexandria Real Estate Equities Inc ARE:US,ARE,2025-12-10,2025-11-07,Spouse,1K–15K,8000.0,N/A
Ro Khanna Democrat House CA,American Tower Corp AMT:US,AMT,2025-12-10,2025-11-19,Spouse,1K–15K,8000.0,N/A
Ro Khanna Democrat House CA,Metlife Inc MET:US,MET,2025-12-10,2025-11-14,Spouse,1K–15K,8000.0,N/A
Ro Khanna Democrat House CA,Sempra SRE:US,SRE,2025-12-10,2025-11-14,Spouse,1K–15K,8000.0,N/A
Ro Khanna Democrat House CA,Truist Financial Corp TFC:US,TFC,2025-12-10,2025-11-14,Spouse,1K–15K,8000.0,N/A
Ro Khanna Democrat House CA,Dover Corp DOV:US,DOV,2025-12-10,2025-11-07,Spouse,1K–15K,8000.0,$180.33
Ro Khanna Democrat House CA,SOLVENTUM CORP SOLV:US,SOLV,2025-12-10,2025-11-20,Spouse,1K–15K,8000.0,$79.51
Ro Khanna Democrat House CA,Dover Corp DOV:US,DOV,2025-12-10,2025-11-19,Spouse,1K–15K,8000.0,$179.64
Ro Khanna Democrat House CA,Metlife Inc MET:US,MET,2025-12-10,2025-11-06,Spouse,1K–15K,8000.0,$75.97
Ro Khanna Democrat House CA,Oracle Corp ORCL:US,ORCL,2025-12-10,2025-11-03,Child,1K–15K,8000.0,N/A
Ro Khanna Democrat House CA,United Rentals Inc URI:US,URI,2025-12-10,2025-11-25,Child,1K–15K,8000.0,$810.00
Ro Khanna Democrat House CA,Alexandria Real Estate Equities Inc ARE:US,ARE,2025-12-10,2025-11-03,Child,1K–15K,8000.0,N/A
Ro Khanna Democrat House CA,PPL Corp PPL:US,PPL,2025-12-10,2025-11-25,Child,1K–15K,8000.0,$36.41
Ro Khanna Democrat House CA,Ingersoll Rand Inc IR:US,IR,2025-12-10,2025-11-25,Child,1K–15K,8000.0,$79.46
Ro Khanna Democrat House CA,AT&T Inc T:US,T,2025-12-10,2025-11-03,Child,1K–15K,8000.0,$24.53
Ro Khanna Democrat House CA,HCA Healthcare Inc HCA:US,HCA,2025-12-10,2025-11-03,Child,1K–15K,8000.0,N/A
Ro Khanna Democrat House CA,Meta Platforms Inc META:US,META,2025-12-10,2025-11-24,Child,1K–15K,8000.0,$613.05
Ro Khanna Democrat House CA,Microchip Technology Inc MCHP:US,MCHP,2025-12-10,2025-11-24,Child,1K–15K,8000.0,$51.25
April McClain Delaney Democrat House MD,Brown & Brown Inc BRO:US,BRO,2025-12-09,2025-11-20,Child,1K–15K,8000.0,$79.62
April McClain Delaney Democrat House MD,Laboratory Corp of America Holdings LH:US,LH,2025-12-09,2025-11-17,Child,1K–15K,8000.0,$261.37
John Boozman Republican Senate AR,PayPal Holdings Inc PYPL:US,PYPL,2025-12-08,2025-11-21,Joint,1K–15K,8000.0,$60.57
John Boozman Republican Senate AR,Meta Platforms Inc META:US,META,2025-12-08,2025-11-13,Joint,1K–15K,8000.0,$609.89
John Boozman Republican Senate AR,Arista Networks Inc ANET:US,ANET,2025-12-08,2025-11-13,Joint,1K–15K,8000.0,$130.30
John Boozman Republican Senate AR,Amazon.com Inc AMZN:US,AMZN,2025-12-08,2025-11-13,Joint,1K–15K,8000.0,$237.58
David Taylor Republican House OH,Visa Inc V:US,V,2025-12-08,2025-12-03,Undisclosed,1K–15K,8000.0,$329.61
Jonathan Jackson Democrat House IL,State Street Corporation STT:US,STT,2025-12-08,2025-11-11,Spouse,1K–15K,8000.0,$119.43
Markwayne Mullin Republican Senate OK,Capital One Financial Corp COF:US,COF,2025-12-05,2025-11-10,Joint,50K–100K,75000.0,$220.36
Markwayne Mullin Republican Senate OK,Pentair PLC PNR:US,PNR,2025-12-05,2025-11-10,Joint,15K–50K,32500.0,$108.69
Gary Peters Democrat Senate MI,Conagra Brands Inc CAG:US,CAG,2025-12-04,2025-11-14,Self,1K–15K,8000.0,$17.45
Shelley Moore Capito Republican Senate WV,Meta Platforms Inc META:US,META,2025-12-04,2025-11-13,Spouse,1K–15K,8000.0,$609.89
Tim Moore Republican House NC,Verizon Communications Inc VZ:US,VZ,2025-12-03,2025-11-05,Undisclosed,15K–50K,32500.0,$39.69
Sheldon Whitehouse Democrat Senate RI,The Hershey Co HSY:US,HSY,2025-12-01,2025-11-21,Self,1K–15K,8000.0,$186.00
Sheldon Whitehouse Democrat Senate RI,The Coca-Cola Co KO:US,KO,2025-12-01,2025-11-21,Self,1K–15K,8000.0,$72.95
Jared Moskowitz Democrat House FL,American Express Co AXP:US,AXP,2025-11-24,2025-10-10,Undisclosed,15K–50K,32500.0,$316.26
Jared Moskowitz Democrat House FL,Broadcom Inc AVGO:US,AVGO,2025-11-24,2025-10-10,Undisclosed,15K–50K,32500.0,$324.63
Jared Moskowitz Democrat House FL,Cisco Systems Inc CSCO:US,CSCO,2025-11-24,2025-10-10,Undisclosed,15K–50K,32500.0,$67.94
Jared Moskowitz Democrat House FL,Dell Technologies Inc DELL:US,DELL,2025-11-24,2025-10-10,Undisclosed,15K–50K,32500.0,$150.57
Jared Moskowitz Democrat House FL,The Goldman Sachs Group Inc GS:US,GS,2025-11-24,2025-10-10,Undisclosed,15K–50K,32500.0,$764.36
Lisa McClain Republican House MI,Apple Inc AAPL:US,AAPL,2025-11-24,2025-10-30,Spouse,15K–50K,32500.0,$271.40
Lisa McClain Republican House MI,Microsoft Corp MSFT:US,MSFT,2025-11-24,2025-10-30,Spouse,15K–50K,32500.0,$525.76
Lisa McClain Republican House MI,NVIDIA Corporation NVDA:US,NVDA,2025-11-24,2025-10-30,Spouse,15K–50K,32500.0,$202.89
Jared Moskowitz Democrat House FL,American Express Co AXP:US,AXP,2025-11-24,2025-10-10,Child,1K–15K,8000.0,$316.26
Jared Moskowitz Democrat House FL,American Express Co AXP:US,AXP,2025-11-24,2025-10-10,Child,1K–15K,8000.0,$316.26
Jared Moskowitz Democrat House FL,Broadcom Inc AVGO:US,AVGO,2025-11-24,2025-10-10,Child,1K–15K,8000.0,$324.63
Jared Moskowitz Democrat House FL,Broadcom Inc AVGO:US,AVGO,2025-11-24,2025-10-10,Child,1K–15K,8000.0,$324.63
Jared Moskowitz Democrat House FL,Cisco Systems Inc CSCO:US,CSCO,2025-11-24,2025-10-10,Child,1K–15K,8000.0,$67.94
Jared Moskowitz Democrat House FL,Cisco Systems Inc CSCO:US,CSCO,2025-11-24,2025-10-10,Child,1K–15K,8000.0,$67.94
Jared Moskowitz Democrat House FL,Dell Technologies Inc DELL:US,DELL,2025-11-24,2025-10-10,Child,1K–15K,8000.0,$150.57
Jared Moskowitz Democrat House FL,Dell Technologies Inc DELL:US,DELL,2025-11-24,2025-10-10,Child,1K–15K,8000.0,$150.57
Jared Moskowitz Democrat House FL,The Goldman Sachs Group Inc GS:US,GS,2025-11-24,2025-10-10,Child,1K–15K,8000.0,$764.36
Jared Moskowitz Democrat House FL,The Goldman Sachs Group Inc GS:US,GS,2025-11-24,2025-10-10,Child,1K–15K,8000.0,$764.36
Jared Moskowitz Democrat House FL,McKesson Corp MCK:US,MCK,2025-11-24,2025-10-10,Child,1K–15K,8000.0,$763.55
Lisa McClain Republican House MI,AbbVie Inc ABBV:US,ABBV,2025-11-24,2025-10-30,Spouse,1K–15K,8000.0,$228.20
Lisa McClain Republican House MI,Advanced Micro Devices Inc AMD:US,AMD,2025-11-24,2025-10-30,Spouse,1K–15K,8000.0,$254.84
Lisa McClain Republican House MI,AKAMAI TECHNOLOGIES Inc AKAM:US,AKAM,2025-11-24,2025-10-30,Spouse,1K–15K,8000.0,$73.93
Lisa McClain Republican House MI,Alibaba Group Holding Ltd BABA:US,BABA,2025-11-24,2025-10-30,Spouse,1K–15K,8000.0,$173.93
Lisa McClain Republican House MI,Allegion PLC ALLE:US,ALLE,2025-11-24,2025-10-30,Spouse,1K–15K,8000.0,$165.29
Lisa McClain Republican House MI,Alphabet Inc GOOGL:US,GOOGL,2025-11-24,2025-10-30,Spouse,1K–15K,8000.0,$281.48
Lisa McClain Republican House MI,Alphabet Inc GOOGL:US,GOOGL,2025-11-24,2025-10-30,Spouse,1K–15K,8000.0,$281.90
Lisa McClain Republican House MI,American Express Co AXP:US,AXP,2025-11-24,2025-10-30,Spouse,1K–15K,8000.0,$358.88
Lisa McClain Republican House MI,AvalonBay Communities Inc AVB:US,AVB,2025-11-24,2025-10-30,Spouse,1K–15K,8000.0,$174.71
Lisa McClain Republican House MI,Bank of America Corp BAC:US,BAC,2025-11-24,2025-10-30,Spouse,1K–15K,8000.0,$53.03
Lisa McClain Republican House MI,Baxter International Inc BAX:US,BAX,2025-11-24,2025-10-30,Spouse,1K–15K,8000.0,$19.16
Lisa McClain Republican House MI,Berkshire Hathaway Inc BRK/B:US,BRK/B,2025-11-24,2025-10-30,Spouse,1K–15K,8000.0,$478.52
Lisa McClain Republican House MI,Boston Scientific Corp BSX:US,BSX,2025-11-24,2025-10-30,Spouse,1K–15K,8000.0,$100.57
Lisa McClain Republican House MI,Broadcom Inc AVGO:US,AVGO,2025-11-24,2025-10-30,Spouse,1K–15K,8000.0,$376.47
Lisa McClain Republican House MI,Brown & Brown Inc BRO:US,BRO,2025-11-24,2025-10-30,Spouse,1K–15K,8000.0,$80.45
Lisa McClain Republican House MI,The Clorox Co CLX:US,CLX,2025-11-24,2025-10-30,Spouse,1K–15K,8000.0,$112.46
Lisa McClain Republican House MI,The Coca-Cola Co KO:US,KO,2025-11-24,2025-10-30,Spouse,1K–15K,8000.0,$68.98
Lisa McClain Republican House MI,ConocoPhillips COP:US,COP,2025-11-24,2025-10-30,Spouse,1K–15K,8000.0,$88.14
Lisa McClain Republican House MI,CONSTELLATION ENE CORP CEG:US,CEG,2025-11-24,2025-10-30,Spouse,1K–15K,8000.0,$382.48
Lisa McClain Republican House MI,Cummins Inc CMI:US,CMI,2025-11-24,2025-10-30,Spouse,1K–15K,8000.0,$438.09
Lisa McClain Republican House MI,CVS Health Corp CVS:US,CVS,2025-11-24,2025-10-30,Spouse,1K–15K,8000.0,$76.69
Lisa McClain Republican House MI,D.R. Horton Inc DHI:US,DHI,2025-11-24,2025-10-30,Spouse,1K–15K,8000.0,$149.29
Lisa McClain Republican House MI,Darden Restaurants Inc DRI:US,DRI,2025-11-24,2025-10-30,Spouse,1K–15K,8000.0,$178.20
Lisa McClain Republican House MI,Sempra SRE:US,SRE,2025-11-24,2025-10-30,Spouse,1K–15K,8000.0,$92.44
Lisa McClain Republican House MI,Dell Technologies Inc DELL:US,DELL,2025-11-24,2025-10-30,Spouse,1K–15K,8000.0,$161.01
Lisa McClain Republican House MI,Delta Air Lines Inc DAL:US,DAL,2025-11-24,2025-10-30,Spouse,1K–15K,8000.0,$57.12
Lisa McClain Republican House MI,Duke Energy Corp DUK:US,DUK,2025-11-24,2025-10-30,Spouse,1K–15K,8000.0,$125.21
Lisa McClain Republican House MI,Eaton Corp PLC ETN:US,ETN,2025-11-24,2025-10-30,Spouse,1K–15K,8000.0,$383.09
Lisa McClain Republican House MI,Ecolab Inc ECL:US,ECL,2025-11-24,2025-10-30,Spouse,1K–15K,8000.0,$257.10
Lisa McClain Republican House MI,Exelon Corp EXC:US,EXC,2025-11-24,2025-10-30,Spouse,1K–15K,8000.0,$47.07
Lisa McClain Republican House MI,Exxon Mobil Corp XOM:US,XOM,2025-11-24,2025-10-30,Spouse,1K–15K,8000.0,$114.69
Lisa McClain Republican House MI,FMC Corp FMC:US,FMC,2025-11-24,2025-10-30,Spouse,1K–15K,8000.0,$15.53
Lisa McClain Republican House MI,Fortinet Inc FTNT:US,FTNT,2025-11-24,2025-10-30,Spouse,1K–15K,8000.0,$84.20
Lisa McClain Republican House MI,Gartner Inc IT:US,IT,2025-11-24,2025-10-30,Spouse,1K–15K,8000.0,$248.40
Lisa McClain Republican House MI,The Goldman Sachs Group Inc GS:US,GS,2025-11-24,2025-10-30,Spouse,1K–15K,8000.0,$790.16
Lisa McClain Republican House MI,Hasbro Inc HAS:US,HAS,2025-11-24,2025-10-30,Spouse,1K–15K,8000.0,$76.55
Lisa McClain Republican House MI,Hewlett Packard Enterprise Co HPE:US,HPE,2025-11-24,2025-10-30,Spouse,1K–15K,8000.0,$24.41
Lisa McClain Republican House MI,Howmet Aerospace Inc HWM:US,HWM,2025-11-24,2025-10-30,Spouse,1K–15K,8000.0,$201.77
Lisa McClain Republican House MI,Humana Inc HUM:US,HUM,2025-11-24,2025-10-30,Spouse,1K–15K,8000.0,$285.61
Lisa McClain Republican House MI,IDEX Corp IEX:US,IEX,2025-11-24,2025-10-30,Spouse,1K–15K,8000.0,$170.30
Lisa McClain Republican House MI,Illinois Tool Works Inc ITW:US,ITW,2025-11-24,2025-10-30,Spouse,1K–15K,8000.0,$243.64
Lisa McClain Republican House MI,Illumina Inc ILMN:US,ILMN,2025-11-24,2025-10-30,Spouse,1K–15K,8000.0,$99.01
Lisa McClain Republican House MI,Johnson & Johnson JNJ:US,JNJ,2025-11-24,2025-10-30,Spouse,1K–15K,8000.0,$189.05
Lisa McClain Republican House MI,JPMorgan Chase & Co JPM:US,JPM,2025-11-24,2025-10-30,Spouse,1K–15K,8000.0,$309.44
Lisa McClain Republican House MI,KENVUE INC KVUE:US,KVUE,2025-11-24,2025-10-30,Spouse,1K–15K,8000.0,$14.24
Lisa McClain Republican House MI,Loews Corp L:US,L,2025-11-24,2025-10-30,Spouse,1K–15K,8000.0,$99.53
Lisa McClain Republican House MI,McDonald's Corp MCD:US,MCD,2025-11-24,2025-10-30,Spouse,1K–15K,8000.0,$302.43
Lisa McClain Republican House MI,Meta Platforms Inc META:US,META,2025-11-24,2025-10-30,Spouse,1K–15K,8000.0,$666.47
Lisa McClain Republican House MI,Netflix Inc NFLX:US,NFLX,2025-11-24,2025-10-30,Spouse,1K–15K,8000.0,"$1,089.00"
Lisa McClain Republican House MI,Northern Trust Corp NTRS:US,NTRS,2025-11-24,2025-10-30,Spouse,1K–15K,8000.0,$126.90
Lisa McClain Republican House MI,Norwegian Cruise Line Holdings Ltd NCLH:US,NCLH,2025-11-24,2025-10-30,Spouse,1K–15K,8000.0,$22.22
Lisa McClain Republican House MI,Oracle Corp ORCL:US,ORCL,2025-11-24,2025-10-30,Spouse,1K–15K,8000.0,$256.89
Lisa McClain Republican House MI,O'Reilly Automotive Inc ORLY:US,ORLY,2025-11-24,2025-10-30,Spouse,1K–15K,8000.0,$95.15
Lisa McClain Republican House MI,Otis Worldwide Corp OTIS:US,OTIS,2025-11-24,2025-10-30,Spouse,1K–15K,8000.0,$92.49
Lisa McClain Republican House MI,Palantir Technologies Inc PLTR:US,PLTR,2025-11-24,2025-10-30,Spouse,1K–15K,8000.0,$194.55
Lisa McClain Republican House MI,PepsiCo Inc PEP:US,PEP,2025-11-24,2025-10-30,Spouse,1K–15K,8000.0,$147.55
Lisa McClain Republican House MI,Principal Financial Group Inc PFG:US,PFG,2025-11-24,2025-10-30,Spouse,1K–15K,8000.0,$82.74
Lisa McClain Republican House MI,Quanta Services Inc PWR:US,PWR,2025-11-24,2025-10-30,Spouse,1K–15K,8000.0,$453.83
Lisa McClain Republican House MI,Regions Financial Corp RF:US,RF,2025-11-24,2025-10-30,Spouse,1K–15K,8000.0,$24.20
Lisa McClain Republican House MI,The Sherwin-Williams Co SHW:US,SHW,2025-11-24,2025-10-30,Spouse,1K–15K,8000.0,$347.90
Lisa McClain Republican House MI,Schlumberger Ltd SLB:US,SLB,2025-11-24,2025-10-30,Spouse,1K–15K,8000.0,$36.32
Lisa McClain Republican House MI,Sysco Corporation SYY:US,SYY,2025-11-24,2025-10-30,Spouse,1K–15K,8000.0,$74.70
Lisa McClain Republican House MI,Teradyne Inc TER:US,TER,2025-11-24,2025-10-30,Spouse,1K–15K,8000.0,$176.88
Lisa McClain Republican House MI,Tesla Inc TSLA:US,TSLA,2025-11-24,2025-10-30,Spouse,1K–15K,8000.0,$440.10
Lisa McClain Republican House MI,Textron Inc TXT:US,TXT,2025-11-24,2025-10-30,Spouse,1K–15K,8000.0,$79.42
Lisa McClain Republican House MI,The Bank of New York Mellon Corp BK:US,BK,2025-11-24,2025-10-30,Spouse,1K–15K,8000.0,$107.92
Lisa McClain Republican House MI,The J M Smucker Company SJM:US,SJM,2025-11-24,2025-10-30,Spouse,1K–15K,8000.0,$102.35
Lisa McClain Republican House MI,Thermo Fisher Scientific Inc TMO:US,TMO,2025-11-24,2025-10-30,Spouse,1K–15K,8000.0,$556.22
Lisa McClain Republican House MI,T-Mobile US Inc TMUS:US,TMUS,2025-11-24,2025-10-30,Spouse,1K–15K,8000.0,$210.65
Lisa McClain Republican House MI,Uber Technologies Inc UBER:US,UBER,2025-11-24,2025-10-30,Spouse,1K–15K,8000.0,$96.49
Lisa McClain Republican House MI,Unitedhealth Group Inc UNH:US,UNH,2025-11-24,2025-10-30,Spouse,1K–15K,8000.0,$344.75
Lisa McClain Republican House MI,Visa Inc V:US,V,2025-11-24,2025-10-30,Spouse,1K–15K,8000.0,$345.03
Lisa McClain Republican House MI,Vistra Corp VST:US,VST,2025-11-24,2025-10-30,Spouse,1K–15K,8000.0,$189.71
Lisa McClain Republican House MI,Berkley (W.R.) Corp WRB:US,WRB,2025-11-24,2025-10-30,Spouse,1K–15K,8000.0,$71.54
Lisa McClain Republican House MI,Walmart Inc WMT:US,WMT,2025-11-24,2025-10-30,Spouse,1K–15K,8000.0,$102.23
Lisa McClain Republican House MI,Wynn Resorts Ltd WYNN:US,WYNN,2025-11-24,2025-10-30,Spouse,1K–15K,8000.0,$119.77
Markwayne Mullin Republican Senate OK,Microsoft Corp MSFT:US,MSFT,2025-11-21,2025-11-03,Joint,250K–500K,375000.0,$517.03
Cleo Fields Democrat House LA,Netflix Inc NFLX:US,NFLX,2025-11-20,2025-11-03,Undisclosed,100K–250K,175000.0,"$1,100.09"
Cleo Fields Democrat House LA,Netflix Inc NFLX:US,NFLX,2025-11-20,2025-11-03,Undisclosed,100K–250K,175000.0,"$1,100.09"
Michael Guest Republican House MS,Monolithic Power Systems Inc MPWR:US,MPWR,2025-11-20,2025-10-20,Child,1K–15K,8000.0,"$1,031.59"
Cleo Fields Democrat House LA,Apple Inc AAPL:US,AAPL,2025-11-20,2025-11-13,Undisclosed,1K–15K,8000.0,$272.95
Gil Cisneros Democrat House CA,Alibaba Group Holding Ltd BABA:US,BABA,2025-11-19,2025-10-14,Undisclosed,15K–50K,32500.0,$162.86
Gil Cisneros Democrat House CA,Alibaba Group Holding Ltd BABA:US,BABA,2025-11-19,2025-10-17,Undisclosed,15K–50K,32500.0,$167.05
David Taylor Republican House OH,The Home Depot Inc HD:US,HD,2025-11-19,2025-11-11,Undisclosed,1K–15K,8000.0,$374.24
David Taylor Republican House OH,The Progressive Corp PGR:US,PGR,2025-11-19,2025-11-03,Undisclosed,1K–15K,8000.0,$203.70
David Taylor Republican House OH,The Progressive Corp PGR:US,PGR,2025-11-19,2025-11-03,Undisclosed,1K–15K,8000.0,$203.70
David Taylor Republican House OH,Visa Inc V:US,V,2025-11-19,2025-11-12,Undisclosed,1K–15K,8000.0,$338.88
Byron Donalds Republican House FL,Brown & Brown Inc BRO:US,BRO,2025-11-19,2025-10-09,Undisclosed,1K–15K,8000.0,$95.50
Byron Donalds Republican House FL,Brown & Brown Inc BRO:US,BRO,2025-11-19,2025-10-24,Undisclosed,1K–15K,8000.0,$88.00
Byron Donalds Republican House FL,Brown & Brown Inc BRO:US,BRO,2025-11-19,2025-10-09,Spouse,1K–15K,8000.0,$95.50
Byron Donalds Republican House FL,Carnival Corporation & PLC CCL:US,CCL,2025-11-19,2025-10-09,Undisclosed,1K–15K,8000.0,$28.45
Byron Donalds Republican House FL,Carnival Corporation & PLC CCL:US,CCL,2025-11-19,2025-10-09,Spouse,1K–15K,8000.0,$28.45
Byron Donalds Republican House FL,Chipotle Mexican Grill Inc CMG:US,CMG,2025-11-19,2025-10-09,Undisclosed,1K–15K,8000.0,$40.89
Byron Donalds Republican House FL,Chipotle Mexican Grill Inc CMG:US,CMG,2025-11-19,2025-10-09,Undisclosed,1K–15K,8000.0,$40.89
Byron Donalds Republican House FL,Fortinet Inc FTNT:US,FTNT,2025-11-19,2025-10-09,Spouse,1K–15K,8000.0,$86.19
Byron Donalds Republican House FL,Fortinet Inc FTNT:US,FTNT,2025-11-19,2025-10-09,Undisclosed,1K–15K,8000.0,$86.19
Byron Donalds Republican House FL,The Progressive Corp PGR:US,PGR,2025-11-19,2025-10-09,Spouse,1K–15K,8000.0,$242.16
Byron Donalds Republican House FL,The Progressive Corp PGR:US,PGR,2025-11-19,2025-10-09,Undisclosed,1K–15K,8000.0,$242.16
Byron Donalds Republican House FL,The Progressive Corp PGR:US,PGR,2025-11-19,2025-10-24,Undisclosed,1K–15K,8000.0,$219.09
Byron Donalds Republican House FL,Visa Inc V:US,V,2025-11-19,2025-10-24,Spouse,1K–15K,8000.0,$347.38
Gil Cisneros Democrat House CA,Alibaba Group Holding Ltd BABA:US,BABA,2025-11-19,2025-10-21,Undisclosed,1K–15K,8000.0,$166.67
Gil Cisneros Democrat House CA,Alphabet Inc GOOGL:US,GOOGL,2025-11-19,2025-10-17,Undisclosed,1K–15K,8000.0,$253.30
Gil Cisneros Democrat House CA,Amazon.com Inc AMZN:US,AMZN,2025-11-19,2025-10-17,Undisclosed,1K–15K,8000.0,$213.04
Gil Cisneros Democrat House CA,Apple Inc AAPL:US,AAPL,2025-11-19,2025-10-17,Undisclosed,1K–15K,8000.0,$252.29
Gil Cisneros Democrat House CA,Arista Networks Inc ANET:US,ANET,2025-11-19,2025-10-17,Undisclosed,1K–15K,8000.0,$143.10
Gil Cisneros Democrat House CA,Berkshire Hathaway Inc BRK/B:US,BRK/B,2025-11-19,2025-10-17,Undisclosed,1K–15K,8000.0,$492.42
Gil Cisneros Democrat House CA,Boston Scientific Corp BSX:US,BSX,2025-11-19,2025-10-17,Undisclosed,1K–15K,8000.0,$99.24
Gil Cisneros Democrat House CA,Broadcom Inc AVGO:US,AVGO,2025-11-19,2025-10-17,Undisclosed,1K–15K,8000.0,$349.33
Gil Cisneros Democrat House CA,Caterpillar Inc CAT:US,CAT,2025-11-19,2025-10-17,Undisclosed,1K–15K,8000.0,$527.08
Gil Cisneros Democrat House CA,Chevron Corp CVX:US,CVX,2025-11-19,2025-10-17,Undisclosed,1K–15K,8000.0,$153.08
Gil Cisneros Democrat House CA,Coinbase Global Inc COIN:US,COIN,2025-11-19,2025-10-17,Undisclosed,1K–15K,8000.0,$336.02
Gil Cisneros Democrat House CA,Coinbase Global Inc COIN:US,COIN,2025-11-19,2025-10-09,Undisclosed,1K–15K,8000.0,$387.00
Gil Cisneros Democrat House CA,CoStar Group Inc CSGP:US,CSGP,2025-11-19,2025-10-15,Undisclosed,1K–15K,8000.0,$75.19
Gil Cisneros Democrat House CA,Costco Wholesale Corp COST:US,COST,2025-11-19,2025-10-17,Undisclosed,1K–15K,8000.0,$936.33
Gil Cisneros Democrat House CA,Eaton Corp PLC ETN:US,ETN,2025-11-19,2025-10-15,Undisclosed,1K–15K,8000.0,$381.72
Gil Cisneros Democrat House CA,Freeport-McMoRan Inc FCX:US,FCX,2025-11-19,2025-10-17,Undisclosed,1K–15K,8000.0,$41.18
Gil Cisneros Democrat House CA,The Home Depot Inc HD:US,HD,2025-11-19,2025-10-17,Undisclosed,1K–15K,8000.0,$391.90
Gil Cisneros Democrat House CA,JPMorgan Chase & Co JPM:US,JPM,2025-11-19,2025-10-17,Undisclosed,1K–15K,8000.0,$297.56
Gil Cisneros Democrat House CA,KKR & Co Inc KKR:US,KKR,2025-11-19,2025-10-17,Undisclosed,1K–15K,8000.0,$117.60
Gil Cisneros Democrat House CA,Mastercard Inc MA:US,MA,2025-11-19,2025-10-17,Undisclosed,1K–15K,8000.0,$560.97
Gil Cisneros Democrat House CA,Meta Platforms Inc META:US,META,2025-11-19,2025-10-17,Undisclosed,1K–15K,8000.0,$716.92
Gil Cisneros Democrat House CA,Microsoft Corp MSFT:US,MSFT,2025-11-19,2025-10-09,Undisclosed,1K–15K,8000.0,$522.40
Gil Cisneros Democrat House CA,Morgan Stanley MS:US,MS,2025-11-19,2025-10-17,Undisclosed,1K–15K,8000.0,$158.67
Gil Cisneros Democrat House CA,Netflix Inc NFLX:US,NFLX,2025-11-19,2025-10-17,Undisclosed,1K–15K,8000.0,"$1,199.36"
Gil Cisneros Democrat House CA,NVIDIA Corporation NVDA:US,NVDA,2025-11-19,2025-10-17,Undisclosed,1K–15K,8000.0,$183.22
Gil Cisneros Democrat House CA,NXP Semiconductors NV NXPI:US,NXPI,2025-11-19,2025-10-17,Undisclosed,1K–15K,8000.0,$214.35
Gil Cisneros Democrat House CA,Oracle Corp ORCL:US,ORCL,2025-11-19,2025-10-17,Undisclosed,1K–15K,8000.0,$291.31
Gil Cisneros Democrat House CA,Palantir Technologies Inc PLTR:US,PLTR,2025-11-19,2025-10-09,Undisclosed,1K–15K,8000.0,$185.47
Gil Cisneros Democrat House CA,The Procter & Gamble Co PG:US,PG,2025-11-19,2025-10-17,Undisclosed,1K–15K,8000.0,$151.40
Gil Cisneros Democrat House CA,Quanta Services Inc PWR:US,PWR,2025-11-19,2025-10-17,Undisclosed,1K–15K,8000.0,$433.85
Gil Cisneros Democrat House CA,ServiceNow Inc NOW:US,NOW,2025-11-19,2025-10-17,Undisclosed,1K–15K,8000.0,$903.60
Gil Cisneros Democrat House CA,Stryker Corp SYK:US,SYK,2025-11-19,2025-10-17,Undisclosed,1K–15K,8000.0,$374.42
Gil Cisneros Democrat House CA,Tesla Inc TSLA:US,TSLA,2025-11-19,2025-10-17,Undisclosed,1K–15K,8000.0,$439.31
Gil Cisneros Democrat House CA,TransDigm Group Inc TDG:US,TDG,2025-11-19,2025-10-17,Undisclosed,1K–15K,8000.0,"$1,265.88"
Gil Cisneros Democrat House CA,Uber Technologies Inc UBER:US,UBER,2025-11-19,2025-10-17,Undisclosed,1K–15K,8000.0,$92.30
Gil Cisneros Democrat House CA,Unitedhealth Group Inc UNH:US,UNH,2025-11-19,2025-10-09,Undisclosed,1K–15K,8000.0,$367.69
Gil Cisneros Democrat House CA,Walmart Inc WMT:US,WMT,2025-11-19,2025-10-17,Undisclosed,1K–15K,8000.0,$107.73
Julie Johnson Democrat House TX,Alphabet Inc GOOGL:US,GOOGL,2025-11-17,2025-10-21,Joint,1K–15K,8000.0,$251.34
Julie Johnson Democrat House TX,Alphabet Inc GOOGL:US,GOOGL,2025-11-17,2025-10-27,Joint,1K–15K,8000.0,$269.93
Julie Johnson Democrat House TX,Alphabet Inc GOOGL:US,GOOGL,2025-11-17,2025-10-31,Joint,1K–15K,8000.0,$281.82
Julie Johnson Democrat House TX,Carrier Global Corp CARR:US,CARR,2025-11-17,2025-10-07,Joint,1K–15K,8000.0,$59.18
Julie Johnson Democrat House TX,Danaher Corp DHR:US,DHR,2025-11-17,2025-10-07,Undisclosed,1K–15K,8000.0,$208.77
John Boozman Republican Senate AR,Meta Platforms Inc META:US,META,2025-11-15,2025-10-31,Joint,1K–15K,8000.0,$648.35
John Boozman Republican Senate AR,Costco Wholesale Corp COST:US,COST,2025-11-15,2025-10-09,Joint,1K–15K,8000.0,$942.89
Tony Wied Republican House WI,salesforce.com Inc CRM:US,CRM,2025-11-14,2025-10-27,Joint,100K–250K,175000.0,$255.47
Tony Wied Republican House WI,ServiceNow Inc NOW:US,NOW,2025-11-14,2025-10-27,Joint,100K–250K,175000.0,$946.29
Tony Wied Republican House WI,The Walt Disney Co DIS:US,DIS,2025-11-14,2025-10-27,Joint,100K–250K,175000.0,$112.34
Tony Wied Republican House WI,Arista Networks Inc ANET:US,ANET,2025-11-14,2025-10-27,Joint,50K–100K,75000.0,$156.81
Ro Khanna Democrat House CA,Intuit Inc INTU:US,INTU,2025-11-14,2025-10-07,Spouse,15K–50K,32500.0,$657.99
Ro Khanna Democrat House CA,salesforce.com Inc CRM:US,CRM,2025-11-14,2025-10-07,Spouse,15K–50K,32500.0,$239.74
Ro Khanna Democrat House CA,McDonald's Corp MCD:US,MCD,2025-11-14,2025-10-07,Spouse,15K–50K,32500.0,$296.32
Ro Khanna Democrat House CA,United Rentals Inc URI:US,URI,2025-11-14,2025-10-24,Child,15K–50K,32500.0,$913.33
Ro Khanna Democrat House CA,EQT Corp EQT:US,EQT,2025-11-14,2025-10-24,Child,15K–50K,32500.0,$53.70
Marjorie Taylor Greene Republican House GA,Automatic Data Processing Inc ADP:US,ADP,2025-11-14,2025-11-12,Undisclosed,15K–50K,32500.0,$254.55
Marjorie Taylor Greene Republican House GA,Paychex Inc PAYX:US,PAYX,2025-11-14,2025-11-12,Undisclosed,15K–50K,32500.0,$111.08
Ro Khanna Democrat House CA,Dover Corp DOV:US,DOV,2025-11-14,2025-10-30,Child,1K–15K,8000.0,$180.14
Ro Khanna Democrat House CA,Waste Management Inc WM:US,WM,2025-11-14,2025-10-29,Child,1K–15K,8000.0,$197.53
Ro Khanna Democrat House CA,Waste Management Inc WM:US,WM,2025-11-14,2025-10-29,Child,1K–15K,8000.0,$197.53
Ro Khanna Democrat House CA,M&T Bank Corp MTB:US,MTB,2025-11-14,2025-10-29,Child,1K–15K,8000.0,$24.98
Ro Khanna Democrat House CA,Waste Management Inc WM:US,WM,2025-11-14,2025-10-28,Child,1K–15K,8000.0,$204.23
Ro Khanna Democrat House CA,Bank of America Corp BAC:US,BAC,2025-11-14,2025-10-27,Child,1K–15K,8000.0,$53.02
Ro Khanna Democrat House CA,SBA Communications Corp SBAC:US,SBAC,2025-11-14,2025-10-27,Child,1K–15K,8000.0,$197.30
Ro Khanna Democrat House CA,Zoetis Inc ZTS:US,ZTS,2025-11-14,2025-10-27,Child,1K–15K,8000.0,$147.53
Ro Khanna Democrat House CA,DEERE & COMPANY DE:US,DE,2025-11-14,2025-10-24,Child,1K–15K,8000.0,$472.76
Ro Khanna Democrat House CA,The Cooper Cos Inc COO:US,COO,2025-11-14,2025-10-24,Child,1K–15K,8000.0,$73.51
Ro Khanna Democrat House CA,Texas Instruments Inc TXN:US,TXN,2025-11-14,2025-10-23,Child,1K–15K,8000.0,$172.19
Ro Khanna Democrat House CA,The Cooper Cos Inc COO:US,COO,2025-11-14,2025-10-21,Child,1K–15K,8000.0,$75.00
Ro Khanna Democrat House CA,Sempra SRE:US,SRE,2025-11-14,2025-10-17,Child,1K–15K,8000.0,N/A
Ro Khanna Democrat House CA,Aon PLC AON:US,AON,2025-11-14,2025-10-16,Child,1K–15K,8000.0,$343.12
Ro Khanna Democrat House CA,The Cooper Cos Inc COO:US,COO,2025-11-14,2025-10-15,Child,1K–15K,8000.0,$68.76
Ro Khanna Democrat House CA,The Cooper Cos Inc COO:US,COO,2025-11-14,2025-10-10,Child,1K–15K,8000.0,$68.37
Ro Khanna Democrat House CA,Comerica Incorporated CMA:US,CMA,2025-11-14,2025-10-06,Child,1K–15K,8000.0,N/A
Ro Khanna Democrat House CA,Danaher Corp DHR:US,DHR,2025-11-14,2025-10-03,Child,1K–15K,8000.0,$214.99
Ro Khanna Democrat House CA,The Cooper Cos Inc COO:US,COO,2025-11-14,2025-10-01,Child,1K–15K,8000.0,$68.07
Ro Khanna Democrat House CA,Apple Inc AAPL:US,AAPL,2025-11-14,2025-10-03,Child,1K–15K,8000.0,N/A
Ro Khanna Democrat House CA,Aon PLC AON:US,AON,2025-11-14,2025-10-16,Child,1K–15K,8000.0,$343.12
Ro Khanna Democrat House CA,FactSet Research Systems Inc FDS:US,FDS,2025-11-14,2025-10-14,Child,1K–15K,8000.0,$285.75
Ro Khanna Democrat House CA,FactSet Research Systems Inc FDS:US,FDS,2025-11-14,2025-10-06,Child,1K–15K,8000.0,$275.01
Ro Khanna Democrat House CA,FactSet Research Systems Inc FDS:US,FDS,2025-11-14,2025-10-01,Child,1K–15K,8000.0,$286.73
Ro Khanna Democrat House CA,FactSet Research Systems Inc FDS:US,FDS,2025-11-14,2025-10-01,Spouse,1K–15K,8000.0,$286.73
Ro Khanna Democrat House CA,FactSet Research Systems Inc FDS:US,FDS,2025-11-14,2025-10-03,Spouse,1K–15K,8000.0,$282.33
Ro Khanna Democrat House CA,FactSet Research Systems Inc FDS:US,FDS,2025-11-14,2025-10-06,Spouse,1K–15K,8000.0,$275.01
Ro Khanna Democrat House CA,FactSet Research Systems Inc FDS:US,FDS,2025-11-14,2025-10-13,Spouse,1K–15K,8000.0,$285.99
Ro Khanna Democrat House CA,FactSet Research Systems Inc FDS:US,FDS,2025-11-14,2025-10-14,Spouse,1K–15K,8000.0,$285.75
Ro Khanna Democrat House CA,FactSet Research Systems Inc FDS:US,FDS,2025-11-14,2025-10-15,Spouse,1K–15K,8000.0,$283.95
Ro Khanna Democrat House CA,FactSet Research Systems Inc FDS:US,FDS,2025-11-14,2025-10-17,Spouse,1K–15K,8000.0,$286.67
Ro Khanna Democrat House CA,FactSet Research Systems Inc FDS:US,FDS,2025-11-14,2025-10-21,Spouse,1K–15K,8000.0,$294.11
Ro Khanna Democrat House CA,FactSet Research Systems Inc FDS:US,FDS,2025-11-14,2025-10-27,Spouse,1K–15K,8000.0,$290.33
Ro Khanna Democrat House CA,FactSet Research Systems Inc FDS:US,FDS,2025-11-14,2025-10-29,Spouse,1K–15K,8000.0,$266.89
Ro Khanna Democrat House CA,FactSet Research Systems Inc FDS:US,FDS,2025-11-14,2025-10-30,Spouse,1K–15K,8000.0,$269.04
Ro Khanna Democrat House CA,Tyler Technologies Inc TYL:US,TYL,2025-11-14,2025-10-07,Spouse,1K–15K,8000.0,$485.73
Ro Khanna Democrat House CA,The Walt Disney Co DIS:US,DIS,2025-11-14,2025-10-07,Spouse,1K–15K,8000.0,$112.53
Ro Khanna Democrat House CA,Ameriprise Financial Inc AMP:US,AMP,2025-11-14,2025-10-07,Spouse,1K–15K,8000.0,$497.79
Ro Khanna Democrat House CA,Public Storage PSA:US,PSA,2025-11-14,2025-10-07,Spouse,1K–15K,8000.0,$293.53
Ro Khanna Democrat House CA,Morgan Stanley MS:US,MS,2025-11-14,2025-10-07,Spouse,1K–15K,8000.0,$155.97
Ro Khanna Democrat House CA,The Kroger Co KR:US,KR,2025-11-14,2025-10-07,Spouse,1K–15K,8000.0,$66.88
Ro Khanna Democrat House CA,Amcor PLC AMCR:US,AMCR,2025-11-14,2025-10-07,Spouse,1K–15K,8000.0,$7.96
Ro Khanna Democrat House CA,Fair Isaac Corporation FICO:US,FICO,2025-11-14,2025-10-07,Spouse,1K–15K,8000.0,"$1,879.55"
Ro Khanna Democrat House CA,Arthur J. Gallagher & Co AJG:US,AJG,2025-11-14,2025-10-07,Spouse,1K–15K,8000.0,$309.81
Ro Khanna Democrat House CA,Equifax Inc EFX:US,EFX,2025-11-14,2025-10-07,Spouse,1K–15K,8000.0,$237.99
Ro Khanna Democrat House CA,Lowe's Cos Inc LOW:US,LOW,2025-11-14,2025-10-07,Spouse,1K–15K,8000.0,$239.89
Ro Khanna Democrat House CA,Ecolab Inc ECL:US,ECL,2025-11-14,2025-10-07,Spouse,1K–15K,8000.0,$278.99
Ro Khanna Democrat House CA,Equity Residential EQR:US,EQR,2025-11-14,2025-10-07,Spouse,1K–15K,8000.0,$62.47
Ro Khanna Democrat House CA,Truist Financial Corp TFC:US,TFC,2025-11-14,2025-10-07,Spouse,1K–15K,8000.0,$45.20
Ro Khanna Democrat House CA,Otis Worldwide Corp OTIS:US,OTIS,2025-11-14,2025-10-07,Spouse,1K–15K,8000.0,$90.40
Ro Khanna Democrat House CA,Chubb Ltd CB:US,CB,2025-11-14,2025-10-07,Spouse,1K–15K,8000.0,$289.24
Ro Khanna Democrat House CA,VICI Properties Inc VICI:US,VICI,2025-11-14,2025-10-07,Spouse,1K–15K,8000.0,$31.99
Ro Khanna Democrat House CA,T-Mobile US Inc TMUS:US,TMUS,2025-11-14,2025-10-07,Spouse,1K–15K,8000.0,$227.68
Ro Khanna Democrat House CA,Bank of America Corp BAC:US,BAC,2025-11-14,2025-10-07,Spouse,1K–15K,8000.0,$50.29
Ro Khanna Democrat House CA,Aon PLC AON:US,AON,2025-11-14,2025-10-07,Spouse,1K–15K,8000.0,$366.93
Ro Khanna Democrat House CA,Simon Property Group Inc SPG:US,SPG,2025-11-14,2025-10-07,Spouse,1K–15K,8000.0,$178.92
Ro Khanna Democrat House CA,IDEXX Laboratories Inc IDXX:US,IDXX,2025-11-14,2025-10-07,Spouse,1K–15K,8000.0,$627.28
Ro Khanna Democrat House CA,Ross Stores Inc ROST:US,ROST,2025-11-14,2025-10-07,Spouse,1K–15K,8000.0,$150.34
Ro Khanna Democrat House CA,AFLAC Inc AFL:US,AFL,2025-11-14,2025-10-07,Spouse,1K–15K,8000.0,$112.93
Ro Khanna Democrat House CA,PayPal Holdings Inc PYPL:US,PYPL,2025-11-14,2025-10-07,Spouse,1K–15K,8000.0,$74.61
Ro Khanna Democrat House CA,Philip Morris International Inc PM:US,PM,2025-11-14,2025-10-07,Spouse,1K–15K,8000.0,$154.55
Ro Khanna Democrat House CA,Vertex Pharmaceuticals Inc VRTX:US,VRTX,2025-11-14,2025-10-07,Spouse,1K–15K,8000.0,$410.28
Ro Khanna Democrat House CA,Palantir Technologies Inc PLTR:US,PLTR,2025-11-14,2025-10-07,Spouse,1K–15K,8000.0,$182.17
Ro Khanna Democrat House CA,MSCI Inc MSCI:US,MSCI,2025-11-14,2025-10-07,Spouse,1K–15K,8000.0,$569.11
Ro Khanna Democrat House CA,Airbnb Inc ABNB:US,ABNB,2025-11-14,2025-10-07,Spouse,1K–15K,8000.0,$119.85
Ro Khanna Democrat House CA,Cigna Corp CI:US,CI,2025-11-14,2025-10-07,Spouse,1K–15K,8000.0,$307.14
Ro Khanna Democrat House CA,Keurig Dr Pepper Inc KDP:US,KDP,2025-11-14,2025-10-07,Spouse,1K–15K,8000.0,$25.33
Ro Khanna Democrat House CA,Paychex Inc PAYX:US,PAYX,2025-11-14,2025-10-07,Spouse,1K–15K,8000.0,$127.02
Ro Khanna Democrat House CA,Sysco Corporation SYY:US,SYY,2025-11-14,2025-10-07,Spouse,1K–15K,8000.0,$79.95
Ro Khanna Democrat House CA,AvalonBay Communities Inc AVB:US,AVB,2025-11-14,2025-10-07,Spouse,1K–15K,8000.0,$187.52
Ro Khanna Democrat House CA,Chipotle Mexican Grill Inc CMG:US,CMG,2025-11-14,2025-10-07,Spouse,1K–15K,8000.0,$40.95
Ro Khanna Democrat House CA,Charter Communications Inc CHTR:US,CHTR,2025-11-14,2025-10-07,Spouse,1K–15K,8000.0,$276.48
Ro Khanna Democrat House CA,CME Group Inc CME:US,CME,2025-11-14,2025-10-07,Spouse,1K–15K,8000.0,$263.60
Ro Khanna Democrat House CA,Kimberly-Clark Corp KMB:US,KMB,2025-11-14,2025-10-07,Spouse,1K–15K,8000.0,$122.33
Ro Khanna Democrat House CA,SBA Communications Corp SBAC:US,SBAC,2025-11-14,2025-10-07,Spouse,1K–15K,8000.0,$188.53
Ro Khanna Democrat House CA,The Procter & Gamble Co PG:US,PG,2025-11-14,2025-10-07,Spouse,1K–15K,8000.0,$152.54
Ro Khanna Democrat House CA,VERISK ANALYTICS Inc VRSK:US,VRSK,2025-11-14,2025-10-07,Spouse,1K–15K,8000.0,$246.09
Ro Khanna Democrat House CA,Church & Dwight Co Inc CHD:US,CHD,2025-11-14,2025-10-07,Spouse,1K–15K,8000.0,$90.01
Ro Khanna Democrat House CA,Walmart Inc WMT:US,WMT,2025-11-14,2025-10-07,Spouse,1K–15K,8000.0,$103.24
Ro Khanna Democrat House CA,Henry (Jack) & Associates Inc JKHY:US,JKHY,2025-11-14,2025-10-07,Spouse,1K–15K,8000.0,$149.64
Ro Khanna Democrat House CA,Brown & Brown Inc BRO:US,BRO,2025-11-14,2025-10-07,Spouse,1K–15K,8000.0,$95.55
Ro Khanna Democrat House CA,General Mills Inc GIS:US,GIS,2025-11-14,2025-10-07,Spouse,1K–15K,8000.0,$50.93
Ro Khanna Democrat House CA,Kellogg Co K:US,K,2025-11-14,2025-10-07,Spouse,1K–15K,8000.0,$82.90
Ro Khanna Democrat House CA,Waste Management Inc WM:US,WM,2025-11-14,2025-10-07,Spouse,1K–15K,8000.0,$217.56
Ro Khanna Democrat House CA,The Clorox Co CLX:US,CLX,2025-11-14,2025-10-07,Spouse,1K–15K,8000.0,$120.49
Ro Khanna Democrat House CA,American Tower Corp AMT:US,AMT,2025-11-14,2025-10-07,Spouse,1K–15K,8000.0,$186.97
Ro Khanna Democrat House CA,International Flavors & Fragrances Inc IFF:US,IFF,2025-11-14,2025-10-07,Spouse,1K–15K,8000.0,$61.02
Ro Khanna Democrat House CA,Target Corp TGT:US,TGT,2025-11-14,2025-10-07,Spouse,1K–15K,8000.0,$89.27
Ro Khanna Democrat House CA,The Cooper Cos Inc COO:US,COO,2025-11-14,2025-10-01,Spouse,1K–15K,8000.0,$68.07
Ro Khanna Democrat House CA,NVR Inc NVR:US,NVR,2025-11-14,2025-10-08,Spouse,1K–15K,8000.0,"$7,756.83"
Ro Khanna Democrat House CA,The Cooper Cos Inc COO:US,COO,2025-11-14,2025-10-10,Spouse,1K–15K,8000.0,$68.37
Ro Khanna Democrat House CA,DEERE & COMPANY DE:US,DE,2025-11-14,2025-10-14,Spouse,1K–15K,8000.0,$447.95
Ro Khanna Democrat House CA,The Cooper Cos Inc COO:US,COO,2025-11-14,2025-10-15,Spouse,1K–15K,8000.0,$68.76
Ro Khanna Democrat House CA,Aon PLC AON:US,AON,2025-11-14,2025-10-16,Spouse,1K–15K,8000.0,$343.12
Ro Khanna Democrat House CA,Aon PLC AON:US,AON,2025-11-14,2025-10-21,Spouse,1K–15K,8000.0,$343.43
Ro Khanna Democrat House CA,The Cooper Cos Inc COO:US,COO,2025-11-14,2025-10-21,Spouse,1K–15K,8000.0,$75.00
Ro Khanna Democrat House CA,Texas Instruments Inc TXN:US,TXN,2025-11-14,2025-10-23,Spouse,1K–15K,8000.0,$172.19
Ro Khanna Democrat House CA,DEERE & COMPANY DE:US,DE,2025-11-14,2025-10-24,Spouse,1K–15K,8000.0,$472.76
Ro Khanna Democrat House CA,The Cooper Cos Inc COO:US,COO,2025-11-14,2025-10-24,Spouse,1K–15K,8000.0,$73.51
Ro Khanna Democrat House CA,SBA Communications Corp SBAC:US,SBAC,2025-11-14,2025-10-27,Spouse,1K–15K,8000.0,$197.30
Ro Khanna Democrat House CA,Zoetis Inc ZTS:US,ZTS,2025-11-14,2025-10-27,Spouse,1K–15K,8000.0,$147.53
Ro Khanna Democrat House CA,Waste Management Inc WM:US,WM,2025-11-14,2025-10-28,Spouse,1K–15K,8000.0,$204.23
Ro Khanna Democrat House CA,Waste Management Inc WM:US,WM,2025-11-14,2025-10-29,Spouse,1K–15K,8000.0,$197.53
Ro Khanna Democrat House CA,Waste Management Inc WM:US,WM,2025-11-14,2025-10-29,Spouse,1K–15K,8000.0,$197.53
Ro Khanna Democrat House CA,Dover Corp DOV:US,DOV,2025-11-14,2025-10-30,Spouse,1K–15K,8000.0,$180.14
Ro Khanna Democrat House CA,Capital One Financial Corp COF:US,COF,2025-11-14,2025-10-01,Spouse,1K–15K,8000.0,N/A
Ro Khanna Democrat House CA,Capital One Financial Corp COF:US,COF,2025-11-14,2025-10-01,Spouse,1K–15K,8000.0,N/A
Ro Khanna Democrat House CA,Huntington Bancshares Inc HBAN:US,HBAN,2025-11-14,2025-10-06,Spouse,1K–15K,8000.0,N/A
Ro Khanna Democrat House CA,Comerica Incorporated CMA:US,CMA,2025-11-14,2025-10-06,Spouse,1K–15K,8000.0,N/A
Ro Khanna Democrat House CA,Citizens Financial Group Inc CFG:US,CFG,2025-11-14,2025-10-08,Spouse,1K–15K,8000.0,$52.01
Ro Khanna Democrat House CA,Ally Financial Inc ALLY:US,ALLY,2025-11-14,2025-10-22,Spouse,1K–15K,8000.0,N/A
Ro Khanna Democrat House CA,Citizens Financial Group Inc CFG:US,CFG,2025-11-14,2025-10-22,Spouse,1K–15K,8000.0,$50.62
Ro Khanna Democrat House CA,M&T Bank Corp MTB:US,MTB,2025-11-14,2025-10-29,Spouse,1K–15K,8000.0,$24.98
Ro Khanna Democrat House CA,M&T Bank Corp MTB:US,MTB,2025-11-14,2025-10-28,Spouse,1K–15K,8000.0,$25.02
Ro Khanna Democrat House CA,M&T Bank Corp MTB:US,MTB,2025-11-14,2025-10-29,Spouse,1K–15K,8000.0,$24.98
Ro Khanna Democrat House CA,Amazon.com Inc AMZN:US,AMZN,2025-11-14,2025-10-17,Child,1K–15K,8000.0,$213.04
Ro Khanna Democrat House CA,Alphabet Inc GOOGL:US,GOOGL,2025-11-14,2025-10-17,Child,1K–15K,8000.0,$253.30
Ro Khanna Democrat House CA,Meta Platforms Inc META:US,META,2025-11-14,2025-10-17,Child,1K–15K,8000.0,$716.92
Ro Khanna Democrat House CA,Advanced Micro Devices Inc AMD:US,AMD,2025-11-14,2025-10-17,Child,1K–15K,8000.0,$233.08
Ro Khanna Democrat House CA,Berkshire Hathaway Inc BRK/B:US,BRK/B,2025-11-14,2025-10-30,Child,1K–15K,8000.0,$478.52
Ro Khanna Democrat House CA,CMS Energy Corp CMS:US,CMS,2025-11-14,2025-10-30,Child,1K–15K,8000.0,$73.21
Ro Khanna Democrat House CA,Exelon Corp EXC:US,EXC,2025-11-14,2025-10-30,Child,1K–15K,8000.0,$47.07
Ro Khanna Democrat House CA,The Home Depot Inc HD:US,HD,2025-11-14,2025-10-30,Child,1K–15K,8000.0,$379.55
Ro Khanna Democrat House CA,Invitation Homes Inc INVH:US,INVH,2025-11-14,2025-10-30,Child,1K–15K,8000.0,$28.41
Ro Khanna Democrat House CA,Johnson & Johnson JNJ:US,JNJ,2025-11-14,2025-10-30,Child,1K–15K,8000.0,$189.05
Ro Khanna Democrat House CA,Verizon Communications Inc VZ:US,VZ,2025-11-14,2025-10-30,Child,1K–15K,8000.0,$38.96
Ro Khanna Democrat House CA,Berkshire Hathaway Inc BRK/B:US,BRK/B,2025-11-14,2025-10-30,Child,1K–15K,8000.0,$478.52
Ro Khanna Democrat House CA,CMS Energy Corp CMS:US,CMS,2025-11-14,2025-10-30,Child,1K–15K,8000.0,$73.21
Ro Khanna Democrat House CA,Exelon Corp EXC:US,EXC,2025-11-14,2025-10-30,Child,1K–15K,8000.0,$47.07
Ro Khanna Democrat House CA,The Home Depot Inc HD:US,HD,2025-11-14,2025-10-30,Child,1K–15K,8000.0,$379.55
Ro Khanna Democrat House CA,Invitation Homes Inc INVH:US,INVH,2025-11-14,2025-10-30,Child,1K–15K,8000.0,$28.41
Ro Khanna Democrat House CA,Johnson & Johnson JNJ:US,JNJ,2025-11-14,2025-10-30,Child,1K–15K,8000.0,$189.05
Ro Khanna Democrat House CA,Verizon Communications Inc VZ:US,VZ,2025-11-14,2025-10-30,Child,1K–15K,8000.0,$38.96
Ro Khanna Democrat House CA,Berkshire Hathaway Inc BRK/B:US,BRK/B,2025-11-14,2025-10-30,Child,1K–15K,8000.0,$478.52
Ro Khanna Democrat House CA,CMS Energy Corp CMS:US,CMS,2025-11-14,2025-10-30,Child,1K–15K,8000.0,$73.21
Ro Khanna Democrat House CA,The Home Depot Inc HD:US,HD,2025-11-14,2025-10-30,Child,1K–15K,8000.0,$379.55
Ro Khanna Democrat House CA,Johnson & Johnson JNJ:US,JNJ,2025-11-14,2025-10-30,Child,1K–15K,8000.0,$189.05
Cleo Fields Democrat House LA,Apple Inc AAPL:US,AAPL,2025-11-13,2025-10-30,Undisclosed,250K–500K,375000.0,$271.40
Cleo Fields Democrat House LA,Alphabet Inc GOOGL:US,GOOGL,2025-11-13,2025-10-23,Undisclosed,100K–250K,175000.0,$253.08
Cleo Fields Democrat House LA,Apple Inc AAPL:US,AAPL,2025-11-13,2025-10-23,Undisclosed,100K–250K,175000.0,$259.58
Cleo Fields Democrat House LA,Netflix Inc NFLX:US,NFLX,2025-11-13,2025-10-31,Undisclosed,100K–250K,175000.0,"$1,118.86"
Cleo Fields Democrat House LA,NVIDIA Corporation NVDA:US,NVDA,2025-11-13,2025-10-30,Undisclosed,100K–250K,175000.0,$202.89
Cleo Fields Democrat House LA,Alphabet Inc GOOGL:US,GOOGL,2025-11-13,2025-10-29,Undisclosed,50K–100K,75000.0,$275.17
Cleo Fields Democrat House LA,NVIDIA Corporation NVDA:US,NVDA,2025-11-13,2025-10-30,Undisclosed,15K–50K,32500.0,$202.89
Tim Moore Republican House NC,Verizon Communications Inc VZ:US,VZ,2025-11-12,2025-10-07,Undisclosed,50K–100K,75000.0,$41.40
Tim Moore Republican House NC,Verizon Communications Inc VZ:US,VZ,2025-11-12,2025-10-31,Undisclosed,15K–50K,32500.0,$39.74
Tim Moore Republican House NC,Verizon Communications Inc VZ:US,VZ,2025-11-12,2025-10-10,Undisclosed,15K–50K,32500.0,$39.85
Michael McCaul Republican House TX,GLOBAL PAYMENTS Inc GPN:US,GPN,2025-11-11,2025-10-24,Spouse,100K–250K,175000.0,$87.36
Michael McCaul Republican House TX,International Flavors & Fragrances Inc IFF:US,IFF,2025-11-11,2025-10-22,Spouse,100K–250K,175000.0,$64.82
Michael McCaul Republican House TX,Alexandria Real Estate Equities Inc ARE:US,ARE,2025-11-11,2025-10-22,Spouse,100K–250K,175000.0,$77.77
Michael McCaul Republican House TX,Alphabet Inc GOOGL:US,GOOGL,2025-11-11,2025-10-31,Spouse,15K–50K,32500.0,$281.19
Michael McCaul Republican House TX,GE VERNOVA INC GEV:US,GEV,2025-11-11,2025-10-16,Spouse,15K–50K,32500.0,$602.00
Michael McCaul Republican House TX,Dollar Tree Inc DLTR:US,DLTR,2025-11-11,2025-10-24,Spouse,15K–50K,32500.0,$99.05
Michael McCaul Republican House TX,GLOBAL PAYMENTS Inc GPN:US,GPN,2025-11-11,2025-10-24,Spouse,15K–50K,32500.0,$87.36
Michael McCaul Republican House TX,Dollar Tree Inc DLTR:US,DLTR,2025-11-11,2025-10-10,Spouse,15K–50K,32500.0,$87.61
Michael McCaul Republican House TX,Alexandria Real Estate Equities Inc ARE:US,ARE,2025-11-11,2025-10-10,Spouse,15K–50K,32500.0,$73.92
Michael McCaul Republican House TX,Lennar Corp LEN:US,LEN,2025-11-11,2025-10-03,Spouse,1K–15K,8000.0,$130.07
Michael McCaul Republican House TX,Lennar Corp LEN:US,LEN,2025-11-11,2025-10-10,Spouse,1K–15K,8000.0,$118.77
Michael McCaul Republican House TX,GE VERNOVA INC GEV:US,GEV,2025-11-11,2025-10-23,Spouse,1K–15K,8000.0,$595.15
Michael McCaul Republican House TX,Broadcom Inc AVGO:US,AVGO,2025-11-11,2025-10-31,Spouse,1K–15K,8000.0,$369.63
Michael McCaul Republican House TX,ServiceNow Inc NOW:US,NOW,2025-11-11,2025-10-31,Spouse,1K–15K,8000.0,$919.28
Marjorie Taylor Greene Republican House GA,The Procter & Gamble Co PG:US,PG,2025-11-07,2025-11-06,Undisclosed,15K–50K,32500.0,$146.13
April McClain Delaney Democrat House MD,Nasdaq Inc NDAQ:US,NDAQ,2025-11-05,2025-10-22,Child,15K–50K,32500.0,$87.42
April McClain Delaney Democrat House MD,Bio-Techne Corp TECH:US,TECH,2025-11-05,2025-10-22,Child,1K–15K,8000.0,$63.79
April McClain Delaney Democrat House MD,Brown & Brown Inc BRO:US,BRO,2025-11-05,2025-10-29,Child,1K–15K,8000.0,$80.30
April McClain Delaney Democrat House MD,Brown & Brown Inc BRO:US,BRO,2025-11-05,2025-10-31,Child,1K–15K,8000.0,$79.74
April McClain Delaney Democrat House MD,Laboratory Corp of America Holdings LH:US,LH,2025-11-05,2025-10-29,Child,1K–15K,8000.0,$248.14
April McClain Delaney Democrat House MD,Laboratory Corp of America Holdings LH:US,LH,2025-11-05,2025-10-31,Child,1K–15K,8000.0,$253.96
April McClain Delaney Democrat House MD,Nasdaq Inc NDAQ:US,NDAQ,2025-11-05,2025-10-09,Child,1K–15K,8000.0,$91.40
April McClain Delaney Democrat House MD,Paychex Inc PAYX:US,PAYX,2025-11-05,2025-10-01,Child,1K–15K,8000.0,$124.01
April McClain Delaney Democrat House MD,Tractor Supply Co TSCO:US,TSCO,2025-11-05,2025-10-31,Child,1K–15K,8000.0,$54.11
Shelley Moore Capito Republican Senate WV,Eli Lilly and Co LLY:US,LLY,2025-11-04,2025-10-24,Spouse,1K–15K,8000.0,$825.45
David Taylor Republican House OH,AT&T Inc T:US,T,2025-11-04,2025-10-30,Undisclosed,1K–15K,8000.0,$24.68
David Taylor Republican House OH,AT&T Inc T:US,T,2025-11-04,2025-10-30,Undisclosed,1K–15K,8000.0,$24.68
Cleo Fields Democrat House LA,Alphabet Inc GOOGL:US,GOOGL,2025-10-31,2025-10-10,Undisclosed,15K–50K,32500.0,$236.57
Cleo Fields Democrat House LA,Alphabet Inc GOOGL:US,GOOGL,2025-10-31,2025-10-10,Undisclosed,15K–50K,32500.0,$237.49
Cleo Fields Democrat House LA,Palantir Technologies Inc PLTR:US,PLTR,2025-10-31,2025-10-10,Undisclosed,15K–50K,32500.0,$175.44
Marjorie Taylor Greene Republican House GA,Amazon.com Inc AMZN:US,AMZN,2025-10-29,2025-10-24,Undisclosed,1K–15K,8000.0,$224.21
Marjorie Taylor Greene Republican House GA,Amgen Inc AMGN:US,AMGN,2025-10-29,2025-10-24,Undisclosed,1K–15K,8000.0,$291.76
Marjorie Taylor Greene Republican House GA,Berkshire Hathaway Inc BRK/B:US,BRK/B,2025-10-29,2025-10-24,Undisclosed,1K–15K,8000.0,$492.10
Marjorie Taylor Greene Republican House GA,Blackstone Group Inc BX:US,BX,2025-10-29,2025-10-24,Undisclosed,1K–15K,8000.0,$154.60
Marjorie Taylor Greene Republican House GA,Cardinal Health Inc CAH:US,CAH,2025-10-29,2025-10-24,Undisclosed,1K–15K,8000.0,$161.89
Marjorie Taylor Greene Republican House GA,Chevron Corp CVX:US,CVX,2025-10-29,2025-10-24,Undisclosed,1K–15K,8000.0,$155.56
Marjorie Taylor Greene Republican House GA,The Home Depot Inc HD:US,HD,2025-10-29,2025-10-24,Undisclosed,1K–15K,8000.0,$386.68
Marjorie Taylor Greene Republican House GA,Kinder Morgan Inc KMI:US,KMI,2025-10-29,2025-10-24,Undisclosed,1K–15K,8000.0,$25.86
Marjorie Taylor Greene Republican House GA,Microsoft Corp MSFT:US,MSFT,2025-10-29,2025-10-24,Undisclosed,1K–15K,8000.0,$523.61
Marjorie Taylor Greene Republican House GA,Netflix Inc NFLX:US,NFLX,2025-10-29,2025-10-24,Undisclosed,1K–15K,8000.0,"$1,094.69"
Marjorie Taylor Greene Republican House GA,Occidental Petroleum Corp OXY:US,OXY,2025-10-29,2025-10-24,Undisclosed,1K–15K,8000.0,$42.57
Marjorie Taylor Greene Republican House GA,Palo Alto Networks Inc PANW:US,PANW,2025-10-29,2025-10-24,Undisclosed,1K–15K,8000.0,$217.11
Jerry Moran Republican Senate KS,Berkshire Hathaway Inc BRK/B:US,BRK/B,2025-10-27,,Self,1K–15K,8000.0,$494.10
Scott Franklin Republican House FL,Union Pacific Corp UNP:US,UNP,2025-10-23,2025-10-14,Undisclosed,50K–100K,75000.0,$227.08
Lisa McClain Republican House MI,Seagate Technology Holdings PLC STX:US,STX,2025-10-23,,Spouse,15K–50K,32500.0,$189.24
Lisa McClain Republican House MI,Amazon.com Inc AMZN:US,AMZN,2025-10-23,,Spouse,1K–15K,8000.0,$229.95
Lisa McClain Republican House MI,Apple Inc AAPL:US,AAPL,2025-10-23,,Spouse,1K–15K,8000.0,$230.03
Lisa McClain Republican House MI,Baxter International Inc BAX:US,BAX,2025-10-23,,Spouse,1K–15K,8000.0,$21.71
Lisa McClain Republican House MI,The Coca-Cola Co KO:US,KO,2025-10-23,,Spouse,1K–15K,8000.0,$65.98
Lisa McClain Republican House MI,Darden Restaurants Inc DRI:US,DRI,2025-10-23,,Spouse,1K–15K,8000.0,$187.02
Lisa McClain Republican House MI,FMC Corp FMC:US,FMC,2025-10-23,,Spouse,1K–15K,8000.0,$33.15
Lisa McClain Republican House MI,Gartner Inc IT:US,IT,2025-10-23,,Spouse,1K–15K,8000.0,$241.12
Lisa McClain Republican House MI,Hormel Foods Corp HRL:US,HRL,2025-10-23,,Spouse,1K–15K,8000.0,$25.42
Lisa McClain Republican House MI,Humana Inc HUM:US,HUM,2025-10-23,,Spouse,1K–15K,8000.0,$254.43
Lisa McClain Republican House MI,KENVUE INC KVUE:US,KVUE,2025-10-23,,Spouse,1K–15K,8000.0,$16.17
Lisa McClain Republican House MI,ROLLINS Inc ROL:US,ROL,2025-10-23,,Spouse,1K–15K,8000.0,$56.44
Lisa McClain Republican House MI,SBA Communications Corp SBAC:US,SBAC,2025-10-23,,Spouse,1K–15K,8000.0,$199.44
Lisa McClain Republican House MI,Schlumberger Ltd SLB:US,SLB,2025-10-23,,Spouse,1K–15K,8000.0,$34.59
Lisa McClain Republican House MI,Tesla Inc TSLA:US,TSLA,2025-10-23,,Spouse,1K–15K,8000.0,$368.81
Scott Franklin Republican House FL,Union Pacific Corp UNP:US,UNP,2025-10-23,2025-10-14,Undisclosed,1K–15K,8000.0,$227.08
Scott Franklin Republican House FL,Union Pacific Corp UNP:US,UNP,2025-10-23,2025-10-14,Spouse,1K–15K,8000.0,$227.08
Marjorie Taylor Greene Republican House GA,Adobe Inc ADBE:US,ADBE,2025-10-21,2025-10-15,Undisclosed,1K–15K,8000.0,$330.63
Marjorie Taylor Greene Republican House GA,Amazon.com Inc AMZN:US,AMZN,2025-10-21,2025-10-15,Undisclosed,1K–15K,8000.0,$215.57
Marjorie Taylor Greene Republican House GA,Amazon.com Inc AMZN:US,AMZN,2025-10-21,2025-10-09,Undisclosed,1K–15K,8000.0,$227.74
Marjorie Taylor Greene Republican House GA,Exelon Corp EXC:US,EXC,2025-10-21,2025-10-15,Undisclosed,1K–15K,8000.0,$47.83
Marjorie Taylor Greene Republican House GA,Tesla Inc TSLA:US,TSLA,2025-10-21,2025-10-15,Undisclosed,1K–15K,8000.0,$435.15
Marjorie Taylor Greene Republican House GA,United Parcel Service Inc UPS:US,UPS,2025-10-21,2025-10-09,Undisclosed,1K–15K,8000.0,$85.28
Rick Larsen Democrat House WA,Abbott Laboratories ABT:US,ABT,2025-10-17,2025-10-06,Undisclosed,1K–15K,8000.0,$133.74
Rick Larsen Democrat House WA,American Electric Power Co Inc AEP:US,AEP,2025-10-17,2025-10-06,Undisclosed,1K–15K,8000.0,$115.66
Rick Larsen Democrat House WA,Walmart Inc WMT:US,WMT,2025-10-17,2025-10-06,Undisclosed,1K–15K,8000.0,$102.70
Thomas Kean Jr Republican House NJ,Danaher Corp DHR:US,DHR,2025-10-15,,Undisclosed,1K–15K,8000.0,$199.44
Thomas Kean Jr Republican House NJ,Intercontinental Exchange Inc ICE:US,ICE,2025-10-15,,Undisclosed,1K–15K,8000.0,$167.28
Michael McCaul Republican House TX,Alexandria Real Estate Equities Inc ARE:US,ARE,2025-10-13,,Spouse,50K–100K,75000.0,$87.45
Michael McCaul Republican House TX,Dollar Tree Inc DLTR:US,DLTR,2025-10-13,,Spouse,50K–100K,75000.0,$95.06
Michael McCaul Republican House TX,Ally Financial Inc ALLY:US,ALLY,2025-10-13,,Spouse,50K–100K,75000.0,$41.97
Tim Moore Republican House NC,Coinbase Global Inc COIN:US,COIN,2025-10-13,,Undisclosed,15K–50K,32500.0,$323.95
Michael McCaul Republican House TX,ServiceNow Inc NOW:US,NOW,2025-10-13,,Spouse,15K–50K,32500.0,$918.61
Michael McCaul Republican House TX,Broadcom Inc AVGO:US,AVGO,2025-10-13,,Spouse,15K–50K,32500.0,$345.65
Michael McCaul Republican House TX,Netflix Inc NFLX:US,NFLX,2025-10-13,,Spouse,15K–50K,32500.0,"$1,200.51"
Michael McCaul Republican House TX,Howmet Aerospace Inc HWM:US,HWM,2025-10-13,,Spouse,15K–50K,32500.0,$187.46
Michael McCaul Republican House TX,Danaher Corp DHR:US,DHR,2025-10-13,,Spouse,1K–15K,8000.0,$194.33
Michael McCaul Republican House TX,Broadcom Inc AVGO:US,AVGO,2025-10-13,,Spouse,1K–15K,8000.0,$336.67
Michael McCaul Republican House TX,DexCom Inc DXCM:US,DXCM,2025-10-13,,Spouse,1K–15K,8000.0,$69.51
Michael McCaul Republican House TX,Danaher Corp DHR:US,DHR,2025-10-13,,Spouse,1K–15K,8000.0,$181.46
Michael McCaul Republican House TX,Alphabet Inc GOOGL:US,GOOGL,2025-10-13,,Spouse,1K–15K,8000.0,$232.30
Michael McCaul Republican House TX,Oracle Corp ORCL:US,ORCL,2025-10-13,,Spouse,1K–15K,8000.0,$307.86
Gil Cisneros Democrat House CA,CoStar Group Inc CSGP:US,CSGP,2025-10-13,,Undisclosed,1K–15K,8000.0,$84.37
Gil Cisneros Democrat House CA,CoStar Group Inc CSGP:US,CSGP,2025-10-13,,Undisclosed,1K–15K,8000.0,$86.31
Gil Cisneros Democrat House CA,Halliburton Co HAL:US,HAL,2025-10-13,,Undisclosed,1K–15K,8000.0,$22.10
Gil Cisneros Democrat House CA,The Home Depot Inc HD:US,HD,2025-10-13,,Undisclosed,1K–15K,8000.0,$422.69
Gil Cisneros Democrat House CA,PTC Inc PTC:US,PTC,2025-10-13,,Undisclosed,1K–15K,8000.0,$203.02
Gil Cisneros Democrat House CA,Quanta Services Inc PWR:US,PWR,2025-10-13,,Undisclosed,1K–15K,8000.0,$382.53
Gil Cisneros Democrat House CA,Revvity Inc RVTY:US,RVTY,2025-10-13,,Undisclosed,1K–15K,8000.0,$82.87
Gil Cisneros Democrat House CA,Southwest Airlines Co LUV:US,LUV,2025-10-13,,Undisclosed,1K–15K,8000.0,$31.39
Gil Cisneros Democrat House CA,SUPER MICRO COMPUTER INC SMCI:US,SMCI,2025-10-13,,Undisclosed,1K–15K,8000.0,$40.41
Gil Cisneros Democrat House CA,Unitedhealth Group Inc UNH:US,UNH,2025-10-13,,Undisclosed,1K–15K,8000.0,$315.39
Gil Cisneros Democrat House CA,Waters Corp WAT:US,WAT,2025-10-13,,Undisclosed,1K–15K,8000.0,$299.81
Val Hoyle Democrat House OR,Amazon.com Inc AMZN:US,AMZN,2025-10-10,,Spouse,1K–15K,8000.0,$230.33
Val Hoyle Democrat House OR,McKesson Corp MCK:US,MCK,2025-10-10,,Spouse,1K–15K,8000.0,$706.25
David Taylor Republican House OH,American Electric Power Co Inc AEP:US,AEP,2025-10-08,,Undisclosed,1K–15K,8000.0,$107.05
David Taylor Republican House OH,The Kroger Co KR:US,KR,2025-10-08,,Undisclosed,1K–15K,8000.0,$64.52
David Taylor Republican House OH,The Kroger Co KR:US,KR,2025-10-08,,Undisclosed,1K–15K,8000.0,$64.52
David Taylor Republican House OH,The Procter & Gamble Co PG:US,PG,2025-10-08,,Undisclosed,1K–15K,8000.0,$153.07
David Taylor Republican House OH,The Procter & Gamble Co PG:US,PG,2025-10-08,,Undisclosed,1K–15K,8000.0,$153.07
Byron Donalds Republican House FL,IDEXX Laboratories Inc IDXX:US,IDXX,2025-10-08,,Undisclosed,1K–15K,8000.0,$640.44
Byron Donalds Republican House FL,IDEXX Laboratories Inc IDXX:US,IDXX,2025-10-08,,Spouse,1K–15K,8000.0,$640.44
April McClain Delaney Democrat House MD,Nasdaq Inc NDAQ:US,NDAQ,2025-10-07,,Child,15K–50K,32500.0,$89.57
April McClain Delaney Democrat House MD,Brown & Brown Inc BRO:US,BRO,2025-10-07,,Child,1K–15K,8000.0,$91.87
April McClain Delaney Democrat House MD,Steris PLC STE:US,STE,2025-10-07,,Child,1K–15K,8000.0,$250.50
April McClain Delaney Democrat House MD,Steris PLC STE:US,STE,2025-10-07,,Child,1K–15K,8000.0,$252.43
John Hickenlooper Democrat Senate CO,Palo Alto Networks Inc PANW:US,PANW,2025-10-06,,Self,100K–250K,175000.0,$190.52
John Hickenlooper Democrat Senate CO,Intuit Inc INTU:US,INTU,2025-10-06,,Self,100K–250K,175000.0,$661.99
Ro Khanna Democrat House CA,Alphabet Inc GOOGL:US,GOOGL,2025-10-06,,Child,15K–50K,32500.0,$235.17
Ro Khanna Democrat House CA,The Procter & Gamble Co PG:US,PG,2025-10-06,,Child,15K–50K,32500.0,$153.53
Ro Khanna Democrat House CA,Starbucks Corp SBUX:US,SBUX,2025-10-06,,Child,15K–50K,32500.0,$85.64
Ro Khanna Democrat House CA,Unitedhealth Group Inc UNH:US,UNH,2025-10-06,,Spouse,15K–50K,32500.0,$315.39
Ro Khanna Democrat House CA,Philip Morris International Inc PM:US,PM,2025-10-06,,Spouse,15K–50K,32500.0,$161.55
Ro Khanna Democrat House CA,ServiceNow Inc NOW:US,NOW,2025-10-06,,Spouse,15K–50K,32500.0,$913.80
Ro Khanna Democrat House CA,The Procter & Gamble Co PG:US,PG,2025-10-06,,Spouse,15K–50K,32500.0,$160.02
Ro Khanna Democrat House CA,T-Mobile US Inc TMUS:US,TMUS,2025-10-06,,Child,1K–15K,8000.0,$252.76
Ro Khanna Democrat House CA,Broadcom Inc AVGO:US,AVGO,2025-10-06,,Child,1K–15K,8000.0,$334.89
Ro Khanna Democrat House CA,Capital One Financial Corp COF:US,COF,2025-10-06,,Child,1K–15K,8000.0,$221.53
Ro Khanna Democrat House CA,The Coca-Cola Co KO:US,KO,2025-10-06,,Child,1K–15K,8000.0,$67.96
Ro Khanna Democrat House CA,Zoetis Inc ZTS:US,ZTS,2025-10-06,,Child,1K–15K,8000.0,$146.25
Ro Khanna Democrat House CA,Colgate-Palmolive Co CL:US,CL,2025-10-06,,Child,1K–15K,8000.0,$85.13
Ro Khanna Democrat House CA,SBA Communications Corp SBAC:US,SBAC,2025-10-06,,Child,1K–15K,8000.0,$197.74
Ro Khanna Democrat House CA,Zoetis Inc ZTS:US,ZTS,2025-10-06,,Child,1K–15K,8000.0,$143.50
Ro Khanna Democrat House CA,Thermo Fisher Scientific Inc TMO:US,TMO,2025-10-06,,Child,1K–15K,8000.0,$479.46
Ro Khanna Democrat House CA,Wells Fargo & Co WFC:US,WFC,2025-10-06,,Child,1K–15K,8000.0,N/A
Ro Khanna Democrat House CA,Capital One Financial Corp COF:US,COF,2025-10-06,,Child,1K–15K,8000.0,N/A
Ro Khanna Democrat House CA,Zoetis Inc ZTS:US,ZTS,2025-10-06,,Child,1K–15K,8000.0,$146.25
Ro Khanna Democrat House CA,Huntington Bancshares Inc HBAN:US,HBAN,2025-10-06,,Child,1K–15K,8000.0,N/A
Ro Khanna Democrat House CA,Schwab (Charles) Corp SCHW:US,SCHW,2025-10-06,,Child,1K–15K,8000.0,N/A
Ro Khanna Democrat House CA,Apple Inc AAPL:US,AAPL,2025-10-06,,Child,1K–15K,8000.0,N/A
Ro Khanna Democrat House CA,SBA Communications Corp SBAC:US,SBAC,2025-10-06,,Child,1K–15K,8000.0,$197.74
Ro Khanna Democrat House CA,Accenture PLC ACN:US,ACN,2025-10-06,,Child,1K–15K,8000.0,$247.00
Ro Khanna Democrat House CA,salesforce.com Inc CRM:US,CRM,2025-10-06,,Child,1K–15K,8000.0,$245.10
Ro Khanna Democrat House CA,Vertex Pharmaceuticals Inc VRTX:US,VRTX,2025-10-06,,Child,1K–15K,8000.0,$395.31
Ro Khanna Democrat House CA,United Parcel Service Inc UPS:US,UPS,2025-10-06,,Child,1K–15K,8000.0,$84.50
Ro Khanna Democrat House CA,MSCI Inc MSCI:US,MSCI,2025-10-06,,Child,1K–15K,8000.0,$568.90
Ro Khanna Democrat House CA,Palo Alto Networks Inc PANW:US,PANW,2025-10-06,,Child,1K–15K,8000.0,$203.96
Ro Khanna Democrat House CA,Equinix Inc EQIX:US,EQIX,2025-10-06,,Child,1K–15K,8000.0,$781.72
Ro Khanna Democrat House CA,Metlife Inc MET:US,MET,2025-10-06,,Child,1K–15K,8000.0,$82.07
Ro Khanna Democrat House CA,Carrier Global Corp CARR:US,CARR,2025-10-06,,Child,1K–15K,8000.0,$59.13
Ro Khanna Democrat House CA,Johnson & Johnson JNJ:US,JNJ,2025-10-06,,Child,1K–15K,8000.0,$181.62
Ro Khanna Democrat House CA,General Mills Inc GIS:US,GIS,2025-10-06,,Child,1K–15K,8000.0,$49.66
Ro Khanna Democrat House CA,Comcast Corp CMCSA:US,CMCSA,2025-10-06,,Child,1K–15K,8000.0,$31.49
Ro Khanna Democrat House CA,Philip Morris International Inc PM:US,PM,2025-10-06,,Child,1K–15K,8000.0,$162.99
Ro Khanna Democrat House CA,Elevance Health Inc ELV:US,ELV,2025-10-06,,Child,1K–15K,8000.0,$319.69
Ro Khanna Democrat House CA,Thermo Fisher Scientific Inc TMO:US,TMO,2025-10-06,,Child,1K–15K,8000.0,$462.04
Ro Khanna Democrat House CA,FactSet Research Systems Inc FDS:US,FDS,2025-10-06,,Child,1K–15K,8000.0,$290.67
Ro Khanna Democrat House CA,Booking Holdings Inc BKNG:US,BKNG,2025-10-06,,Child,1K–15K,8000.0,"$5,454.81"
Ro Khanna Democrat House CA,Tesla Inc TSLA:US,TSLA,2025-10-06,,Child,1K–15K,8000.0,$443.21
Ro Khanna Democrat House CA,CME Group Inc CME:US,CME,2025-10-06,,Child,1K–15K,8000.0,$272.24
Ro Khanna Democrat House CA,Paychex Inc PAYX:US,PAYX,2025-10-06,,Child,1K–15K,8000.0,$128.53
Ro Khanna Democrat House CA,Molina Healthcare Inc MOH:US,MOH,2025-10-06,,Child,1K–15K,8000.0,$192.95
Ro Khanna Democrat House CA,VERISK ANALYTICS Inc VRSK:US,VRSK,2025-10-06,,Child,1K–15K,8000.0,$248.78
Ro Khanna Democrat House CA,Agilent Technologies Inc A:US,A,2025-10-06,,Child,1K–15K,8000.0,$123.75
Ro Khanna Democrat House CA,The Clorox Co CLX:US,CLX,2025-10-06,,Child,1K–15K,8000.0,$122.99
Ro Khanna Democrat House CA,Becton Dickinson and Co BDX:US,BDX,2025-10-06,,Child,1K–15K,8000.0,$184.00
Ro Khanna Democrat House CA,International Flavors & Fragrances Inc IFF:US,IFF,2025-10-06,,Child,1K–15K,8000.0,$60.96
Ro Khanna Democrat House CA,Iqvia Holdings Inc IQV:US,IQV,2025-10-06,,Child,1K–15K,8000.0,$180.72
Ro Khanna Democrat House CA,PayPal Holdings Inc PYPL:US,PYPL,2025-10-06,,Child,1K–15K,8000.0,$69.68
Ro Khanna Democrat House CA,Iron Mountain Inc IRM:US,IRM,2025-10-06,,Child,1K–15K,8000.0,$100.35
Ro Khanna Democrat House CA,Extra Space Storage Inc EXR:US,EXR,2025-10-06,,Child,1K–15K,8000.0,$141.45
Ro Khanna Democrat House CA,UDR Inc UDR:US,UDR,2025-10-06,,Child,1K–15K,8000.0,$36.94
Ro Khanna Democrat House CA,Amcor PLC AMCR:US,AMCR,2025-10-06,,Child,1K–15K,8000.0,$8.14
Ro Khanna Democrat House CA,Warner Bros Discover Inc WBD:US,WBD,2025-10-06,,Child,1K–15K,8000.0,$18.87
Ro Khanna Democrat House CA,Keurig Dr Pepper Inc KDP:US,KDP,2025-10-06,,Child,1K–15K,8000.0,$25.67
Ro Khanna Democrat House CA,Church & Dwight Co Inc CHD:US,CHD,2025-10-06,,Child,1K–15K,8000.0,$86.17
Ro Khanna Democrat House CA,Conagra Brands Inc CAG:US,CAG,2025-10-06,,Child,1K–15K,8000.0,$18.04
Ro Khanna Democrat House CA,Fortive Corp FTV:US,FTV,2025-10-06,,Child,1K–15K,8000.0,$48.91
Ro Khanna Democrat House CA,KENVUE INC KVUE:US,KVUE,2025-10-06,,Child,1K–15K,8000.0,$16.34
Ro Khanna Democrat House CA,The Cooper Cos Inc COO:US,COO,2025-10-06,,Child,1K–15K,8000.0,$67.67
Ro Khanna Democrat House CA,Best Buy Co Inc BBY:US,BBY,2025-10-06,,Child,1K–15K,8000.0,$75.66
Ro Khanna Democrat House CA,Revvity Inc RVTY:US,RVTY,2025-10-06,,Child,1K–15K,8000.0,$84.20
Ro Khanna Democrat House CA,Avery Dennison Corp AVY:US,AVY,2025-10-06,,Child,1K–15K,8000.0,$160.42
Ro Khanna Democrat House CA,Baxter International Inc BAX:US,BAX,2025-10-06,,Child,1K–15K,8000.0,$22.38
Ro Khanna Democrat House CA,Waters Corp WAT:US,WAT,2025-10-06,,Child,1K–15K,8000.0,$289.43
Ro Khanna Democrat House CA,International Business Machines Corp IBM:US,IBM,2025-10-06,,Child,1K–15K,8000.0,$279.80
Ro Khanna Democrat House CA,Intuitive Surgical Inc ISRG:US,ISRG,2025-10-06,,Spouse,1K–15K,8000.0,$466.86
Ro Khanna Democrat House CA,Colgate-Palmolive Co CL:US,CL,2025-10-06,,Spouse,1K–15K,8000.0,$85.13
Ro Khanna Democrat House CA,Palo Alto Networks Inc PANW:US,PANW,2025-10-06,,Spouse,1K–15K,8000.0,$194.46
Ro Khanna Democrat House CA,Bristol-Myers Squibb Co BMY:US,BMY,2025-10-06,,Spouse,1K–15K,8000.0,$47.14
Ro Khanna Democrat House CA,United Parcel Service Inc UPS:US,UPS,2025-10-06,,Spouse,1K–15K,8000.0,$85.04
Ro Khanna Democrat House CA,Zoetis Inc ZTS:US,ZTS,2025-10-06,,Spouse,1K–15K,8000.0,$153.32
Ro Khanna Democrat House CA,Tesla Inc TSLA:US,TSLA,2025-10-06,,Spouse,1K–15K,8000.0,$350.84
Ro Khanna Democrat House CA,Accenture PLC ACN:US,ACN,2025-10-06,,Spouse,1K–15K,8000.0,$254.95
Ro Khanna Democrat House CA,The Sherwin-Williams Co SHW:US,SHW,2025-10-06,,Spouse,1K–15K,8000.0,$372.43
Ro Khanna Democrat House CA,Chipotle Mexican Grill Inc CMG:US,CMG,2025-10-06,,Spouse,1K–15K,8000.0,$41.06
Ro Khanna Democrat House CA,Automatic Data Processing Inc ADP:US,ADP,2025-10-06,,Spouse,1K–15K,8000.0,$295.97
Ro Khanna Democrat House CA,Public Storage PSA:US,PSA,2025-10-06,,Spouse,1K–15K,8000.0,$297.80
Ro Khanna Democrat House CA,The Walt Disney Co DIS:US,DIS,2025-10-06,,Spouse,1K–15K,8000.0,$117.91
Ro Khanna Democrat House CA,Motorola Solutions Inc MSI:US,MSI,2025-10-06,,Spouse,1K–15K,8000.0,$478.98
Ro Khanna Democrat House CA,Verizon Communications Inc VZ:US,VZ,2025-10-06,,Spouse,1K–15K,8000.0,$44.38
Ro Khanna Democrat House CA,Equinix Inc EQIX:US,EQIX,2025-10-06,,Spouse,1K–15K,8000.0,$773.68
Ro Khanna Democrat House CA,FactSet Research Systems Inc FDS:US,FDS,2025-10-06,,Spouse,1K–15K,8000.0,$371.01
Ro Khanna Democrat House CA,Aon PLC AON:US,AON,2025-10-06,,Spouse,1K–15K,8000.0,$370.54
Ro Khanna Democrat House CA,Comcast Corp CMCSA:US,CMCSA,2025-10-06,,Spouse,1K–15K,8000.0,$33.91
Ro Khanna Democrat House CA,Elevance Health Inc ELV:US,ELV,2025-10-06,,Spouse,1K–15K,8000.0,$313.64
Ro Khanna Democrat House CA,Cigna Corp CI:US,CI,2025-10-06,,Spouse,1K–15K,8000.0,$305.31
Ro Khanna Democrat House CA,GLOBAL PAYMENTS Inc GPN:US,GPN,2025-10-06,,Spouse,1K–15K,8000.0,$87.78
Ro Khanna Democrat House CA,Danaher Corp DHR:US,DHR,2025-10-06,,Spouse,1K–15K,8000.0,$200.21
Ro Khanna Democrat House CA,Equity Residential EQR:US,EQR,2025-10-06,,Spouse,1K–15K,8000.0,$66.81
Ro Khanna Democrat House CA,Arthur J. Gallagher & Co AJG:US,AJG,2025-10-06,,Spouse,1K–15K,8000.0,$299.18
Ro Khanna Democrat House CA,Extra Space Storage Inc EXR:US,EXR,2025-10-06,,Spouse,1K–15K,8000.0,$147.28
Ro Khanna Democrat House CA,YUM BRANDS  Inc YUM:US,YUM,2025-10-06,,Spouse,1K–15K,8000.0,$144.58
Ro Khanna Democrat House CA,Sysco Corporation SYY:US,SYY,2025-10-06,,Spouse,1K–15K,8000.0,$82.45
Ro Khanna Democrat House CA,Chubb Ltd CB:US,CB,2025-10-06,,Spouse,1K–15K,8000.0,$277.38
Ro Khanna Democrat House CA,Paychex Inc PAYX:US,PAYX,2025-10-06,,Spouse,1K–15K,8000.0,$135.44
Ro Khanna Democrat House CA,KeyCorp KEY:US,KEY,2025-10-06,,Spouse,1K–15K,8000.0,N/A
Ro Khanna Democrat House CA,SBA Communications Corp SBAC:US,SBAC,2025-10-06,,Spouse,1K–15K,8000.0,$197.74
Ro Khanna Democrat House CA,Capital One Financial Corp COF:US,COF,2025-10-06,,Spouse,1K–15K,8000.0,N/A
Ro Khanna Democrat House CA,Huntington Bancshares Inc HBAN:US,HBAN,2025-10-06,,Spouse,1K–15K,8000.0,N/A
Ro Khanna Democrat House CA,Zoetis Inc ZTS:US,ZTS,2025-10-06,,Spouse,1K–15K,8000.0,$146.25
Ro Khanna Democrat House CA,Colgate-Palmolive Co CL:US,CL,2025-10-06,,Spouse,1K–15K,8000.0,$85.13
Ro Khanna Democrat House CA,Zoetis Inc ZTS:US,ZTS,2025-10-06,,Spouse,1K–15K,8000.0,$143.50
Ro Khanna Democrat House CA,Bank of America Corp BAC:US,BAC,2025-10-06,,Spouse,1K–15K,8000.0,N/A
Ro Khanna Democrat House CA,Huntington Bancshares Inc HBAN:US,HBAN,2025-10-06,,Spouse,1K–15K,8000.0,N/A
Ro Khanna Democrat House CA,Schwab (Charles) Corp SCHW:US,SCHW,2025-10-06,,Spouse,1K–15K,8000.0,N/A
Ro Khanna Democrat House CA,Zoetis Inc ZTS:US,ZTS,2025-10-06,,Spouse,1K–15K,8000.0,$146.25
Ro Khanna Democrat House CA,Martin Marietta Materials Inc MLM:US,MLM,2025-10-06,,Child,1K–15K,8000.0,$606.80
Ro Khanna Democrat House CA,Alphabet Inc GOOGL:US,GOOGL,2025-10-06,,Child,1K–15K,8000.0,$254.72
Ro Khanna Democrat House CA,Arista Networks Inc ANET:US,ANET,2025-10-06,,Child,1K–15K,8000.0,$149.61
Ro Khanna Democrat House CA,Amazon.com Inc AMZN:US,AMZN,2025-10-06,,Child,1K–15K,8000.0,$231.48
Ro Khanna Democrat House CA,Unitedhealth Group Inc UNH:US,UNH,2025-10-06,,Spouse,1K–15K,8000.0,$307.88
Ro Khanna Democrat House CA,Berkshire Hathaway Inc BRK/B:US,BRK/B,2025-10-06,,Spouse,1K–15K,8000.0,$501.49
Ro Khanna Democrat House CA,Unitedhealth Group Inc UNH:US,UNH,2025-10-06,,Child,1K–15K,8000.0,$307.88
Ro Khanna Democrat House CA,Berkshire Hathaway Inc BRK/B:US,BRK/B,2025-10-06,,Child,1K–15K,8000.0,$501.49
Ro Khanna Democrat House CA,Unitedhealth Group Inc UNH:US,UNH,2025-10-06,,Child,1K–15K,8000.0,$307.88
Cleo Fields Democrat House LA,Alphabet Inc GOOGL:US,GOOGL,2025-10-01,,Undisclosed,100K–250K,175000.0,$231.10
Cleo Fields Democrat House LA,Amazon.com Inc AMZN:US,AMZN,2025-10-01,,Undisclosed,100K–250K,175000.0,$225.99
Cleo Fields Democrat House LA,Apple Inc AAPL:US,AAPL,2025-10-01,,Undisclosed,100K–250K,175000.0,$238.47
Markwayne Mullin Republican Senate OK,Intuitive Surgical Inc ISRG:US,ISRG,2025-10-01,,Joint,50K–100K,75000.0,$443.99
Cleo Fields Democrat House LA,Amazon.com Inc AMZN:US,AMZN,2025-10-01,,Undisclosed,50K–100K,75000.0,$230.33
Cleo Fields Democrat House LA,Apple Inc AAPL:US,AAPL,2025-10-01,,Undisclosed,50K–100K,75000.0,$226.79
Cleo Fields Democrat House LA,Meta Platforms Inc META:US,META,2025-10-01,,Undisclosed,50K–100K,75000.0,$751.98
Cleo Fields Democrat House LA,NVIDIA Corporation NVDA:US,NVDA,2025-10-01,,Undisclosed,50K–100K,75000.0,$170.62
Cleo Fields Democrat House LA,Oracle Corp ORCL:US,ORCL,2025-10-01,,Undisclosed,50K–100K,75000.0,$301.41
Markwayne Mullin Republican Senate OK,Unitedhealth Group Inc UNH:US,UNH,2025-10-01,,Joint,15K–50K,32500.0,$351.81
Markwayne Mullin Republican Senate OK,Intuit Inc INTU:US,INTU,2025-10-01,,Joint,15K–50K,32500.0,$694.79
Cleo Fields Democrat House LA,Alphabet Inc GOOGL:US,GOOGL,2025-10-01,,Undisclosed,15K–50K,32500.0,$249.85
Cleo Fields Democrat House LA,Alphabet Inc GOOGL:US,GOOGL,2025-10-01,,Undisclosed,15K–50K,32500.0,$249.85
Cleo Fields Democrat House LA,Amazon.com Inc AMZN:US,AMZN,2025-10-01,,Undisclosed,15K–50K,32500.0,$231.62
Cleo Fields Democrat House LA,Broadcom Inc AVGO:US,AVGO,2025-10-01,,Undisclosed,15K–50K,32500.0,$346.17
Cleo Fields Democrat House LA,McDonald's Corp MCD:US,MCD,2025-10-01,,Undisclosed,15K–50K,32500.0,$305.94
Cleo Fields Democrat House LA,Meta Platforms Inc META:US,META,2025-10-01,,Undisclosed,15K–50K,32500.0,$775.72
Cleo Fields Democrat House LA,Oracle Corp ORCL:US,ORCL,2025-10-01,,Undisclosed,15K–50K,32500.0,$313.83
Cleo Fields Democrat House LA,Oracle Corp ORCL:US,ORCL,2025-10-01,,Undisclosed,15K–50K,32500.0,$296.62
Cleo Fields Democrat House LA,QUALCOMM Inc QCOM:US,QCOM,2025-10-01,,Undisclosed,15K–50K,32500.0,$158.95
Markwayne Mullin Republican Senate OK,ServiceNow Inc NOW:US,NOW,2025-10-01,,Joint,1K–15K,8000.0,$933.37
Cleo Fields Democrat House LA,Alphabet Inc GOOGL:US,GOOGL,2025-10-01,,Undisclosed,1K–15K,8000.0,$249.85
Cleo Fields Democrat House LA,Uber Technologies Inc UBER:US,UBER,2025-10-01,,Undisclosed,1K–15K,8000.0,$94.21
