rule,rebalance_date,ticker,signal_prob_up,signal_median_return,buy_date,buy_price,exit_date,exit_price,exit_reason,hold_days,invested,value,pnl,return_pct,open,spy_value,spy_pnl,spy_return_pct,excess_return,beat_spy
time_1m,2025-10-01,OPEN,0.69,0.2293874565983436,2025-10-01,8.06,2025-11-03,7.59,time,33,100.0,94.1687,-5.8313,-0.058313,False,102.2275,2.2275,0.022275,-0.080588,False
time_1m,2025-10-01,GOOGL,0.815,0.03962102293863001,2025-10-01,244.4218,2025-11-03,283.1659,time,33,100.0,115.8514,15.8514,0.158514,False,102.2275,2.2275,0.022275,0.136238,True
time_1m,2025-10-01,AAPL,0.705,0.023013427768410644,2025-10-01,254.7293,2025-11-03,268.291,time,33,100.0,105.3239,5.3239,0.053239,False,102.2275,2.2275,0.022275,0.030964,True
time_1m,2025-10-01,AVGO,0.63,0.021312589148331673,2025-10-01,332.0568,2025-11-03,361.1001,time,33,100.0,108.7465,8.7465,0.087465,False,102.2275,2.2275,0.022275,0.06519,True
time_1m,2025-10-01,ORCL,0.564,0.01911171614543239,2025-10-01,286.7472,2025-11-03,256.2751,time,33,100.0,89.3732,-10.6268,-0.106268,False,102.2275,2.2275,0.022275,-0.128543,False
time_1m,2025-10-01,NVDA,0.64,0.01657848381301541,2025-10-01,187.0015,2025-11-03,206.6165,time,33,100.0,110.4892,10.4892,0.104892,False,102.2275,2.2275,0.022275,0.082617,True
time_1m,2025-10-01,UNH,0.59,0.01613386457493915,2025-10-01,343.3049,2025-11-03,329.003,time,33,100.0,95.8341,-4.1659,-0.041659,False,102.2275,2.2275,0.022275,-0.063935,False
time_1m,2025-10-01,QCOM,0.558,0.005837998218980012,2025-10-01,163.9813,2025-11-03,177.9968,time,33,100.0,108.547,8.547,0.08547,False,102.2275,2.2275,0.022275,0.063195,True
time_1m,2025-10-01,MCD,0.571,0.0038929745373337266,2025-10-01,295.0667,2025-11-03,290.992,time,33,100.0,98.6191,-1.3809,-0.013809,False,102.2275,2.2275,0.022275,-0.036085,False
time_1m,2025-10-15,APP,0.701,0.05842853859795616,2025-10-15,602.3,2025-11-17,539.27,time,33,100.0,89.5351,-10.4649,-0.104649,False,100.0752,0.0752,0.000752,-0.105401,False
time_1m,2025-10-15,GOOGL,0.764,0.0334579677821798,2025-10-15,250.5398,2025-11-17,284.4634,time,33,100.0,113.5402,13.5402,0.135402,False,100.0752,0.0752,0.000752,0.13465,True
time_1m,2025-10-15,UNH,0.628,0.024777015049093132,2025-10-15,355.9706,2025-11-17,315.9233,time,33,100.0,88.7498,-11.2502,-0.112502,False,100.0752,0.0752,0.000752,-0.113254,False
time_1m,2025-10-15,AVGO,0.629,0.024640450287666038,2025-10-15,349.925,2025-11-17,341.2797,time,33,100.0,97.5294,-2.4706,-0.024706,False,100.0752,0.0752,0.000752,-0.025458,False
time_1m,2025-10-15,ORCL,0.573,0.02183245555792146,2025-10-15,301.7656,2025-11-17,218.5172,time,33,100.0,72.4129,-27.5871,-0.275871,False,100.0752,0.0752,0.000752,-0.276623,False
time_1m,2025-10-15,AAPL,0.662,0.01831919500630419,2025-10-15,248.6366,2025-11-17,266.964,time,33,100.0,107.3712,7.3712,0.073712,False,100.0752,0.0752,0.000752,0.07296,True
time_1m,2025-10-15,BNS,0.7,0.015341549964374757,2025-10-15,64.51,2025-11-17,67.34,time,33,100.0,104.3869,4.3869,0.043869,False,100.0752,0.0752,0.000752,0.043117,True
time_1m,2025-10-15,BMO,0.705,0.014683117560095438,2025-10-15,127.226,2025-11-17,121.1157,time,33,100.0,95.1973,-4.8027,-0.048027,False,100.0752,0.0752,0.000752,-0.048779,False
time_1m,2025-10-15,RY,0.682,0.011911176685284408,2025-10-15,145.7814,2025-11-17,146.1291,time,33,100.0,100.2385,0.2385,0.002385,False,100.0752,0.0752,0.000752,0.001633,True
time_1m,2025-10-15,NVDA,0.553,0.0059242896379094745,2025-10-15,179.6009,2025-11-17,186.3623,time,33,100.0,103.7647,3.7647,0.037647,False,100.0752,0.0752,0.000752,0.036895,True
time_1m,2025-10-15,VTEB,0.868,0.005454044279670889,2025-10-15,49.2284,2025-11-17,49.3554,time,33,100.0,100.258,0.258,0.00258,False,100.0752,0.0752,0.000752,0.001828,True
time_1m,2025-10-15,PANW,0.537,0.004117751213195353,2025-10-15,206.7,2025-11-17,202.9,time,33,100.0,98.1616,-1.8384,-0.018384,False,100.0752,0.0752,0.000752,-0.019136,False
time_1m,2025-10-15,MCD,0.566,0.003697736306313537,2025-10-15,299.7109,2025-11-17,299.3672,time,33,100.0,99.8853,-0.1147,-0.001147,False,100.0752,0.0752,0.000752,-0.001898,False
time_1m,2025-10-15,TAXI,0.863,0.0034427910684382557,2025-10-15,50.0788,2025-11-17,50.2373,time,33,100.0,100.3163,0.3163,0.003163,False,100.0752,0.0752,0.000752,0.002412,True
time_1m,2025-10-15,NFLX,0.535,0.002749620721958168,2025-10-15,120.329,2025-11-17,110.29,time,33,100.0,91.657,-8.343,-0.08343,False,100.0752,0.0752,0.000752,-0.084181,False
time_1m,2025-10-15,QCOM,0.522,0.0026281224125908054,2025-10-15,160.5143,2025-11-17,164.2373,time,33,100.0,102.3195,2.3195,0.023195,False,100.0752,0.0752,0.000752,0.022443,True
time_1m,2025-10-15,NDAQ,0.53,0.002238266349144924,2025-10-15,88.7516,2025-11-17,84.8696,time,33,100.0,95.626,-4.374,-0.04374,False,100.0752,0.0752,0.000752,-0.044492,False
time_1m,2025-10-15,ARTFX,0.683,0.001968274562438088,2025-10-15,8.8297,2025-11-17,8.8219,time,33,100.0,99.9123,-0.0877,-0.000877,False,100.0752,0.0752,0.000752,-0.001629,False
time_1m,2025-10-15,ALLY,0.515,0.0016171899950139235,2025-10-15,38.8523,2025-11-17,37.1894,time,33,100.0,95.7199,-4.2801,-0.042801,False,100.0752,0.0752,0.000752,-0.043552,False
time_1m,2025-10-15,FFRHX,0.624,0.0013426506546234673,2025-10-15,8.7488,2025-11-17,8.8115,time,33,100.0,100.7165,0.7165,0.007165,False,100.0752,0.0752,0.000752,0.006413,True
time_1m,2025-10-15,PRI,0.505,0.0006300259955809295,2025-10-15,264.396,2025-11-17,251.7794,time,33,100.0,95.2281,-4.7719,-0.047719,False,100.0752,0.0752,0.000752,-0.04847,False
time_1m,2025-10-15,META,0.502,0.00040808863388885896,2025-10-15,716.3519,2025-11-17,601.0048,time,33,100.0,83.898,-16.102,-0.16102,False,100.0752,0.0752,0.000752,-0.161772,False
time_1m,2025-11-01,IREN,0.78,0.1397974723454134,2025-11-03,67.75,2025-12-03,43.96,time,30,100.0,64.8856,-35.1144,-0.351144,False,100.0805,0.0805,0.000805,-0.351949,False
time_1m,2025-11-01,RGTI,0.719,0.11766122432550219,2025-11-03,39.12,2025-12-03,26.04,time,30,100.0,66.5644,-33.4356,-0.334356,False,100.0805,0.0805,0.000805,-0.335161,False
time_1m,2025-11-01,STX,0.731,0.06257412777287108,2025-11-03,264.3939,2025-12-03,257.5439,time,30,100.0,97.4092,-2.5908,-0.025908,False,100.0805,0.0805,0.000805,-0.026713,False
time_1m,2025-11-01,ASML,0.788,0.04626850619545708,2025-11-03,1063.0927,2025-12-03,1136.9338,time,30,100.0,106.9459,6.9459,0.069459,False,100.0805,0.0805,0.000805,0.068654,True
time_1m,2025-11-01,GOOGL,0.797,0.040357928383258024,2025-11-03,283.1659,2025-12-03,319.0058,time,30,100.0,112.6569,12.6569,0.126569,False,100.0805,0.0805,0.000805,0.125764,True
time_1m,2025-11-01,PANW,0.806,0.03340558497171364,2025-11-03,219.23,2025-12-03,193.63,time,30,100.0,88.3228,-11.6772,-0.116772,False,100.0805,0.0805,0.000805,-0.117577,False
time_1m,2025-11-01,CAH,0.635,0.022630401263354694,2025-11-03,189.2881,2025-12-03,198.7317,time,30,100.0,104.989,4.989,0.04989,False,100.0805,0.0805,0.000805,0.049085,True
time_1m,2025-11-01,AAPL,0.697,0.019917442446432787,2025-11-03,268.291,2025-12-03,283.623,time,30,100.0,105.7147,5.7147,0.057147,False,100.0805,0.0805,0.000805,0.056342,True
time_1m,2025-11-01,AMZN,0.582,0.010690847945075577,2025-11-03,254.0,2025-12-03,232.38,time,30,100.0,91.4882,-8.5118,-0.085118,False,100.0805,0.0805,0.000805,-0.085923,False
time_1m,2025-11-01,DT,0.596,0.010574735764151244,2025-11-03,50.48,2025-12-03,44.45,time,30,100.0,88.0547,-11.9453,-0.119453,False,100.0805,0.0805,0.000805,-0.120258,False
time_1m,2025-11-01,NTES,0.578,0.010359263230304894,2025-11-03,138.321,2025-12-03,138.1544,time,30,100.0,99.8795,-0.1205,-0.001205,False,100.0805,0.0805,0.000805,-0.00201,False
time_1m,2025-11-01,BHP,0.598,0.009136258231976058,2025-11-03,55.0656,2025-12-03,56.8014,time,30,100.0,103.1523,3.1523,0.031523,False,100.0805,0.0805,0.000805,0.030718,True
time_1m,2025-11-01,IT,0.563,0.009057717868606208,2025-11-03,245.92,2025-12-03,231.91,time,30,100.0,94.303,-5.697,-0.05697,False,100.0805,0.0805,0.000805,-0.057775,False
time_1m,2025-11-01,IVV,0.686,0.008663993936173453,2025-11-03,682.4503,2025-12-03,683.0167,time,30,100.0,100.083,0.083,0.00083,False,100.0805,0.0805,0.000805,2.5e-05,True
time_1m,2025-11-01,PLTR,0.546,0.007237454716573666,2025-11-03,207.18,2025-12-03,176.08,time,30,100.0,84.9889,-15.0111,-0.150111,False,100.0805,0.0805,0.000805,-0.150916,False
time_1m,2025-11-01,NVS,0.596,0.007045106145806557,2025-11-03,120.2015,2025-12-03,129.7702,time,30,100.0,107.9606,7.9606,0.079606,False,100.0805,0.0805,0.000805,0.078801,True
time_1m,2025-11-01,AMGN,0.56,0.00517310223722367,2025-11-03,289.9872,2025-12-03,340.472,time,30,100.0,117.4093,17.4093,0.174093,False,100.0805,0.0805,0.000805,0.173288,True
time_1m,2025-11-01,SMR,0.509,0.0043885149721552,2025-11-03,40.83,2025-12-03,20.14,time,30,100.0,49.3265,-50.6735,-0.506735,False,100.0805,0.0805,0.000805,-0.50754,False
time_1m,2025-11-01,HUM,0.523,0.0039805795449141534,2025-11-03,277.5548,2025-12-03,254.7492,time,30,100.0,91.7834,-8.2166,-0.082166,False,100.0805,0.0805,0.000805,-0.082971,False
time_1m,2025-11-01,CVX,0.553,0.003563084820371376,2025-11-03,149.4936,2025-12-03,148.7589,time,30,100.0,99.5086,-0.4914,-0.004914,False,100.0805,0.0805,0.000805,-0.005719,False
time_1m,2025-11-01,WTRG,0.528,0.001954128108640152,2025-11-03,37.0615,2025-12-03,38.1523,time,30,100.0,102.9431,2.9431,0.029431,False,100.0805,0.0805,0.000805,0.028626,True
time_1m,2025-11-15,CLS,0.678,0.05627955159882636,2025-11-17,309.37,2025-12-17,275.83,time,30,100.0,89.1586,-10.8414,-0.108414,False,100.8608,0.8608,0.008608,-0.117022,False
time_1m,2025-11-15,GOOGL,0.752,0.03530521894685412,2025-11-17,284.4634,2025-12-17,296.3343,time,30,100.0,104.1731,4.1731,0.041731,False,100.8608,0.8608,0.008608,0.033123,True
time_1m,2025-11-15,APP,0.599,0.024701965356474398,2025-11-17,539.27,2025-12-17,657.13,time,30,100.0,121.8555,21.8555,0.218555,False,100.8608,0.8608,0.008608,0.209947,True
time_1m,2025-11-15,TSM,0.652,0.0239374212222474,2025-11-17,279.8052,2025-12-17,275.5365,time,30,100.0,98.4744,-1.5256,-0.015256,False,100.8608,0.8608,0.008608,-0.023864,False
time_1m,2025-11-15,AAPL,0.708,0.02166581970239001,2025-11-17,266.964,2025-12-17,271.3359,time,30,100.0,101.6376,1.6376,0.016376,False,100.8608,0.8608,0.008608,0.007768,True
time_1m,2025-11-15,HURN,0.643,0.020778770260122537,2025-11-17,160.53,2025-12-17,179.7,time,30,100.0,111.9417,11.9417,0.119417,False,100.8608,0.8608,0.008608,0.110809,True
time_1m,2025-11-15,NVT,0.636,0.019920721490759075,2025-11-17,103.7412,2025-12-17,94.6717,time,30,100.0,91.2576,-8.7424,-0.087424,False,100.8608,0.8608,0.008608,-0.096032,False
time_1m,2025-11-15,EQT,0.635,0.017112727069472422,2025-11-17,58.7086,2025-12-17,54.0549,time,30,100.0,92.0732,-7.9268,-0.079268,False,100.8608,0.8608,0.008608,-0.087876,False
time_1m,2025-11-15,HOOD,0.539,0.00927981941485534,2025-11-17,115.97,2025-12-17,115.8,time,30,100.0,99.8534,-0.1466,-0.001466,False,100.8608,0.8608,0.008608,-0.010074,False
time_1m,2025-11-15,PLTR,0.549,0.009246275571362483,2025-11-17,171.25,2025-12-17,177.29,time,30,100.0,103.527,3.527,0.03527,False,100.8608,0.8608,0.008608,0.026662,True
time_1m,2025-11-15,FTGC,0.655,0.008290408531735016,2025-11-17,22.8577,2025-12-17,22.6276,time,30,100.0,98.9931,-1.0069,-0.010069,False,100.8608,0.8608,0.008608,-0.018677,False
time_1m,2025-11-15,NVDA,0.553,0.00729763026351038,2025-11-17,186.3623,2025-12-17,170.7318,time,30,100.0,91.6128,-8.3872,-0.083872,False,100.8608,0.8608,0.008608,-0.09248,False
time_1m,2025-11-15,EIPI,0.613,0.004056996619204778,2025-11-17,19.2807,2025-12-17,19.067,time,30,100.0,98.8916,-1.1084,-0.011084,False,100.8608,0.8608,0.008608,-0.019692,False
time_1m,2025-11-15,FIVE,0.522,0.003267863317467423,2025-11-17,147.72,2025-12-17,178.54,time,30,100.0,120.8638,20.8638,0.208638,False,100.8608,0.8608,0.008608,0.20003,True
time_1m,2025-11-15,SHOP,0.51,0.001985678794187651,2025-11-17,139.93,2025-12-17,161.73,time,30,100.0,115.5792,15.5792,0.155792,False,100.8608,0.8608,0.008608,0.147184,True
time_1m,2025-11-15,LCII,0.503,0.0004382065275045921,2025-11-17,101.831,2025-12-17,119.3857,time,30,100.0,117.2391,17.2391,0.172391,False,100.8608,0.8608,0.008608,0.163783,True
time_1m,2025-11-15,INTU,0.504,0.00032432260678261216,2025-11-17,642.806,2025-12-17,657.5333,time,30,100.0,102.2911,2.2911,0.022911,False,100.8608,0.8608,0.008608,0.014303,True
time_1m,2025-12-01,BE,0.611,0.0585272446027576,2025-12-01,98.93,2026-01-02,98.69,time,32,100.0,99.7574,-0.2426,-0.002426,False,100.7231,0.7231,0.007231,-0.009656,False
time_1m,2025-12-01,GOOGL,0.761,0.03561989869414828,2025-12-01,314.2751,2026-01-02,314.7403,time,32,100.0,100.148,0.148,0.00148,False,100.7231,0.7231,0.007231,-0.00575,False
time_1m,2025-12-01,CLS,0.588,0.0265020626649084,2025-12-01,318.37,2026-01-02,302.4,time,32,100.0,94.9838,-5.0162,-0.050162,False,100.7231,0.7231,0.007231,-0.057392,False
time_1m,2025-12-01,VALE,0.756,0.02345420463186243,2025-12-01,12.0522,2026-01-02,13.26,time,32,100.0,110.0218,10.0218,0.100218,False,100.7231,0.7231,0.007231,0.092987,True
time_1m,2025-12-01,UTHR,0.67,0.0232719000907311,2025-12-01,479.95,2026-01-02,496.72,time,32,100.0,103.4941,3.4941,0.034941,False,100.7231,0.7231,0.007231,0.027711,True
time_1m,2025-12-01,TMO,0.669,0.021795384397548023,2025-12-01,584.1329,2026-01-02,591.9248,time,32,100.0,101.3339,1.3339,0.013339,False,100.7231,0.7231,0.007231,0.006109,True
time_1m,2025-12-01,AAPL,0.706,0.02107372554380138,2025-12-01,282.575,2026-01-02,270.5074,time,32,100.0,95.7294,-4.2706,-0.042706,False,100.7231,0.7231,0.007231,-0.049936,False
time_1m,2025-12-01,AZTA,0.578,0.017765656280792408,2025-12-01,34.86,2026-01-02,33.39,time,32,100.0,95.7831,-4.2169,-0.042169,False,100.7231,0.7231,0.007231,-0.049399,False
time_1m,2025-12-01,BABA,0.586,0.016567850209439516,2025-12-01,162.7652,2026-01-02,154.3227,time,32,100.0,94.8131,-5.1869,-0.051869,False,100.7231,0.7231,0.007231,-0.059099,False
time_1m,2025-12-01,CSCO,0.667,0.016163221168648878,2025-12-01,75.2276,2026-01-02,75.6302,time,32,100.0,100.5351,0.5351,0.005351,False,100.7231,0.7231,0.007231,-0.001879,False
time_1m,2025-12-01,BCS,0.642,0.015753242254312738,2025-12-01,22.4804,2026-01-02,25.7413,time,32,100.0,114.5055,14.5055,0.145055,False,100.7231,0.7231,0.007231,0.137824,True
time_1m,2025-12-01,APP,0.553,0.012563167199420855,2025-12-01,623.59,2026-01-02,618.32,time,32,100.0,99.1549,-0.8451,-0.008451,False,100.7231,0.7231,0.007231,-0.015682,False
time_1m,2025-12-01,AXP,0.613,0.012428016302265865,2025-12-01,358.3784,2026-01-02,371.5554,time,32,100.0,103.6768,3.6768,0.036768,False,100.7231,0.7231,0.007231,0.029538,True
time_1m,2025-12-01,AZN,0.604,0.012309997124248406,2025-12-01,179.1721,2026-01-02,181.2504,time,32,100.0,101.16,1.16,0.0116,False,100.7231,0.7231,0.007231,0.004369,True
time_1m,2025-12-01,APG,0.608,0.012146470411791288,2025-12-01,38.98,2026-01-02,38.97,time,32,100.0,99.9744,-0.0256,-0.000256,False,100.7231,0.7231,0.007231,-0.007487,False
time_1m,2025-12-01,AVGO,0.563,0.011784329856131759,2025-12-01,384.536,2026-01-02,346.8923,time,32,100.0,90.2106,-9.7894,-0.097894,False,100.7231,0.7231,0.007231,-0.105124,False
time_1m,2025-12-01,CCJ,0.547,0.011406938483085938,2025-12-01,87.53,2026-01-02,98.56,time,32,100.0,112.6014,12.6014,0.126014,False,100.7231,0.7231,0.007231,0.118783,True
time_1m,2025-12-01,GS,0.604,0.01063361906273852,2025-12-01,799.1141,2026-01-02,905.5623,time,32,100.0,113.3208,13.3208,0.133208,False,100.7231,0.7231,0.007231,0.125977,True
time_1m,2025-12-01,AVAV,0.538,0.007557422017004489,2025-12-01,257.8,2026-01-02,256.19,time,32,100.0,99.3755,-0.6245,-0.006245,False,100.7231,0.7231,0.007231,-0.013476,False
time_1m,2025-12-01,DELL,0.542,0.007356997271979582,2025-12-01,131.109,2026-01-02,126.8508,time,32,100.0,96.7522,-3.2478,-0.032478,False,100.7231,0.7231,0.007231,-0.039708,False
time_1m,2025-12-01,NVDA,0.551,0.007266196212135423,2025-12-01,179.6908,2026-01-02,188.6199,time,32,100.0,104.9692,4.9692,0.049692,False,100.7231,0.7231,0.007231,0.042461,True
time_1m,2025-12-01,RY,0.641,0.006847532378551069,2025-12-01,151.8499,2026-01-02,169.6182,time,32,100.0,111.7012,11.7012,0.117012,False,100.7231,0.7231,0.007231,0.109782,True
time_1m,2025-12-01,ALIZY,0.565,0.004259569486146919,2025-12-01,41.0057,2026-01-02,43.4549,time,32,100.0,105.9729,5.9729,0.059729,False,100.7231,0.7231,0.007231,0.052499,True
time_1m,2025-12-01,UNM,0.54,0.0032053032342449495,2025-12-01,74.3044,2026-01-02,76.3102,time,32,100.0,102.6995,2.6995,0.026995,False,100.7231,0.7231,0.007231,0.019764,True
time_1m,2025-12-01,FTNT,0.522,0.0020973130373636018,2025-12-01,81.82,2026-01-02,77.88,time,32,100.0,95.1845,-4.8155,-0.048155,False,100.7231,0.7231,0.007231,-0.055385,False
time_1m,2025-12-01,UNH,0.512,0.0016000716658375325,2025-12-01,318.5747,2026-01-02,333.8049,time,32,100.0,104.7807,4.7807,0.047807,False,100.7231,0.7231,0.007231,0.040577,True
time_1m,2025-12-15,COHR,0.65,0.04872310673953528,2025-12-15,178.45,2026-01-15,195.96,time,31,100.0,109.8123,9.8123,0.098123,False,101.9913,1.9913,0.019913,0.07821,True
time_1m,2025-12-15,ISRG,0.667,0.02704103960034132,2025-12-15,559.52,2026-01-15,541.34,time,31,100.0,96.7508,-3.2492,-0.032492,False,101.9913,1.9913,0.019913,-0.052405,False
time_1m,2025-12-15,JNJ,0.849,0.0257925018263514,2025-12-15,211.8193,2026-01-15,217.16,time,31,100.0,102.5214,2.5214,0.025214,False,101.9913,1.9913,0.019913,0.0053,True
time_1m,2025-12-15,IDEXY,0.671,0.02314438485659931,2025-12-15,15.7861,2026-01-15,15.8058,time,31,100.0,100.1245,0.1245,0.001245,False,101.9913,1.9913,0.019913,-0.018668,False
time_1m,2025-12-15,TMO,0.686,0.023104214491500796,2025-12-15,575.3412,2026-01-15,624.0331,time,31,100.0,108.4631,8.4631,0.084631,False,101.9913,1.9913,0.019913,0.064718,True
time_1m,2025-12-15,KDP,0.629,0.015194011358456772,2025-12-15,28.7362,2026-01-15,27.6557,time,31,100.0,96.2401,-3.7599,-0.037599,False,101.9913,1.9913,0.019913,-0.057512,False
time_1m,2025-12-15,HAYW,0.565,0.008380840037055526,2025-12-15,15.97,2026-01-15,16.74,time,31,100.0,104.8215,4.8215,0.048215,False,101.9913,1.9913,0.019913,0.028302,True
time_1m,2025-12-15,TM,0.579,0.008112709600623269,2025-12-15,214.81,2026-01-15,232.33,time,31,100.0,108.156,8.156,0.08156,False,101.9913,1.9913,0.019913,0.061647,True
time_1m,2025-12-15,COF,0.567,0.0076505511710902585,2025-12-15,237.8748,2026-01-15,235.0578,time,31,100.0,98.8157,-1.1843,-0.011843,False,101.9913,1.9913,0.019913,-0.031756,False
time_1m,2025-12-15,CVCO,0.53,0.005818001802332828,2025-12-15,598.17,2026-01-15,692.78,time,31,100.0,115.8166,15.8166,0.158166,False,101.9913,1.9913,0.019913,0.138253,True
time_1m,2025-12-15,BCE,0.562,0.0044992398452330384,2025-12-15,23.3155,2026-01-15,23.9376,time,31,100.0,102.6684,2.6684,0.026684,False,101.9913,1.9913,0.019913,0.00677,True
time_1m,2025-12-15,IFF,0.545,0.004420901058443061,2025-12-15,63.4031,2026-01-15,70.4142,time,31,100.0,111.0578,11.0578,0.110578,False,101.9913,1.9913,0.019913,0.090665,True
time_1m,2025-12-15,MET,0.54,0.003290334085508162,2025-12-15,81.3985,2026-01-15,76.7576,time,31,100.0,94.2985,-5.7015,-0.057015,False,101.9913,1.9913,0.019913,-0.076928,False
time_1m,2025-12-15,BMO,0.541,0.0024284140937009813,2025-12-15,131.0053,2026-01-15,133.7728,time,31,100.0,102.1125,2.1125,0.021125,False,101.9913,1.9913,0.019913,0.001212,True
time_1m,2025-12-15,APO,0.515,0.00218718150967101,2025-12-15,145.6186,2026-01-15,142.9607,time,31,100.0,98.1747,-1.8253,-0.018253,False,101.9913,1.9913,0.019913,-0.038166,False
time_1m,2025-12-15,AXAHY,0.53,0.0019219659426228386,2025-12-15,45.237,2026-01-15,43.0653,time,31,100.0,95.1993,-4.8007,-0.048007,False,101.9913,1.9913,0.019913,-0.06792,False
time_1m,2025-12-15,CRM,0.513,0.0018825669232021003,2025-12-15,252.883,2026-01-15,232.3477,time,31,100.0,91.8795,-8.1205,-0.081205,False,101.9913,1.9913,0.019913,-0.101118,False
time_1m,2025-12-15,D,0.526,0.0015603968386634914,2025-12-15,58.622,2026-01-15,59.1118,time,31,100.0,100.8356,0.8356,0.008356,False,101.9913,1.9913,0.019913,-0.011558,False
time_1m,2025-12-15,VTEB,0.662,0.0012976467163468008,2025-12-15,49.3864,2026-01-15,49.9009,time,31,100.0,101.0417,1.0417,0.010417,False,101.9913,1.9913,0.019913,-0.009496,False
time_1m,2025-12-15,CL,0.513,0.0010452028353857834,2025-12-15,78.459,2026-01-15,83.3089,time,31,100.0,106.1815,6.1815,0.061815,False,101.9913,1.9913,0.019913,0.041902,True
time_1m,2025-12-15,UNH,0.505,0.0006469968858975328,2025-12-15,338.4687,2026-01-15,336.3452,time,31,100.0,99.3726,-0.6274,-0.006274,False,101.9913,1.9913,0.019913,-0.026187,False
time_1m,2026-01-01,GOOGL,0.708,0.028974689822372612,2026-01-02,314.7403,2026-02-02,343.2432,time,31,100.0,109.056,9.056,0.09056,False,101.7916,1.7916,0.017916,0.072644,True
time_1m,2026-01-01,WFC,0.655,0.01720484420415236,2026-01-02,94.1959,2026-02-02,91.2968,time,31,100.0,96.9223,-3.0777,-0.030777,False,101.7916,1.7916,0.017916,-0.048694,False
time_1m,2026-01-01,PUK,0.655,0.01299341603508597,2026-01-02,31.2264,2026-02-02,32.8647,time,31,100.0,105.2465,5.2465,0.052465,False,101.7916,1.7916,0.017916,0.034549,True
time_1m,2026-01-01,NVDA,0.501,0.00026891810838791663,2026-01-02,188.6199,2026-02-02,185.3839,time,31,100.0,98.2843,-1.7157,-0.017157,False,101.7916,1.7916,0.017916,-0.035073,False
time_1m,2026-01-01,VZ,0.502,0.00024508398959999234,2026-01-02,39.2388,2026-02-02,43.949,time,31,100.0,112.0039,12.0039,0.120039,False,101.7916,1.7916,0.017916,0.102122,True
time_1m,2026-01-15,AA,0.74,0.06375577153647383,2026-01-15,63.6039,2026-02-17,57.2844,time,33,100.0,90.0643,-9.9357,-0.099357,False,98.6435,-1.3565,-0.013565,-0.085793,False
time_1m,2026-01-15,DLTR,0.763,0.042553304039172346,2026-01-15,141.21,2026-02-17,128.52,time,33,100.0,91.0134,-8.9866,-0.089866,False,98.6435,-1.3565,-0.013565,-0.076301,False
time_1m,2026-01-15,GOOGL,0.763,0.0342303112398914,2026-01-15,332.3474,2026-02-17,301.6273,time,33,100.0,90.7566,-9.2434,-0.092434,False,98.6435,-1.3565,-0.013565,-0.078869,False
time_1m,2026-01-15,CNC,0.643,0.030825705095671507,2026-01-15,47.27,2026-02-17,41.23,time,33,100.0,87.2223,-12.7777,-0.127777,False,98.6435,-1.3565,-0.013565,-0.114212,False
time_1m,2026-01-15,GS,0.748,0.03079086959876176,2026-01-15,966.4916,2026-02-17,907.2459,time,33,100.0,93.87,-6.13,-0.0613,False,98.6435,-1.3565,-0.013565,-0.047735,False
time_1m,2026-01-15,BMY,0.722,0.030129828379739543,2026-01-15,56.0421,2026-02-17,59.7341,time,33,100.0,106.5878,6.5878,0.065878,False,98.6435,-1.3565,-0.013565,0.079442,True
time_1m,2026-01-15,DY,0.667,0.027113827655952827,2026-01-15,365.65,2026-02-17,422.43,time,33,100.0,115.5285,15.5285,0.155285,False,98.6435,-1.3565,-0.013565,0.16885,True
time_1m,2026-01-15,C,0.698,0.022122469354102225,2026-01-15,116.3008,2026-02-17,113.2443,time,33,100.0,97.3719,-2.6281,-0.026281,False,98.6435,-1.3565,-0.013565,-0.012716,False
time_1m,2026-01-15,DOV,0.686,0.021146833831949374,2026-01-15,204.8861,2026-02-17,232.1466,time,33,100.0,113.3052,13.3052,0.133052,False,98.6435,-1.3565,-0.013565,0.146616,True
time_1m,2026-01-15,PUK,0.739,0.01995139177227845,2026-01-15,31.4633,2026-02-17,29.9138,time,33,100.0,95.0753,-4.9247,-0.049247,False,98.6435,-1.3565,-0.013565,-0.035682,False
time_1m,2026-01-15,TSM,0.64,0.017887244268596447,2026-01-15,339.8841,2026-02-17,362.3282,time,33,100.0,106.6034,6.6034,0.066034,False,98.6435,-1.3565,-0.013565,0.079599,True
time_1m,2026-01-15,PRU,0.736,0.01777338322649835,2026-01-15,113.3272,2026-02-17,101.8814,time,33,100.0,89.9002,-10.0998,-0.100998,False,98.6435,-1.3565,-0.013565,-0.087433,False
time_1m,2026-01-15,DRI,0.652,0.016883595240862803,2026-01-15,212.6926,2026-02-17,216.9895,time,33,100.0,102.0203,2.0203,0.020203,False,98.6435,-1.3565,-0.013565,0.033767,True
time_1m,2026-01-15,ACN,0.641,0.01649994310430447,2026-01-15,285.3501,2026-02-17,218.0409,time,33,100.0,76.4117,-23.5883,-0.235883,False,98.6435,-1.3565,-0.013565,-0.222318,False
time_1m,2026-01-15,DVN,0.607,0.01525786063257284,2026-01-15,36.1313,2026-02-17,43.8112,time,33,100.0,121.2555,21.2555,0.212555,False,98.6435,-1.3565,-0.013565,0.22612,True
time_1m,2026-01-15,BA,0.604,0.015204637769681728,2026-01-15,247.74,2026-02-17,244.04,time,33,100.0,98.5065,-1.4935,-0.014935,False,98.6435,-1.3565,-0.013565,-0.00137,False
time_1m,2026-01-15,DE,0.622,0.013910627533078035,2026-01-15,513.538,2026-02-17,599.0878,time,33,100.0,116.6589,16.6589,0.166589,False,98.6435,-1.3565,-0.013565,0.180154,True
time_1m,2026-01-15,CVX,0.608,0.01061473002867519,2026-01-15,163.0569,2026-02-17,178.9113,time,33,100.0,109.7233,9.7233,0.097233,False,98.6435,-1.3565,-0.013565,0.110797,True
time_1m,2026-01-15,GLOB,0.565,0.010529960645238035,2026-01-15,67.48,2026-02-17,48.46,time,33,100.0,71.8139,-28.1861,-0.281861,False,98.6435,-1.3565,-0.013565,-0.268297,False
time_1m,2026-01-15,DHR,0.629,0.010237461665582037,2026-01-15,239.3797,2026-02-17,205.9211,time,33,100.0,86.0228,-13.9772,-0.139772,False,98.6435,-1.3565,-0.013565,-0.126208,False
time_1m,2026-01-15,XLV,0.67,0.010071041931917657,2026-01-15,156.3174,2026-02-17,156.7257,time,33,100.0,100.2612,0.2612,0.002612,False,98.6435,-1.3565,-0.013565,0.016177,True
time_1m,2026-01-15,CSCO,0.595,0.008131598839709264,2026-01-15,74.8444,2026-02-17,76.4358,time,33,100.0,102.1262,2.1262,0.021262,False,98.6435,-1.3565,-0.013565,0.034827,True
time_1m,2026-01-15,XLP,0.607,0.005705955768826154,2026-01-15,81.909,2026-02-17,87.7063,time,33,100.0,107.0778,7.0778,0.070778,False,98.6435,-1.3565,-0.013565,0.084343,True
time_1m,2026-01-15,JPM,0.558,0.005349863138754518,2026-01-15,307.6854,2026-02-17,305.5662,time,33,100.0,99.3113,-0.6887,-0.006887,False,98.6435,-1.3565,-0.013565,0.006677,True
time_1m,2026-01-15,CF,0.547,0.005186351560295899,2026-01-15,85.7899,2026-02-17,93.4086,time,33,100.0,108.8807,8.8807,0.088807,False,98.6435,-1.3565,-0.013565,0.102372,True
time_1m,2026-01-15,MMM,0.553,0.0038065619159644015,2026-01-15,169.4593,2026-02-17,166.7576,time,33,100.0,98.4057,-1.5943,-0.015943,False,98.6435,-1.3565,-0.013565,-0.002379,False
time_1m,2026-01-15,WM,0.545,0.0033152346543994238,2026-01-15,218.0443,2026-02-17,233.2775,time,33,100.0,106.9863,6.9863,0.069863,False,98.6435,-1.3565,-0.013565,0.083427,True
time_1m,2026-02-01,XOM,0.768,0.026895450873499982,2026-02-02,136.5567,2026-03-02,153.1803,time,28,100.0,112.1734,12.1734,0.121734,False,98.7015,-1.2985,-0.012985,0.134719,True
time_1m,2026-02-01,GOOGL,0.698,0.023655762915464784,2026-02-02,343.2432,2026-03-02,306.1215,time,28,100.0,89.185,-10.815,-0.10815,False,98.7015,-1.2985,-0.012985,-0.095165,False
time_1m,2026-02-01,SWK,0.641,0.020869873371719416,2026-02-02,77.4534,2026-03-02,82.2385,time,28,100.0,106.1781,6.1781,0.061781,False,98.7015,-1.2985,-0.012985,0.074767,True
time_1m,2026-02-01,WMT,0.695,0.018627466313953178,2026-02-02,123.5701,2026-03-02,126.5981,time,28,100.0,102.4504,2.4504,0.024504,False,98.7015,-1.2985,-0.012985,0.037489,True
time_1m,2026-02-01,HON,0.697,0.01840010449909313,2026-02-02,225.1982,2026-03-02,246.6843,time,28,100.0,109.541,9.541,0.09541,False,98.7015,-1.2985,-0.012985,0.108395,True
time_1m,2026-02-01,UPS,0.67,0.01770643565188945,2026-02-02,106.9505,2026-03-02,112.5232,time,28,100.0,105.2105,5.2105,0.052105,False,98.7015,-1.2985,-0.012985,0.06509,True
time_1m,2026-02-01,LLY,0.633,0.01607878281450903,2026-02-02,1040.599,2026-03-02,1016.2206,time,28,100.0,97.6573,-2.3427,-0.023427,False,98.7015,-1.2985,-0.012985,-0.010442,False
time_1m,2026-02-01,FMAO,0.599,0.013710352159686856,2026-02-02,27.4446,2026-03-02,26.6616,time,28,100.0,97.147,-2.853,-0.02853,False,98.7015,-1.2985,-0.012985,-0.015545,False
time_1m,2026-02-01,T,0.611,0.009840774341263403,2026-02-02,26.0276,2026-03-02,27.7199,time,28,100.0,106.5019,6.5019,0.065019,False,98.7015,-1.2985,-0.012985,0.078004,True
time_1m,2026-02-01,AB,0.591,0.009621310156236351,2026-02-02,40.0429,2026-03-02,38.275,time,28,100.0,95.585,-4.415,-0.04415,False,98.7015,-1.2985,-0.012985,-0.031165,False
time_1m,2026-02-01,EOG,0.591,0.008690715112313008,2026-02-02,107.5748,2026-03-02,127.6588,time,28,100.0,118.6699,18.6699,0.186699,False,98.7015,-1.2985,-0.012985,0.199684,True
time_1m,2026-02-01,WPC,0.622,0.008621028664059338,2026-02-02,67.4337,2026-03-02,73.5981,time,28,100.0,109.1414,9.1414,0.091414,False,98.7015,-1.2985,-0.012985,0.1044,True
time_1m,2026-02-01,PG,0.563,0.004660474033558737,2026-02-02,152.0451,2026-03-02,162.288,time,28,100.0,106.7367,6.7367,0.067367,False,98.7015,-1.2985,-0.012985,0.080352,True
time_1m,2026-02-01,IBM,0.529,0.0028134367203185295,2026-02-02,310.6593,2026-03-02,237.6211,time,28,100.0,76.4893,-23.5107,-0.235107,False,98.7015,-1.2985,-0.012985,-0.222122,False
time_1m,2026-02-01,PEG,0.531,0.0019245449253115776,2026-02-02,78.9831,2026-03-02,83.1039,time,28,100.0,105.2173,5.2173,0.052173,False,98.7015,-1.2985,-0.012985,0.065158,True
time_1m,2026-02-15,MCHP,0.737,0.052470292748030056,2026-02-17,78.086,2026-03-17,64.2674,time,28,100.0,82.3034,-17.6966,-0.176966,False,98.2339,-1.7661,-0.017661,-0.159305,False
time_1m,2026-02-15,AMKR,0.652,0.04844861404706413,2026-02-17,46.6979,2026-03-17,46.2879,time,28,100.0,99.1221,-0.8779,-0.008779,False,98.2339,-1.7661,-0.017661,0.008882,True
time_1m,2026-02-15,BNPQY,0.835,0.03805293164442869,2026-02-17,53.5223,2026-03-17,48.3004,time,28,100.0,90.2435,-9.7565,-0.097565,False,98.2339,-1.7661,-0.017661,-0.079904,False
time_1m,2026-02-15,MPWR,0.703,0.037079454311589766,2026-02-17,1170.8392,2026-03-17,1064.5317,time,28,100.0,90.9204,-9.0796,-0.090796,False,98.2339,-1.7661,-0.017661,-0.073135,False
time_1m,2026-02-15,LRN,0.702,0.03242458632865586,2026-02-17,83.78,2026-03-17,87.08,time,28,100.0,103.9389,3.9389,0.039389,False,98.2339,-1.7661,-0.017661,0.05705,True
time_1m,2026-02-15,IFF,0.719,0.028192771647188808,2026-02-17,82.2542,2026-03-17,70.8615,time,28,100.0,86.1494,-13.8506,-0.138506,False,98.2339,-1.7661,-0.017661,-0.120845,False
time_1m,2026-02-15,JNJ,0.815,0.024574184813608735,2026-02-17,240.6592,2026-03-17,236.7484,time,28,100.0,98.375,-1.625,-0.01625,False,98.2339,-1.7661,-0.017661,0.001411,True
time_1m,2026-02-15,VSEC,0.611,0.024190731819262012,2026-02-17,213.244,2026-03-17,191.5238,time,28,100.0,89.8144,-10.1856,-0.101856,False,98.2339,-1.7661,-0.017661,-0.084195,False
time_1m,2026-02-15,AME,0.777,0.023237630674112886,2026-02-17,232.9601,2026-03-17,215.56,time,28,100.0,92.5308,-7.4692,-0.074692,False,98.2339,-1.7661,-0.017661,-0.05703,False
time_1m,2026-02-15,APG,0.686,0.0218446109536079,2026-02-17,44.43,2026-03-17,42.08,time,28,100.0,94.7108,-5.2892,-0.052892,False,98.2339,-1.7661,-0.017661,-0.035231,False
time_1m,2026-02-15,GPC,0.683,0.019389738644943533,2026-02-17,123.2558,2026-03-17,101.7118,time,28,100.0,82.5209,-17.4791,-0.174791,False,98.2339,-1.7661,-0.017661,-0.157129,False
time_1m,2026-02-15,GGFPX,0.813,0.018751127554431868,2026-02-17,19.98,2026-03-17,18.8,time,28,100.0,94.0941,-5.9059,-0.059059,False,98.2339,-1.7661,-0.017661,-0.041398,False
time_1m,2026-02-15,BDX,0.667,0.01873817770683739,2026-02-17,175.0205,2026-03-17,160.5085,time,28,100.0,91.7084,-8.2916,-0.082916,False,98.2339,-1.7661,-0.017661,-0.065255,False
time_1m,2026-02-15,FCFS,0.667,0.018692253249575685,2026-02-17,183.1413,2026-03-17,190.2382,time,28,100.0,103.8751,3.8751,0.038751,False,98.2339,-1.7661,-0.017661,0.056412,True
time_1m,2026-02-15,CRS,0.602,0.018353571852208317,2026-02-17,374.705,2026-03-17,381.2819,time,28,100.0,101.7552,1.7552,0.017552,False,98.2339,-1.7661,-0.017661,0.035214,True
time_1m,2026-02-15,ETN,0.619,0.016440333053757916,2026-02-17,389.1975,2026-03-17,362.947,time,28,100.0,93.2552,-6.7448,-0.067448,False,98.2339,-1.7661,-0.017661,-0.049786,False
time_1m,2026-02-15,COST,0.671,0.015739388199377036,2026-02-17,1010.5836,2026-03-17,994.7166,time,28,100.0,98.4299,-1.5701,-0.015701,False,98.2339,-1.7661,-0.017661,0.00196,True
time_1m,2026-02-15,C,0.611,0.014678054409518415,2026-02-17,113.2443,2026-03-17,107.2029,time,28,100.0,94.6651,-5.3349,-0.053349,False,98.2339,-1.7661,-0.017661,-0.035687,False
time_1m,2026-02-15,BNS,0.678,0.013358119928098988,2026-02-17,76.22,2026-03-17,70.27,time,28,100.0,92.1936,-7.8064,-0.078064,False,98.2339,-1.7661,-0.017661,-0.060402,False
time_1m,2026-02-15,PG,0.638,0.011176325815261512,2026-02-17,158.3576,2026-03-17,150.3479,time,28,100.0,94.942,-5.058,-0.05058,False,98.2339,-1.7661,-0.017661,-0.032918,False
time_1m,2026-02-15,CME,0.635,0.010471524828660428,2026-02-17,294.6227,2026-03-17,311.7138,time,28,100.0,105.801,5.801,0.05801,False,98.2339,-1.7661,-0.017661,0.075671,True
time_1m,2026-02-15,AMGN,0.578,0.009848330455648702,2026-02-17,370.5617,2026-03-17,358.4234,time,28,100.0,96.7243,-3.2757,-0.032757,False,98.2339,-1.7661,-0.017661,-0.015095,False
time_1m,2026-02-15,MCK,0.563,0.009183041733393793,2026-02-17,944.6395,2026-03-17,940.8497,time,28,100.0,99.5988,-0.4012,-0.004012,False,98.2339,-1.7661,-0.017661,0.013649,True
time_1m,2026-02-15,BAX,0.547,0.00873343085135092,2026-02-17,20.719,2026-03-17,17.6108,time,28,100.0,84.9984,-15.0016,-0.150016,False,98.2339,-1.7661,-0.017661,-0.132355,False
time_1m,2026-02-15,GOOGL,0.583,0.008711767214752975,2026-02-17,301.6273,2026-03-17,310.7344,time,28,100.0,103.0193,3.0193,0.030193,False,98.2339,-1.7661,-0.017661,0.047854,True
time_1m,2026-02-15,MS,0.577,0.00871018890922226,2026-02-17,170.6231,2026-03-17,156.9864,time,28,100.0,92.0077,-7.9923,-0.079923,False,98.2339,-1.7661,-0.017661,-0.062262,False
time_1m,2026-02-15,AMP,0.573,0.008187406871713598,2026-02-17,467.0742,2026-03-17,436.3464,time,28,100.0,93.4212,-6.5788,-0.065788,False,98.2339,-1.7661,-0.017661,-0.048126,False
time_1m,2026-02-15,AEE,0.615,0.007759143917778433,2026-02-17,109.0257,2026-03-17,111.4444,time,28,100.0,102.2185,2.2185,0.022185,False,98.2339,-1.7661,-0.017661,0.039847,True
time_1m,2026-02-15,META,0.558,0.007731692495405396,2026-02-17,638.7431,2026-03-17,622.66,time,28,100.0,97.4821,-2.5179,-0.025179,False,98.2339,-1.7661,-0.017661,-0.007518,False
time_1m,2026-02-15,AEP,0.604,0.0071701004190225515,2026-02-17,129.301,2026-03-17,132.6566,time,28,100.0,102.5952,2.5952,0.025952,False,98.2339,-1.7661,-0.017661,0.043613,True
time_1m,2026-02-15,RSG,0.591,0.005573465868895955,2026-02-17,220.5635,2026-03-17,224.1333,time,28,100.0,101.6185,1.6185,0.016185,False,98.2339,-1.7661,-0.017661,0.033846,True
time_1m,2026-02-15,OTIS,0.551,0.0035653407260500813,2026-02-17,91.8833,2026-03-17,83.6333,time,28,100.0,91.0212,-8.9788,-0.089788,False,98.2339,-1.7661,-0.017661,-0.072127,False
time_1m,2026-02-15,GIS,0.537,0.0032830943301909166,2026-02-17,44.2137,2026-03-17,38.097,time,28,100.0,86.1655,-13.8345,-0.138345,False,98.2339,-1.7661,-0.017661,-0.120684,False
time_1m,2026-02-15,XEL,0.53,0.0019512271273744997,2026-02-17,80.1575,2026-03-17,81.41,time,28,100.0,101.5625,1.5625,0.015625,False,98.2339,-1.7661,-0.017661,0.033287,True
time_1m,2026-02-15,JPM,0.519,0.0017192259503580054,2026-02-17,305.5662,2026-03-17,285.4293,time,28,100.0,93.41,-6.59,-0.0659,False,98.2339,-1.7661,-0.017661,-0.048239,False
time_1m,2026-02-15,FCN,0.505,0.0007631821381117732,2026-02-17,160.23,2026-03-17,163.42,time,28,100.0,101.9909,1.9909,0.019909,False,98.2339,-1.7661,-0.017661,0.03757,True
time_1m,2026-02-15,NVDA,0.504,0.0005425555635849566,2026-02-17,184.7447,2026-03-17,181.7182,time,28,100.0,98.3618,-1.6382,-0.016382,False,98.2339,-1.7661,-0.017661,0.001279,True
time_1m,2026-03-01,MU,0.703,0.06241040698476197,2026-03-02,412.4967,2026-04-02,366.24,time,31,100.0,88.7862,-11.2138,-0.112138,False,95.8101,-4.1899,-0.041899,-0.070239,False
time_1m,2026-03-01,AEIS,0.751,0.05507254865808253,2026-03-02,340.3149,2026-04-02,332.2074,time,31,100.0,97.6176,-2.3824,-0.023824,False,95.8101,-4.1899,-0.041899,0.018076,True
time_1m,2026-03-01,WPM,0.703,0.048680095954026115,2026-03-02,165.2111,2026-04-02,135.3571,time,31,100.0,81.9298,-18.0702,-0.180702,False,95.8101,-4.1899,-0.041899,-0.138803,False
time_1m,2026-03-01,LRCX,0.682,0.04527807643948378,2026-03-02,230.7236,2026-04-02,218.44,time,31,100.0,94.6761,-5.3239,-0.053239,False,95.8101,-4.1899,-0.041899,-0.01134,False
time_1m,2026-03-01,GEV,0.676,0.04305250605534461,2026-03-02,880.6475,2026-04-02,898.57,time,31,100.0,102.0352,2.0352,0.020352,False,95.8101,-4.1899,-0.041899,0.062251,True
time_1m,2026-03-01,FNV,0.691,0.037704063897752604,2026-03-02,276.8742,2026-04-02,257.196,time,31,100.0,92.8927,-7.1073,-0.071073,False,95.8101,-4.1899,-0.041899,-0.029173,False
time_1m,2026-03-01,BE,0.585,0.035762215783097684,2026-03-02,166.0,2026-04-02,135.63,time,31,100.0,81.7048,-18.2952,-0.182952,False,95.8101,-4.1899,-0.041899,-0.141052,False
time_1m,2026-03-01,ASML,0.67,0.0315938067387147,2026-03-02,1420.4375,2026-04-02,1314.3591,time,31,100.0,92.532,-7.468,-0.07468,False,95.8101,-4.1899,-0.041899,-0.032781,False
time_1m,2026-03-01,VSAT,0.599,0.03127816324714905,2026-03-02,47.24,2026-04-02,53.69,time,31,100.0,113.6537,13.6537,0.136537,False,95.8101,-4.1899,-0.041899,0.178436,True
time_1m,2026-03-01,CF,0.701,0.028192262094403064,2026-03-02,103.8759,2026-04-02,129.4415,time,31,100.0,124.6117,24.6117,0.246117,False,95.8101,-4.1899,-0.041899,0.288016,True
time_1m,2026-03-01,CMCSA,0.717,0.025526532275422342,2026-03-02,30.4657,2026-04-02,27.93,time,31,100.0,91.6767,-8.3233,-0.083233,False,95.8101,-4.1899,-0.041899,-0.041333,False
time_1m,2026-03-01,CP,0.705,0.02370031410425777,2026-03-02,89.2035,2026-04-02,78.97,time,31,100.0,88.5279,-11.4721,-0.114721,False,95.8101,-4.1899,-0.041899,-0.072821,False
time_1m,2026-03-01,AME,0.775,0.023495206249842804,2026-03-02,241.0773,2026-04-02,218.29,time,31,100.0,90.5477,-9.4523,-0.094523,False,95.8101,-4.1899,-0.041899,-0.052623,False
time_1m,2026-03-01,GILD,0.67,0.022665149427693043,2026-03-02,149.1828,2026-04-02,139.71,time,31,100.0,93.6502,-6.3498,-0.063498,False,95.8101,-4.1899,-0.041899,-0.021598,False
time_1m,2026-03-01,GE,0.641,0.01992938990808968,2026-03-02,345.2371,2026-04-02,281.16,time,31,100.0,81.4397,-18.5603,-0.185603,False,95.8101,-4.1899,-0.041899,-0.143704,False
time_1m,2026-03-01,CB,0.705,0.01766139938000566,2026-03-02,340.6882,2026-04-02,327.3087,time,31,100.0,96.0728,-3.9272,-0.039272,False,95.8101,-4.1899,-0.041899,0.002628,True
time_1m,2026-03-01,CME,0.697,0.017558981038457766,2026-03-02,317.1933,2026-04-02,303.5362,time,31,100.0,95.6944,-4.3056,-0.043056,False,95.8101,-4.1899,-0.041899,-0.001157,False
time_1m,2026-03-01,PG,0.701,0.017341542895583206,2026-03-02,162.288,2026-04-02,142.0504,time,31,100.0,87.5298,-12.4702,-0.124702,False,95.8101,-4.1899,-0.041899,-0.082802,False
time_1m,2026-03-01,WMT,0.646,0.015735160121782554,2026-03-02,126.5981,2026-04-02,125.5504,time,31,100.0,99.1724,-0.8276,-0.008276,False,95.8101,-4.1899,-0.041899,0.033624,True
time_1m,2026-03-01,SAN,0.603,0.013559717874000787,2026-03-02,11.8143,2026-04-02,11.271,time,31,100.0,95.4013,-4.5987,-0.045987,False,95.8101,-4.1899,-0.041899,-0.004087,False
time_1m,2026-03-01,COST,0.623,0.011247405916743336,2026-03-02,1001.3171,2026-04-02,1013.4894,time,31,100.0,101.2156,1.2156,0.012156,False,95.8101,-4.1899,-0.041899,0.054056,True
time_1m,2026-03-01,RY,0.639,0.009693996475719224,2026-03-02,167.4729,2026-04-02,162.2784,time,31,100.0,96.8984,-3.1016,-0.031016,False,95.8101,-4.1899,-0.041899,0.010883,True
time_1m,2026-03-01,C,0.558,0.007882317303774089,2026-03-02,110.9253,2026-04-02,114.7074,time,31,100.0,103.4096,3.4096,0.034096,False,95.8101,-4.1899,-0.041899,0.075995,True
time_1m,2026-03-01,BIIB,0.553,0.006980523639081637,2026-03-02,188.05,2026-04-02,177.34,time,31,100.0,94.3047,-5.6953,-0.056953,False,95.8101,-4.1899,-0.041899,-0.015054,False
time_1m,2026-03-01,ICE,0.561,0.00671454228883861,2026-03-02,164.2494,2026-04-02,162.98,time,31,100.0,99.2271,-0.7729,-0.007729,False,95.8101,-4.1899,-0.041899,0.034171,True
time_1m,2026-03-01,SCHW,0.542,0.0042522121804315915,2026-03-02,95.1486,2026-04-02,93.4347,time,31,100.0,98.1988,-1.8012,-0.018012,False,95.8101,-4.1899,-0.041899,0.023887,True
time_1m,2026-03-01,CSCO,0.531,0.0040819033567636165,2026-03-02,78.992,2026-04-02,79.02,time,31,100.0,100.0355,0.0355,0.000355,False,95.8101,-4.1899,-0.041899,0.042254,True
time_1m,2026-03-01,ANET,0.522,0.004068109760342109,2026-03-02,129.3,2026-04-02,126.68,time,31,100.0,97.9737,-2.0263,-0.020263,False,95.8101,-4.1899,-0.041899,0.021636,True
time_1m,2026-03-01,CATY,0.535,0.0034471149559875958,2026-03-02,49.8678,2026-04-02,50.2651,time,31,100.0,100.7968,0.7968,0.007968,False,95.8101,-4.1899,-0.041899,0.049868,True
time_1m,2026-03-15,XOM,0.803,0.03804589572661854,2026-03-16,156.17,2026-04-16,150.9554,time,31,100.0,96.6609,-3.3391,-0.033391,False,105.1636,5.1636,0.051636,-0.085027,False
time_1m,2026-03-15,CVX,0.818,0.03668982511207175,2026-03-16,195.0535,2026-04-16,186.4423,time,31,100.0,95.5852,-4.4148,-0.044148,False,105.1636,5.1636,0.051636,-0.095784,False
time_1m,2026-03-15,EOG,0.763,0.03383622155626265,2026-03-16,133.4737,2026-04-16,134.07,time,31,100.0,100.4468,0.4468,0.004468,False,105.1636,5.1636,0.051636,-0.047168,False
time_1m,2026-03-15,LRN,0.686,0.02936477084138156,2026-03-16,82.97,2026-04-16,96.92,time,31,100.0,116.8133,16.8133,0.168133,False,105.1636,5.1636,0.051636,0.116497,True
time_1m,2026-03-15,LRCX,0.611,0.028668042649483194,2026-03-16,219.4,2026-04-16,260.96,time,31,100.0,118.9426,18.9426,0.189426,False,105.1636,5.1636,0.051636,0.137789,True
time_1m,2026-03-15,CLH,0.722,0.022345375861720473,2026-03-16,289.37,2026-04-16,296.63,time,31,100.0,102.5089,2.5089,0.025089,False,105.1636,5.1636,0.051636,-0.026547,False
time_1m,2026-03-15,TSM,0.62,0.01911648936619903,2026-03-16,338.4814,2026-04-16,362.5011,time,31,100.0,107.0963,7.0963,0.070963,False,105.1636,5.1636,0.051636,0.019327,True
time_1m,2026-03-15,MCK,0.607,0.017290331804341585,2026-03-16,942.2082,2026-04-16,866.3821,time,31,100.0,91.9523,-8.0477,-0.080477,False,105.1636,5.1636,0.051636,-0.132113,False
time_1m,2026-03-15,VSEC,0.573,0.015290316229254586,2026-03-16,193.9927,2026-04-16,216.64,time,31,100.0,111.6743,11.6743,0.116743,False,105.1636,5.1636,0.051636,0.065107,True
time_1m,2026-03-15,MPWR,0.563,0.010954135345922822,2026-03-16,1075.2502,2026-04-16,1402.8101,time,31,100.0,130.4636,30.4636,0.304636,False,105.1636,5.1636,0.051636,0.253,True
time_1m,2026-03-15,CHRW,0.54,0.00651124522702351,2026-03-16,169.8981,2026-04-16,180.9902,time,31,100.0,106.5286,6.5286,0.065286,False,105.1636,5.1636,0.051636,0.01365,True
time_1m,2026-03-15,CM,0.539,0.002863956875920337,2026-03-16,96.7317,2026-04-16,107.49,time,31,100.0,111.1218,11.1218,0.111218,False,105.1636,5.1636,0.051636,0.059581,True
time_1m,2026-03-15,BK,0.526,0.00237370603909115,2026-03-16,114.9238,2026-04-16,134.3069,time,31,100.0,116.866,16.866,0.16866,False,105.1636,5.1636,0.051636,0.117024,True
time_1m,2026-03-15,TAXI,0.655,0.0011599831889008705,2026-03-16,51.0712,2026-04-16,51.0193,time,31,100.0,99.8983,-0.1017,-0.001017,False,105.1636,5.1636,0.051636,-0.052653,False
time_1m,2026-04-01,XOM,0.766,0.03492553739707405,2026-04-01,159.6961,2026-05-01,151.7202,time,30,100.0,95.0056,-4.9944,-0.049944,False,109.9826,9.9826,0.099826,-0.14977,False
time_1m,2026-04-01,GEV,0.65,0.03060240378069623,2026-04-01,894.78,2026-05-01,1062.95,time,30,100.0,118.7946,18.7946,0.187946,False,109.9826,9.9826,0.099826,0.088119,True
time_1m,2026-04-01,PFE,0.655,0.01589219361043903,2026-04-01,28.0864,2026-05-01,25.9024,time,30,100.0,92.2242,-7.7758,-0.077758,False,109.9826,9.9826,0.099826,-0.177584,False
time_1m,2026-04-01,LIN,0.678,0.015131516683941637,2026-04-01,492.2733,2026-05-01,506.3189,time,30,100.0,102.8532,2.8532,0.028532,False,109.9826,9.9826,0.099826,-0.071294,False
time_1m,2026-04-01,MRK,0.635,0.013387782833931938,2026-04-01,120.84,2026-05-01,112.16,time,30,100.0,92.817,-7.183,-0.07183,False,109.9826,9.9826,0.099826,-0.171657,False
time_1m,2026-04-01,CB,0.596,0.00720128604103798,2026-04-01,326.1424,2026-05-01,325.2053,time,30,100.0,99.7127,-0.2873,-0.002873,False,109.9826,9.9826,0.099826,-0.102699,False
time_1m,2026-04-01,LRCX,0.524,0.005315064908312683,2026-04-01,222.01,2026-05-01,256.72,time,30,100.0,115.6344,15.6344,0.156344,False,109.9826,9.9826,0.099826,0.056518,True
time_1m,2026-04-01,CMI,0.501,0.0002393251882624181,2026-04-01,548.3677,2026-05-01,655.3816,time,30,100.0,119.515,19.515,0.19515,False,109.9826,9.9826,0.099826,0.095324,True
time_1m,2026-04-15,FN,0.603,0.03521710213596174,2026-04-15,685.81,2026-05-15,722.04,time,30,100.0,105.2828,5.2828,0.052828,False,105.6048,5.6048,0.056048,-0.00322,False
time_1m,2026-04-15,BP,0.744,0.03410182513076987,2026-04-15,45.5984,2026-05-15,44.35,time,30,100.0,97.2622,-2.7378,-0.027378,False,105.6048,5.6048,0.056048,-0.083425,False
time_1m,2026-04-15,AMAT,0.604,0.023629208962523407,2026-04-15,393.7705,2026-05-15,436.0779,time,30,100.0,110.7442,10.7442,0.107442,False,105.6048,5.6048,0.056048,0.051394,True
time_1m,2026-04-15,NTIOF,0.71,0.022835561624853895,2026-04-15,146.13,2026-05-15,148.4,time,30,100.0,101.5534,1.5534,0.015534,False,105.6048,5.6048,0.056048,-0.040514,False
time_1m,2026-04-15,LIN,0.699,0.017231528440444954,2026-04-15,496.3704,2026-05-15,504.5146,time,30,100.0,101.6408,1.6408,0.016408,False,105.6048,5.6048,0.056048,-0.03964,False
time_1m,2026-04-15,KLAC,0.573,0.016707238082562137,2026-04-15,174.5882,2026-05-15,180.202,time,30,100.0,103.2155,3.2155,0.032155,False,105.6048,5.6048,0.056048,-0.023893,False
time_1m,2026-04-15,BWXT,0.574,0.015417393197066476,2026-04-15,238.1012,2026-05-15,204.4463,time,30,100.0,85.8653,-14.1347,-0.141347,False,105.6048,5.6048,0.056048,-0.197395,False
time_1m,2026-04-15,CSCO,0.592,0.013797357072864003,2026-04-15,82.36,2026-05-15,118.21,time,30,100.0,143.5284,43.5284,0.435284,False,105.6048,5.6048,0.056048,0.379236,True
time_1m,2026-04-15,BMO,0.614,0.012741621115089696,2026-04-15,148.2849,2026-05-15,152.48,time,30,100.0,102.8291,2.8291,0.028291,False,105.6048,5.6048,0.056048,-0.027757,False
time_1m,2026-04-15,MRK,0.604,0.00979164944517441,2026-04-15,117.9,2026-05-15,111.38,time,30,100.0,94.4699,-5.5301,-0.055301,False,105.6048,5.6048,0.056048,-0.111349,False
time_1m,2026-04-15,AMZN,0.563,0.008303766630499698,2026-04-15,248.5,2026-05-15,264.14,time,30,100.0,106.2938,6.2938,0.062938,False,105.6048,5.6048,0.056048,0.00689,True
time_1m,2026-04-15,AIG,0.599,0.008225140059918035,2026-04-15,77.09,2026-05-15,76.11,time,30,100.0,98.7288,-1.2712,-0.012712,False,105.6048,5.6048,0.056048,-0.06876,False
time_1m,2026-04-15,KO,0.603,0.006779044199133111,2026-04-15,75.31,2026-05-15,80.82,time,30,100.0,107.3164,7.3164,0.073164,False,105.6048,5.6048,0.056048,0.017117,True
time_1m,2026-04-15,VOO,0.576,0.004397742302924668,2026-04-15,643.45,2026-05-15,679.44,time,30,100.0,105.5933,5.5933,0.055933,False,105.6048,5.6048,0.056048,-0.000115,False
time_1m,2026-04-15,VTI,0.569,0.00412074894045511,2026-04-15,345.24,2026-05-15,362.74,time,30,100.0,105.0689,5.0689,0.050689,False,105.6048,5.6048,0.056048,-0.005358,False
time_1m,2026-04-15,GSKPX,0.569,0.0039814879946986625,2026-04-15,29.16,2026-05-15,30.0,time,30,100.0,102.8807,2.8807,0.028807,False,105.6048,5.6048,0.056048,-0.027241,False
time_1m,2026-04-15,MIAX,0.529,0.003296843319774645,2026-04-15,44.22,2026-05-15,56.16,time,30,100.0,127.0014,27.0014,0.270014,False,105.6048,5.6048,0.056048,0.213966,True
time_1m,2026-04-15,MCD,0.539,0.0021952529293947087,2026-04-15,304.1969,2026-05-15,274.5281,time,30,100.0,90.2469,-9.7531,-0.097531,False,105.6048,5.6048,0.056048,-0.153579,False
time_1m,2026-04-15,TFC,0.522,0.002157929077388765,2026-04-15,49.0716,2026-05-15,46.96,time,30,100.0,95.697,-4.303,-0.04303,False,105.6048,5.6048,0.056048,-0.099078,False
time_1m,2026-04-15,MCHP,0.511,0.0019577279061053776,2026-04-15,74.118,2026-05-15,93.3813,time,30,100.0,125.9901,25.9901,0.259901,False,105.6048,5.6048,0.056048,0.203853,True
time_1m,2026-04-15,TAXI,0.5,1.8940674895162601e-06,2026-04-15,50.9795,2026-05-15,50.8099,time,30,100.0,99.6673,-0.3327,-0.003327,False,105.6048,5.6048,0.056048,-0.059375,False
time_1m,2026-05-01,GLW,0.617,0.03621862459714831,2026-05-01,158.0178,2026-06-01,176.7,time,31,100.0,111.8228,11.8228,0.118228,False,105.2577,5.2577,0.052577,0.065651,True
time_1m,2026-05-01,AVGO,0.695,0.03609461198419606,2026-05-01,421.28,2026-06-01,459.97,time,31,100.0,109.1839,9.1839,0.091839,False,105.2577,5.2577,0.052577,0.039262,True
time_1m,2026-05-01,CEG,0.613,0.02465794499064211,2026-05-01,307.3325,2026-06-01,265.7,time,31,100.0,86.4536,-13.5464,-0.135464,False,105.2577,5.2577,0.052577,-0.188041,False
time_1m,2026-05-01,IBIT,0.618,0.023575204300949837,2026-05-01,44.47,2026-06-01,40.49,time,31,100.0,91.0501,-8.9499,-0.089499,False,105.2577,5.2577,0.052577,-0.142076,False
time_1m,2026-05-01,VNOM,0.67,0.02141278216140985,2026-05-01,49.1983,2026-06-01,45.61,time,31,100.0,92.7064,-7.2936,-0.072936,False,105.2577,5.2577,0.052577,-0.125514,False
time_1m,2026-05-01,DMLP,0.694,0.01755676541215334,2026-05-01,27.495,2026-06-01,27.66,time,31,100.0,100.6001,0.6001,0.006001,False,105.2577,5.2577,0.052577,-0.046576,False
time_1m,2026-05-01,CSCO,0.585,0.01299407576149747,2026-05-01,91.85,2026-06-01,121.33,time,31,100.0,132.0958,32.0958,0.320958,False,105.2577,5.2577,0.052577,0.268381,True
time_1m,2026-05-01,EPD,0.64,0.011496655905207431,2026-05-01,38.03,2026-06-01,37.21,time,31,100.0,97.8438,-2.1562,-0.021562,False,105.2577,5.2577,0.052577,-0.074139,False
time_1m,2026-05-01,C,0.576,0.010850752182865353,2026-05-01,126.84,2026-06-01,129.09,time,31,100.0,101.7739,1.7739,0.017739,False,105.2577,5.2577,0.052577,-0.034839,False
time_1m,2026-05-01,FDX,0.592,0.009775482610038244,2026-05-01,317.22,2026-06-01,338.49,time,31,100.0,106.7051,6.7051,0.067051,False,105.2577,5.2577,0.052577,0.014474,True
time_1m,2026-05-01,IWF,0.611,0.00903498049278939,2026-05-01,120.05,2026-06-01,128.77,time,31,100.0,107.2636,7.2636,0.072636,False,105.2577,5.2577,0.052577,0.020059,True
time_1m,2026-05-01,TOST,0.543,0.007371454307641301,2026-05-01,29.11,2026-06-01,27.74,time,31,100.0,95.2937,-4.7063,-0.047063,False,105.2577,5.2577,0.052577,-0.09964,False
time_1m,2026-05-01,MSFT,0.558,0.006266768973713921,2026-05-01,413.5443,2026-06-01,460.52,time,31,100.0,111.3593,11.3593,0.113593,False,105.2577,5.2577,0.052577,0.061015,True
time_1m,2026-05-01,IWD,0.611,0.005958274655136986,2026-05-01,230.86,2026-06-01,237.46,time,31,100.0,102.8589,2.8589,0.028589,False,105.2577,5.2577,0.052577,-0.023989,False
time_1m,2026-05-01,ASML,0.535,0.005760938094678814,2026-05-01,1427.02,2026-06-01,1628.5699,time,31,100.0,114.1238,14.1238,0.141238,False,105.2577,5.2577,0.052577,0.088661,True
time_1m,2026-05-01,GS,0.537,0.004547885135632201,2026-05-01,919.6569,2026-06-01,1048.58,time,31,100.0,114.0186,14.0186,0.140186,False,105.2577,5.2577,0.052577,0.087609,True
time_1m,2026-05-01,PTA,0.563,0.003300700110281829,2026-05-01,19.491,2026-06-01,19.415,time,31,100.0,99.6097,-0.3903,-0.003903,False,105.2577,5.2577,0.052577,-0.056481,False
time_1m,2026-05-01,UHAL,0.524,0.0026707444969220617,2026-05-01,51.6,2026-06-01,56.66,time,31,100.0,109.8062,9.8062,0.098062,False,105.2577,5.2577,0.052577,0.045485,True
time_1m,2026-05-01,DBEU,0.542,0.0026350784325825938,2026-05-01,50.64,2026-06-01,51.89,time,31,100.0,102.4684,2.4684,0.024684,False,105.2577,5.2577,0.052577,-0.027893,False
time_1m,2026-05-01,AAPL,0.522,0.001901222976041561,2026-05-01,279.8821,2026-06-01,306.31,time,31,100.0,109.4425,9.4425,0.094425,False,105.2577,5.2577,0.052577,0.041847,True
time_1m,2026-05-01,FTSL,0.611,0.001662416355150187,2026-05-01,44.8852,2026-06-01,44.97,time,31,100.0,100.1889,0.1889,0.001889,False,105.2577,5.2577,0.052577,-0.050688,False
time_1m,2026-05-01,TJX,0.522,0.0015764281639014666,2026-05-01,156.318,2026-06-01,152.75,time,31,100.0,97.7175,-2.2825,-0.022825,False,105.2577,5.2577,0.052577,-0.075403,False
time_1m,2026-05-01,SCIO,0.563,0.0006236032459800978,2026-05-01,20.5846,2026-06-01,20.63,time,31,100.0,100.2206,0.2206,0.002206,False,105.2577,5.2577,0.052577,-0.050371,False
time_1m,2026-05-01,FTCB,0.501,1.7963639638018947e-05,2026-05-01,20.8642,2026-06-01,20.86,time,31,100.0,99.98,-0.02,-0.0002,False,105.2577,5.2577,0.052577,-0.052778,False
time_1m,2026-05-15,INTC,0.757,0.10488240126651616,2026-05-15,108.77,2026-06-12,124.57,open,28,100.0,114.5261,14.5261,0.145261,True,100.349,0.349,0.00349,0.14177,True
time_1m,2026-05-15,MRVL,0.783,0.09507384983444234,2026-05-15,176.89,2026-06-12,279.7,open,28,100.0,158.1209,58.1209,0.581209,True,100.349,0.349,0.00349,0.577718,True
time_1m,2026-05-15,AMD,0.763,0.08809886640354714,2026-05-15,424.1,2026-06-12,511.57,open,28,100.0,120.6249,20.6249,0.206249,True,100.349,0.349,0.00349,0.202758,True
time_1m,2026-05-15,AESI,0.683,0.05431291739122801,2026-05-15,18.87,2026-06-12,16.97,open,28,100.0,89.9311,-10.0689,-0.100689,True,100.349,0.349,0.00349,-0.104179,False
time_1m,2026-05-15,CSCO,0.777,0.048690032003987804,2026-05-15,118.21,2026-06-12,121.1,open,28,100.0,102.4448,2.4448,0.024448,True,100.349,0.349,0.00349,0.020958,True
time_1m,2026-05-15,KEYS,0.666,0.04102265868910093,2026-05-15,349.01,2026-06-12,350.67,open,28,100.0,100.4756,0.4756,0.004756,True,100.349,0.349,0.00349,0.001266,True
time_1m,2026-05-15,UNH,0.737,0.03748812196543483,2026-05-15,393.85,2026-06-12,408.52,open,28,100.0,103.7248,3.7248,0.037248,True,100.349,0.349,0.00349,0.033757,True
time_1m,2026-05-15,COIN,0.54,0.01051572315065763,2026-05-15,195.43,2026-06-12,159.78,open,28,100.0,81.7582,-18.2418,-0.182418,True,100.349,0.349,0.00349,-0.185909,False
time_1m,2026-05-15,P,0.542,0.008685746944579131,2026-05-15,81.18,2026-06-12,72.31,open,28,100.0,89.0737,-10.9263,-0.109263,True,100.349,0.349,0.00349,-0.112754,False
time_1m,2026-05-15,MSFT,0.565,0.007064089952703689,2026-05-15,421.0081,2026-06-12,390.74,open,28,100.0,92.8106,-7.1894,-0.071894,True,100.349,0.349,0.00349,-0.075385,False
time_1m,2026-05-15,GSKPX,0.567,0.0038729385661464555,2026-05-15,30.0,2026-06-12,30.33,open,28,100.0,101.1,1.1,0.011,True,100.349,0.349,0.00349,0.00751,True
time_1m,2026-05-15,INTU,0.511,0.0023913682357852295,2026-05-15,393.0,2026-06-12,276.73,open,28,100.0,70.4148,-29.5852,-0.295852,True,100.349,0.349,0.00349,-0.299343,False
time_1m,2026-05-15,CELFX,0.936,0.002270348314550086,2026-05-15,10.86,2026-06-12,10.89,open,28,100.0,100.2762,0.2762,0.002762,True,100.349,0.349,0.00349,-0.000728,False
time_1m,2026-05-15,V,0.522,0.001981586205703545,2026-05-15,325.75,2026-06-12,322.39,open,28,100.0,98.9685,-1.0315,-0.010315,True,100.349,0.349,0.00349,-0.013805,False
time_1m,2026-05-15,NSIT,0.506,0.0019175601583640844,2026-05-15,88.9,2026-06-12,111.05,open,28,100.0,124.9156,24.9156,0.249156,True,100.349,0.349,0.00349,0.245666,True
time_1m,2026-05-15,ADP,0.505,0.0006936938298256479,2026-05-15,212.865,2026-06-12,226.21,open,28,100.0,106.2692,6.2692,0.062692,True,100.349,0.349,0.00349,0.059202,True
time_1m,2026-05-15,CARR,0.501,7.51463128476626e-05,2026-05-15,64.67,2026-06-12,69.91,open,28,100.0,108.1027,8.1027,0.081027,True,100.349,0.349,0.00349,0.077536,True
time_1m,2026-06-01,AMD,0.832,0.1177375889659602,2026-06-01,510.13,2026-06-12,511.57,open,11,100.0,100.2823,0.2823,0.002823,True,97.7865,-2.2135,-0.022135,0.024957,True
time_1m,2026-06-01,IFNNY,0.812,0.08687127296602792,2026-06-01,93.89,2026-06-12,92.3,open,11,100.0,98.3065,-1.6935,-0.016935,True,97.7865,-2.2135,-0.022135,0.0052,True
time_1m,2026-06-01,TXN,0.716,0.049561145078502955,2026-06-01,293.2,2026-06-12,301.12,open,11,100.0,102.7012,2.7012,0.027012,True,97.7865,-2.2135,-0.022135,0.049147,True
time_1m,2026-06-01,GS,0.726,0.029785735898509413,2026-06-01,1048.58,2026-06-12,1062.75,open,11,100.0,101.3514,1.3514,0.013514,True,97.7865,-2.2135,-0.022135,0.035648,True
time_1m,2026-06-01,AAPL,0.717,0.021055134333178405,2026-06-01,306.31,2026-06-12,291.13,open,11,100.0,95.0442,-4.9558,-0.049558,True,97.7865,-2.2135,-0.022135,-0.027423,False
time_1m,2026-06-01,IHG,0.655,0.019603243393615966,2026-06-01,155.01,2026-06-12,167.12,open,11,100.0,107.8124,7.8124,0.078124,True,97.7865,-2.2135,-0.022135,0.100259,True
time_1m,2026-06-01,CBZ,0.591,0.018760381823742067,2026-06-01,34.68,2026-06-12,35.26,open,11,100.0,101.6724,1.6724,0.016724,True,97.7865,-2.2135,-0.022135,0.038859,True
time_1m,2026-06-01,FCX,0.559,0.012447437317679944,2026-06-01,67.04,2026-06-12,68.41,open,11,100.0,102.0436,2.0436,0.020436,True,97.7865,-2.2135,-0.022135,0.04257,True
time_1m,2026-06-01,NTES,0.563,0.006500383215039651,2026-06-01,122.5468,2026-06-12,125.82,open,11,100.0,102.671,2.671,0.02671,True,97.7865,-2.2135,-0.022135,0.048844,True
time_1m,2026-06-01,SPG,0.577,0.0062111578216952346,2026-06-01,200.5004,2026-06-12,219.04,open,11,100.0,109.2467,9.2467,0.092467,True,97.7865,-2.2135,-0.022135,0.114601,True
time_1m,2026-06-01,JPM,0.546,0.0036065717105784323,2026-06-01,296.58,2026-06-12,320.72,open,11,100.0,108.1395,8.1395,0.081395,True,97.7865,-2.2135,-0.022135,0.103529,True
time_3m,2025-10-01,OPEN,0.69,0.2293874565983436,2025-10-01,8.06,2026-01-02,6.07,time,93,100.0,75.3102,-24.6898,-0.246898,False,102.5041,2.5041,0.025041,-0.271939,False
time_3m,2025-10-01,GOOGL,0.815,0.03962102293863001,2025-10-01,244.4218,2026-01-02,314.7403,time,93,100.0,128.7693,28.7693,0.287693,False,102.5041,2.5041,0.025041,0.262652,True
time_3m,2025-10-01,AAPL,0.705,0.023013427768410644,2025-10-01,254.7293,2026-01-02,270.5074,time,93,100.0,106.1941,6.1941,0.061941,False,102.5041,2.5041,0.025041,0.0369,True
time_3m,2025-10-01,AVGO,0.63,0.021312589148331673,2025-10-01,332.0568,2026-01-02,346.8923,time,93,100.0,104.4678,4.4678,0.044678,False,102.5041,2.5041,0.025041,0.019637,True
time_3m,2025-10-01,ORCL,0.564,0.01911171614543239,2025-10-01,286.7472,2026-01-02,194.5147,time,93,100.0,67.8349,-32.1651,-0.321651,False,102.5041,2.5041,0.025041,-0.346692,False
time_3m,2025-10-01,NVDA,0.64,0.01657848381301541,2025-10-01,187.0015,2026-01-02,188.6199,time,93,100.0,100.8655,0.8655,0.008655,False,102.5041,2.5041,0.025041,-0.016386,False
time_3m,2025-10-01,UNH,0.59,0.01613386457493915,2025-10-01,343.3049,2026-01-02,333.8049,time,93,100.0,97.2328,-2.7672,-0.027672,False,102.5041,2.5041,0.025041,-0.052713,False
time_3m,2025-10-01,QCOM,0.558,0.005837998218980012,2025-10-01,163.9813,2026-01-02,171.244,time,93,100.0,104.429,4.429,0.04429,False,102.5041,2.5041,0.025041,0.019249,True
time_3m,2025-10-01,MCD,0.571,0.0038929745373337266,2025-10-01,295.0667,2026-01-02,299.5438,time,93,100.0,101.5173,1.5173,0.015173,False,102.5041,2.5041,0.025041,-0.009868,False
time_3m,2025-10-15,APP,0.701,0.05842853859795616,2025-10-15,602.3,2026-01-15,606.99,time,92,100.0,100.7787,0.7787,0.007787,False,104.3772,4.3772,0.043772,-0.035985,False
time_3m,2025-10-15,GOOGL,0.764,0.0334579677821798,2025-10-15,250.5398,2026-01-15,332.3474,time,92,100.0,132.6526,32.6526,0.326526,False,104.3772,4.3772,0.043772,0.282754,True
time_3m,2025-10-15,UNH,0.628,0.024777015049093132,2025-10-15,355.9706,2026-01-15,336.3452,time,92,100.0,94.4868,-5.5132,-0.055132,False,104.3772,4.3772,0.043772,-0.098904,False
time_3m,2025-10-15,AVGO,0.629,0.024640450287666038,2025-10-15,349.925,2026-01-15,342.3019,time,92,100.0,97.8215,-2.1785,-0.021785,False,104.3772,4.3772,0.043772,-0.065556,False
time_3m,2025-10-15,ORCL,0.573,0.02183245555792146,2025-10-15,301.7656,2026-01-15,189.1892,time,92,100.0,62.6941,-37.3059,-0.373059,False,104.3772,4.3772,0.043772,-0.41683,False
time_3m,2025-10-15,AAPL,0.662,0.01831919500630419,2025-10-15,248.6366,2026-01-15,257.7312,time,92,100.0,103.6578,3.6578,0.036578,False,104.3772,4.3772,0.043772,-0.007194,False
time_3m,2025-10-15,BNS,0.7,0.015341549964374757,2025-10-15,64.51,2026-01-15,73.55,time,92,100.0,114.0133,14.0133,0.140133,False,104.3772,4.3772,0.043772,0.096362,True
time_3m,2025-10-15,BMO,0.705,0.014683117560095438,2025-10-15,127.226,2026-01-15,133.7728,time,92,100.0,105.1458,5.1458,0.051458,False,104.3772,4.3772,0.043772,0.007687,True
time_3m,2025-10-15,RY,0.682,0.011911176685284408,2025-10-15,145.7814,2026-01-15,168.178,time,92,100.0,115.3631,15.3631,0.153631,False,104.3772,4.3772,0.043772,0.10986,True
time_3m,2025-10-15,NVDA,0.553,0.0059242896379094745,2025-10-15,179.6009,2026-01-15,186.8221,time,92,100.0,104.0207,4.0207,0.040207,False,104.3772,4.3772,0.043772,-0.003565,False
time_3m,2025-10-15,VTEB,0.868,0.005454044279670889,2025-10-15,49.2284,2026-01-15,49.9009,time,92,100.0,101.3659,1.3659,0.013659,False,104.3772,4.3772,0.043772,-0.030112,False
time_3m,2025-10-15,PANW,0.537,0.004117751213195353,2025-10-15,206.7,2026-01-15,187.73,time,92,100.0,90.8224,-9.1776,-0.091776,False,104.3772,4.3772,0.043772,-0.135547,False
time_3m,2025-10-15,MCD,0.566,0.003697736306313537,2025-10-15,299.7109,2026-01-15,304.8381,time,92,100.0,101.7107,1.7107,0.017107,False,104.3772,4.3772,0.043772,-0.026664,False
time_3m,2025-10-15,TAXI,0.863,0.0034427910684382557,2025-10-15,50.0788,2026-01-15,51.0896,time,92,100.0,102.0184,2.0184,0.020184,False,104.3772,4.3772,0.043772,-0.023588,False
time_3m,2025-10-15,NFLX,0.535,0.002749620721958168,2025-10-15,120.329,2026-01-15,88.05,time,92,100.0,73.1744,-26.8256,-0.268256,False,104.3772,4.3772,0.043772,-0.312028,False
time_3m,2025-10-15,QCOM,0.522,0.0026281224125908054,2025-10-15,160.5143,2026-01-15,159.7703,time,92,100.0,99.5365,-0.4635,-0.004635,False,104.3772,4.3772,0.043772,-0.048406,False
time_3m,2025-10-15,NDAQ,0.53,0.002238266349144924,2025-10-15,88.7516,2026-01-15,99.6558,time,92,100.0,112.2862,12.2862,0.122862,False,104.3772,4.3772,0.043772,0.079091,True
time_3m,2025-10-15,ARTFX,0.683,0.001968274562438088,2025-10-15,8.8297,2026-01-15,8.9798,time,92,100.0,101.7007,1.7007,0.017007,False,104.3772,4.3772,0.043772,-0.026764,False
time_3m,2025-10-15,ALLY,0.515,0.0016171899950139235,2025-10-15,38.8523,2026-01-15,43.0474,time,92,100.0,110.7976,10.7976,0.107976,False,104.3772,4.3772,0.043772,0.064204,True
time_3m,2025-10-15,FFRHX,0.624,0.0013426506546234673,2025-10-15,8.7488,2026-01-15,8.8767,time,92,100.0,101.4614,1.4614,0.014614,False,104.3772,4.3772,0.043772,-0.029158,False
time_3m,2025-10-15,PRI,0.505,0.0006300259955809295,2025-10-15,264.396,2026-01-15,265.4217,time,92,100.0,100.3879,0.3879,0.003879,False,104.3772,4.3772,0.043772,-0.039892,False
time_3m,2025-10-15,META,0.502,0.00040808863388885896,2025-10-15,716.3519,2026-01-15,620.2689,time,92,100.0,86.5872,-13.4128,-0.134128,False,104.3772,4.3772,0.043772,-0.1779,False
time_3m,2025-11-01,IREN,0.78,0.1397974723454134,2025-11-03,67.75,2026-02-03,54.39,time,92,100.0,80.2804,-19.7196,-0.197196,False,101.204,1.204,0.01204,-0.209236,False
time_3m,2025-11-01,RGTI,0.719,0.11766122432550219,2025-11-03,39.12,2026-02-03,18.21,time,92,100.0,46.5491,-53.4509,-0.534509,False,101.204,1.204,0.01204,-0.546549,False
time_3m,2025-11-01,STX,0.731,0.06257412777287108,2025-11-03,264.3939,2026-02-03,443.6761,time,92,100.0,167.8087,67.8087,0.678087,False,101.204,1.204,0.01204,0.666047,True
time_3m,2025-11-01,ASML,0.788,0.04626850619545708,2025-11-03,1063.0927,2026-02-03,1391.0031,time,92,100.0,130.845,30.845,0.30845,False,101.204,1.204,0.01204,0.296409,True
time_3m,2025-11-01,GOOGL,0.797,0.040357928383258024,2025-11-03,283.1659,2026-02-03,339.2684,time,92,100.0,119.8126,19.8126,0.198126,False,101.204,1.204,0.01204,0.186086,True
time_3m,2025-11-01,PANW,0.806,0.03340558497171364,2025-11-03,219.23,2026-02-03,166.24,time,92,100.0,75.829,-24.171,-0.24171,False,101.204,1.204,0.01204,-0.25375,False
time_3m,2025-11-01,CAH,0.635,0.022630401263354694,2025-11-03,189.2881,2026-02-03,217.4728,time,92,100.0,114.8898,14.8898,0.148898,False,101.204,1.204,0.01204,0.136858,True
time_3m,2025-11-01,AAPL,0.697,0.019917442446432787,2025-11-03,268.291,2026-02-03,268.9803,time,92,100.0,100.2569,0.2569,0.002569,False,101.204,1.204,0.01204,-0.009471,False
time_3m,2025-11-01,AMZN,0.582,0.010690847945075577,2025-11-03,254.0,2026-02-03,238.62,time,92,100.0,93.9449,-6.0551,-0.060551,False,101.204,1.204,0.01204,-0.072591,False
time_3m,2025-11-01,DT,0.596,0.010574735764151244,2025-11-03,50.48,2026-02-03,34.57,time,92,100.0,68.4826,-31.5174,-0.315174,False,101.204,1.204,0.01204,-0.327214,False
time_3m,2025-11-01,NTES,0.578,0.010359263230304894,2025-11-03,138.321,2026-02-03,126.3473,time,92,100.0,91.3435,-8.6565,-0.086565,False,101.204,1.204,0.01204,-0.098605,False
time_3m,2025-11-01,BHP,0.598,0.009136258231976058,2025-11-03,55.0656,2026-02-03,71.3352,time,92,100.0,129.5459,29.5459,0.295459,False,101.204,1.204,0.01204,0.283418,True
time_3m,2025-11-01,IT,0.563,0.009057717868606208,2025-11-03,245.92,2026-02-03,160.16,time,92,100.0,65.1269,-34.8731,-0.348731,False,101.204,1.204,0.01204,-0.360771,False
time_3m,2025-11-01,IVV,0.686,0.008663993936173453,2025-11-03,682.4503,2026-02-03,690.7312,time,92,100.0,101.2134,1.2134,0.012134,False,101.204,1.204,0.01204,9.4e-05,True
time_3m,2025-11-01,PLTR,0.546,0.007237454716573666,2025-11-03,207.18,2026-02-03,157.88,time,92,100.0,76.2043,-23.7957,-0.237957,False,101.204,1.204,0.01204,-0.249997,False
time_3m,2025-11-01,NVS,0.596,0.007045106145806557,2025-11-03,120.2015,2026-02-03,145.4335,time,92,100.0,120.9914,20.9914,0.209914,False,101.204,1.204,0.01204,0.197874,True
time_3m,2025-11-01,AMGN,0.56,0.00517310223722367,2025-11-03,289.9872,2026-02-03,333.7398,time,92,100.0,115.0877,15.0877,0.150877,False,101.204,1.204,0.01204,0.138837,True
time_3m,2025-11-01,SMR,0.509,0.0043885149721552,2025-11-03,40.83,2026-02-03,17.88,time,92,100.0,43.7913,-56.2087,-0.562087,False,101.204,1.204,0.01204,-0.574127,False
time_3m,2025-11-01,HUM,0.523,0.0039805795449141534,2025-11-03,277.5548,2026-02-03,192.0446,time,92,100.0,69.1916,-30.8084,-0.308084,False,101.204,1.204,0.01204,-0.320124,False
time_3m,2025-11-01,CVX,0.553,0.003563084820371376,2025-11-03,149.4936,2026-02-03,174.715,time,92,100.0,116.8712,16.8712,0.168712,False,101.204,1.204,0.01204,0.156672,True
time_3m,2025-11-01,WTRG,0.528,0.001954128108640152,2025-11-03,37.0615,2026-02-03,37.1999,time,92,100.0,100.3735,0.3735,0.003735,False,101.204,1.204,0.01204,-0.008305,False
time_3m,2025-11-15,CLS,0.678,0.05627955159882636,2025-11-17,309.37,2026-02-17,286.66,time,92,100.0,92.6593,-7.3407,-0.073407,False,102.884,2.884,0.02884,-0.102247,False
time_3m,2025-11-15,GOOGL,0.752,0.03530521894685412,2025-11-17,284.4634,2026-02-17,301.6273,time,92,100.0,106.0338,6.0338,0.060338,False,102.884,2.884,0.02884,0.031498,True
time_3m,2025-11-15,APP,0.599,0.024701965356474398,2025-11-17,539.27,2026-02-17,376.38,time,92,100.0,69.7944,-30.2056,-0.302056,False,102.884,2.884,0.02884,-0.330896,False
time_3m,2025-11-15,TSM,0.652,0.0239374212222474,2025-11-17,279.8052,2026-02-17,362.3282,time,92,100.0,129.493,29.493,0.29493,False,102.884,2.884,0.02884,0.26609,True
time_3m,2025-11-15,AAPL,0.708,0.02166581970239001,2025-11-17,266.964,2026-02-17,263.6371,time,92,100.0,98.7538,-1.2462,-0.012462,False,102.884,2.884,0.02884,-0.041302,False
time_3m,2025-11-15,HURN,0.643,0.020778770260122537,2025-11-17,160.53,2026-02-17,130.21,time,92,100.0,81.1126,-18.8874,-0.188874,False,102.884,2.884,0.02884,-0.217714,False
time_3m,2025-11-15,NVT,0.636,0.019920721490759075,2025-11-17,103.7412,2026-02-17,115.0505,time,92,100.0,110.9014,10.9014,0.109014,False,102.884,2.884,0.02884,0.080174,True
time_3m,2025-11-15,EQT,0.635,0.017112727069472422,2025-11-17,58.7086,2026-02-17,57.5877,time,92,100.0,98.0908,-1.9092,-0.019092,False,102.884,2.884,0.02884,-0.047932,False
time_3m,2025-11-15,HOOD,0.539,0.00927981941485534,2025-11-17,115.97,2026-02-17,75.44,time,92,100.0,65.0513,-34.9487,-0.349487,False,102.884,2.884,0.02884,-0.378327,False
time_3m,2025-11-15,PLTR,0.549,0.009246275571362483,2025-11-17,171.25,2026-02-17,133.02,time,92,100.0,77.6759,-22.3241,-0.223241,False,102.884,2.884,0.02884,-0.252081,False
time_3m,2025-11-15,FTGC,0.655,0.008290408531735016,2025-11-17,22.8577,2026-02-17,23.7609,time,92,100.0,103.9514,3.9514,0.039514,False,102.884,2.884,0.02884,0.010674,True
time_3m,2025-11-15,NVDA,0.553,0.00729763026351038,2025-11-17,186.3623,2026-02-17,184.7447,time,92,100.0,99.132,-0.868,-0.00868,False,102.884,2.884,0.02884,-0.03752,False
time_3m,2025-11-15,EIPI,0.613,0.004056996619204778,2025-11-17,19.2807,2026-02-17,21.4433,time,92,100.0,111.2166,11.2166,0.112166,False,102.884,2.884,0.02884,0.083326,True
time_3m,2025-11-15,FIVE,0.522,0.003267863317467423,2025-11-17,147.72,2026-02-17,212.48,time,92,100.0,143.8397,43.8397,0.438397,False,102.884,2.884,0.02884,0.409557,True
time_3m,2025-11-15,SHOP,0.51,0.001985678794187651,2025-11-17,139.93,2026-02-17,113.54,time,92,100.0,81.1406,-18.8594,-0.188594,False,102.884,2.884,0.02884,-0.217434,False
time_3m,2025-11-15,LCII,0.503,0.0004382065275045921,2025-11-17,101.831,2026-02-17,151.1173,time,92,100.0,148.4001,48.4001,0.484001,False,102.884,2.884,0.02884,0.455162,True
time_3m,2025-11-15,INTU,0.504,0.00032432260678261216,2025-11-17,642.806,2026-02-17,378.0019,time,92,100.0,58.805,-41.195,-0.41195,False,102.884,2.884,0.02884,-0.44079,False
time_3m,2025-12-01,BE,0.611,0.0585272446027576,2025-12-01,98.93,2026-03-02,166.0,time,91,100.0,167.7954,67.7954,0.677954,False,101.1963,1.1963,0.011963,0.665991,True
time_3m,2025-12-01,GOOGL,0.761,0.03561989869414828,2025-12-01,314.2751,2026-03-02,306.1215,time,91,100.0,97.4056,-2.5944,-0.025944,False,101.1963,1.1963,0.011963,-0.037907,False
time_3m,2025-12-01,CLS,0.588,0.0265020626649084,2025-12-01,318.37,2026-03-02,266.98,time,91,100.0,83.8584,-16.1416,-0.161416,False,101.1963,1.1963,0.011963,-0.173379,False
time_3m,2025-12-01,VALE,0.756,0.02345420463186243,2025-12-01,12.0522,2026-03-02,16.99,time,91,100.0,140.9706,40.9706,0.409706,False,101.1963,1.1963,0.011963,0.397743,True
time_3m,2025-12-01,UTHR,0.67,0.0232719000907311,2025-12-01,479.95,2026-03-02,513.82,time,91,100.0,107.057,7.057,0.07057,False,101.1963,1.1963,0.011963,0.058607,True
time_3m,2025-12-01,TMO,0.669,0.021795384397548023,2025-12-01,584.1329,2026-03-02,508.0777,time,91,100.0,86.9798,-13.0202,-0.130202,False,101.1963,1.1963,0.011963,-0.142165,False
time_3m,2025-12-01,AAPL,0.706,0.02107372554380138,2025-12-01,282.575,2026-03-02,264.4763,time,91,100.0,93.5951,-6.4049,-0.064049,False,101.1963,1.1963,0.011963,-0.076012,False
time_3m,2025-12-01,AZTA,0.578,0.017765656280792408,2025-12-01,34.86,2026-03-02,25.84,time,91,100.0,74.1251,-25.8749,-0.258749,False,101.1963,1.1963,0.011963,-0.270713,False
time_3m,2025-12-01,BABA,0.586,0.016567850209439516,2025-12-01,162.7652,2026-03-02,141.2626,time,91,100.0,86.7892,-13.2108,-0.132108,False,101.1963,1.1963,0.011963,-0.144071,False
time_3m,2025-12-01,CSCO,0.667,0.016163221168648878,2025-12-01,75.2276,2026-03-02,78.992,time,91,100.0,105.0039,5.0039,0.050039,False,101.1963,1.1963,0.011963,0.038076,True
time_3m,2025-12-01,BCS,0.642,0.015753242254312738,2025-12-01,22.4804,2026-03-02,23.71,time,91,100.0,105.4695,5.4695,0.054695,False,101.1963,1.1963,0.011963,0.042731,True
time_3m,2025-12-01,APP,0.553,0.012563167199420855,2025-12-01,623.59,2026-03-02,432.98,time,91,100.0,69.4334,-30.5666,-0.305666,False,101.1963,1.1963,0.011963,-0.317629,False
time_3m,2025-12-01,AXP,0.613,0.012428016302265865,2025-12-01,358.3784,2026-03-02,306.4612,time,91,100.0,85.5133,-14.4867,-0.144867,False,101.1963,1.1963,0.011963,-0.15683,False
time_3m,2025-12-01,AZN,0.604,0.012309997124248406,2025-12-01,179.1721,2026-03-02,203.73,time,91,100.0,113.7063,13.7063,0.137063,False,101.1963,1.1963,0.011963,0.1251,True
time_3m,2025-12-01,APG,0.608,0.012146470411791288,2025-12-01,38.98,2026-03-02,44.58,time,91,100.0,114.3663,14.3663,0.143663,False,101.1963,1.1963,0.011963,0.1317,True
time_3m,2025-12-01,AVGO,0.563,0.011784329856131759,2025-12-01,384.536,2026-03-02,318.1526,time,91,100.0,82.7367,-17.2633,-0.172633,False,101.1963,1.1963,0.011963,-0.184596,False
time_3m,2025-12-01,CCJ,0.547,0.011406938483085938,2025-12-01,87.53,2026-03-02,125.74,time,91,100.0,143.6536,43.6536,0.436536,False,101.1963,1.1963,0.011963,0.424573,True
time_3m,2025-12-01,GS,0.604,0.01063361906273852,2025-12-01,799.1141,2026-03-02,857.919,time,91,100.0,107.3588,7.3588,0.073588,False,101.1963,1.1963,0.011963,0.061624,True
time_3m,2025-12-01,AVAV,0.538,0.007557422017004489,2025-12-01,257.8,2026-03-02,208.32,time,91,100.0,80.8068,-19.1932,-0.191932,False,101.1963,1.1963,0.011963,-0.203895,False
time_3m,2025-12-01,DELL,0.542,0.007356997271979582,2025-12-01,131.109,2026-03-02,153.0764,time,91,100.0,116.7551,16.7551,0.167551,False,101.1963,1.1963,0.011963,0.155588,True
time_3m,2025-12-01,NVDA,0.551,0.007266196212135423,2025-12-01,179.6908,2026-03-02,182.2577,time,91,100.0,101.4285,1.4285,0.014285,False,101.1963,1.1963,0.011963,0.002322,True
time_3m,2025-12-01,RY,0.641,0.006847532378551069,2025-12-01,151.8499,2026-03-02,167.4729,time,91,100.0,110.2884,10.2884,0.102884,False,101.1963,1.1963,0.011963,0.090921,True
time_3m,2025-12-01,ALIZY,0.565,0.004259569486146919,2025-12-01,41.0057,2026-03-02,41.3214,time,91,100.0,100.77,0.77,0.0077,False,101.1963,1.1963,0.011963,-0.004264,False
time_3m,2025-12-01,UNM,0.54,0.0032053032342449495,2025-12-01,74.3044,2026-03-02,71.6834,time,91,100.0,96.4727,-3.5273,-0.035273,False,101.1963,1.1963,0.011963,-0.047237,False
time_3m,2025-12-01,FTNT,0.522,0.0020973130373636018,2025-12-01,81.82,2026-03-02,79.18,time,91,100.0,96.7734,-3.2266,-0.032266,False,101.1963,1.1963,0.011963,-0.044229,False
time_3m,2025-12-01,UNH,0.512,0.0016000716658375325,2025-12-01,318.5747,2026-03-02,292.6548,time,91,100.0,91.8638,-8.1362,-0.081362,False,101.1963,1.1963,0.011963,-0.093325,False
time_3m,2025-12-15,COHR,0.65,0.04872310673953528,2025-12-15,178.45,2026-03-16,247.37,time,91,100.0,138.6215,38.6215,0.386215,False,98.5717,-1.4283,-0.014283,0.400498,True
time_3m,2025-12-15,ISRG,0.667,0.02704103960034132,2025-12-15,559.52,2026-03-16,483.46,time,91,100.0,86.4062,-13.5938,-0.135938,False,98.5717,-1.4283,-0.014283,-0.121655,False
time_3m,2025-12-15,JNJ,0.849,0.0257925018263514,2025-12-15,211.8193,2026-03-16,241.7994,time,91,100.0,114.1536,14.1536,0.141536,False,98.5717,-1.4283,-0.014283,0.15582,True
time_3m,2025-12-15,IDEXY,0.671,0.02314438485659931,2025-12-15,15.7861,2026-03-16,14.5673,time,91,100.0,92.279,-7.721,-0.07721,False,98.5717,-1.4283,-0.014283,-0.062927,False
time_3m,2025-12-15,TMO,0.686,0.023104214491500796,2025-12-15,575.3412,2026-03-16,470.0,time,91,100.0,81.6907,-18.3093,-0.183093,False,98.5717,-1.4283,-0.014283,-0.16881,False
time_3m,2025-12-15,KDP,0.629,0.015194011358456772,2025-12-15,28.7362,2026-03-16,27.3088,time,91,100.0,95.0328,-4.9672,-0.049672,False,98.5717,-1.4283,-0.014283,-0.035388,False
time_3m,2025-12-15,HAYW,0.565,0.008380840037055526,2025-12-15,15.97,2026-03-16,14.21,time,91,100.0,88.9793,-11.0207,-0.110207,False,98.5717,-1.4283,-0.014283,-0.095923,False
time_3m,2025-12-15,TM,0.579,0.008112709600623269,2025-12-15,214.81,2026-03-16,213.23,time,91,100.0,99.2645,-0.7355,-0.007355,False,98.5717,-1.4283,-0.014283,0.006928,True
time_3m,2025-12-15,COF,0.567,0.0076505511710902585,2025-12-15,237.8748,2026-03-16,179.9974,time,91,100.0,75.6689,-24.3311,-0.243311,False,98.5717,-1.4283,-0.014283,-0.229027,False
time_3m,2025-12-15,CVCO,0.53,0.005818001802332828,2025-12-15,598.17,2026-03-16,511.29,time,91,100.0,85.4757,-14.5243,-0.145243,False,98.5717,-1.4283,-0.014283,-0.13096,False
time_3m,2025-12-15,BCE,0.562,0.0044992398452330384,2025-12-15,23.3155,2026-03-16,25.9,time,91,100.0,111.0851,11.0851,0.110851,False,98.5717,-1.4283,-0.014283,0.125134,True
time_3m,2025-12-15,IFF,0.545,0.004420901058443061,2025-12-15,63.4031,2026-03-16,69.6785,time,91,100.0,109.8975,9.8975,0.098975,False,98.5717,-1.4283,-0.014283,0.113259,True
time_3m,2025-12-15,MET,0.54,0.003290334085508162,2025-12-15,81.3985,2026-03-16,68.6341,time,91,100.0,84.3186,-15.6814,-0.156814,False,98.5717,-1.4283,-0.014283,-0.142531,False
time_3m,2025-12-15,BMO,0.541,0.0024284140937009813,2025-12-15,131.0053,2026-03-16,138.6532,time,91,100.0,105.8378,5.8378,0.058378,False,98.5717,-1.4283,-0.014283,0.072661,True
time_3m,2025-12-15,APO,0.515,0.00218718150967101,2025-12-15,145.6186,2026-03-16,103.0156,time,91,100.0,70.7434,-29.2566,-0.292566,False,98.5717,-1.4283,-0.014283,-0.278283,False
time_3m,2025-12-15,AXAHY,0.53,0.0019219659426228386,2025-12-15,45.237,2026-03-16,41.9417,time,91,100.0,92.7155,-7.2845,-0.072845,False,98.5717,-1.4283,-0.014283,-0.058562,False
time_3m,2025-12-15,CRM,0.513,0.0018825669232021003,2025-12-15,252.883,2026-03-16,197.3359,time,91,100.0,78.0345,-21.9655,-0.219655,False,98.5717,-1.4283,-0.014283,-0.205372,False
time_3m,2025-12-15,D,0.526,0.0015603968386634914,2025-12-15,58.622,2026-03-16,62.7913,time,91,100.0,107.1121,7.1121,0.071121,False,98.5717,-1.4283,-0.014283,0.085404,True
time_3m,2025-12-15,VTEB,0.662,0.0012976467163468008,2025-12-15,49.3864,2026-03-16,49.9575,time,91,100.0,101.1565,1.1565,0.011565,False,98.5717,-1.4283,-0.014283,0.025848,True
time_3m,2025-12-15,CL,0.513,0.0010452028353857834,2025-12-15,78.459,2026-03-16,89.7423,time,91,100.0,114.3812,14.3812,0.143812,False,98.5717,-1.4283,-0.014283,0.158095,True
time_3m,2025-12-15,UNH,0.505,0.0006469968858975328,2025-12-15,338.4687,2026-03-16,285.49,time,91,100.0,84.3475,-15.6525,-0.156525,False,98.5717,-1.4283,-0.014283,-0.142241,False
time_3m,2026-01-01,GOOGL,0.708,0.028974689822372612,2026-01-02,314.7403,2026-04-02,295.5934,time,90,100.0,93.9166,-6.0834,-0.060834,False,96.2602,-3.7398,-0.037398,-0.023436,False
time_3m,2026-01-01,WFC,0.655,0.01720484420415236,2026-01-02,94.1959,2026-04-02,80.1418,time,90,100.0,85.08,-14.92,-0.1492,False,96.2602,-3.7398,-0.037398,-0.111803,False
time_3m,2026-01-01,PUK,0.655,0.01299341603508597,2026-01-02,31.2264,2026-04-02,29.04,time,90,100.0,92.9981,-7.0019,-0.070019,False,96.2602,-3.7398,-0.037398,-0.032622,False
time_3m,2026-01-01,NVDA,0.501,0.00026891810838791663,2026-01-02,188.6199,2026-04-02,177.1835,time,90,100.0,93.9368,-6.0632,-0.060632,False,96.2602,-3.7398,-0.037398,-0.023235,False
time_3m,2026-01-01,VZ,0.502,0.00024508398959999234,2026-01-02,39.2388,2026-04-02,48.668,time,90,100.0,124.0303,24.0303,0.240303,False,96.2602,-3.7398,-0.037398,0.277701,True
time_3m,2026-01-15,AA,0.74,0.06375577153647383,2026-01-15,63.6039,2026-04-15,70.2675,time,90,100.0,110.4768,10.4768,0.104768,False,101.3885,1.3885,0.013885,0.090883,True
time_3m,2026-01-15,DLTR,0.763,0.042553304039172346,2026-01-15,141.21,2026-04-15,101.33,time,90,100.0,71.7584,-28.2416,-0.282416,False,101.3885,1.3885,0.013885,-0.296301,False
time_3m,2026-01-15,GOOGL,0.763,0.0342303112398914,2026-01-15,332.3474,2026-04-15,336.9188,time,90,100.0,101.3755,1.3755,0.013755,False,101.3885,1.3885,0.013885,-0.00013,False
time_3m,2026-01-15,CNC,0.643,0.030825705095671507,2026-01-15,47.27,2026-04-15,37.6,time,90,100.0,79.543,-20.457,-0.20457,False,101.3885,1.3885,0.013885,-0.218454,False
time_3m,2026-01-15,GS,0.748,0.03079086959876176,2026-01-15,966.4916,2026-04-15,895.5432,time,90,100.0,92.6592,-7.3408,-0.073408,False,101.3885,1.3885,0.013885,-0.087293,False
time_3m,2026-01-15,BMY,0.722,0.030129828379739543,2026-01-15,56.0421,2026-04-15,57.89,time,90,100.0,103.2973,3.2973,0.032973,False,101.3885,1.3885,0.013885,0.019088,True
time_3m,2026-01-15,DY,0.667,0.027113827655952827,2026-01-15,365.65,2026-04-15,395.0,time,90,100.0,108.0268,8.0268,0.080268,False,101.3885,1.3885,0.013885,0.066383,True
time_3m,2026-01-15,C,0.698,0.022122469354102225,2026-01-15,116.3008,2026-04-15,131.07,time,90,100.0,112.6992,12.6992,0.126992,False,101.3885,1.3885,0.013885,0.113107,True
time_3m,2026-01-15,DOV,0.686,0.021146833831949374,2026-01-15,204.8861,2026-04-15,214.9328,time,90,100.0,104.9035,4.9035,0.049035,False,101.3885,1.3885,0.013885,0.035151,True
time_3m,2026-01-15,PUK,0.739,0.01995139177227845,2026-01-15,31.4633,2026-04-15,30.84,time,90,100.0,98.0189,-1.9811,-0.019811,False,101.3885,1.3885,0.013885,-0.033695,False
time_3m,2026-01-15,TSM,0.64,0.017887244268596447,2026-01-15,339.8841,2026-04-15,374.2236,time,90,100.0,110.1033,10.1033,0.101033,False,101.3885,1.3885,0.013885,0.087148,True
time_3m,2026-01-15,PRU,0.736,0.01777338322649835,2026-01-15,113.3272,2026-04-15,98.0832,time,90,100.0,86.5486,-13.4514,-0.134514,False,101.3885,1.3885,0.013885,-0.148398,False
time_3m,2026-01-15,DRI,0.652,0.016883595240862803,2026-01-15,212.6926,2026-04-15,199.68,time,90,100.0,93.882,-6.118,-0.06118,False,101.3885,1.3885,0.013885,-0.075065,False
time_3m,2026-01-15,ACN,0.641,0.01649994310430447,2026-01-15,285.3501,2026-04-15,194.0,time,90,100.0,67.9867,-32.0133,-0.320133,False,101.3885,1.3885,0.013885,-0.334018,False
time_3m,2026-01-15,DVN,0.607,0.01525786063257284,2026-01-15,36.1313,2026-04-15,45.23,time,90,100.0,125.1824,25.1824,0.251824,False,101.3885,1.3885,0.013885,0.237939,True
time_3m,2026-01-15,BA,0.604,0.015204637769681728,2026-01-15,247.74,2026-04-15,223.93,time,90,100.0,90.3891,-9.6109,-0.096109,False,101.3885,1.3885,0.013885,-0.109994,False
time_3m,2026-01-15,DE,0.622,0.013910627533078035,2026-01-15,513.538,2026-04-15,576.64,time,90,100.0,112.2877,12.2877,0.122877,False,101.3885,1.3885,0.013885,0.108992,True
time_3m,2026-01-15,CVX,0.608,0.01061473002867519,2026-01-15,163.0569,2026-04-15,183.2318,time,90,100.0,112.3729,12.3729,0.123729,False,101.3885,1.3885,0.013885,0.109844,True
time_3m,2026-01-15,GLOB,0.565,0.010529960645238035,2026-01-15,67.48,2026-04-15,48.74,time,90,100.0,72.2288,-27.7712,-0.277712,False,101.3885,1.3885,0.013885,-0.291597,False
time_3m,2026-01-15,DHR,0.629,0.010237461665582037,2026-01-15,239.3797,2026-04-15,198.14,time,90,100.0,82.7723,-17.2277,-0.172277,False,101.3885,1.3885,0.013885,-0.186162,False
time_3m,2026-01-15,XLV,0.67,0.010071041931917657,2026-01-15,156.3174,2026-04-15,147.77,time,90,100.0,94.532,-5.468,-0.05468,False,101.3885,1.3885,0.013885,-0.068564,False
time_3m,2026-01-15,CSCO,0.595,0.008131598839709264,2026-01-15,74.8444,2026-04-15,82.36,time,90,100.0,110.0416,10.0416,0.100416,False,101.3885,1.3885,0.013885,0.086531,True
time_3m,2026-01-15,XLP,0.607,0.005705955768826154,2026-01-15,81.909,2026-04-15,81.06,time,90,100.0,98.9635,-1.0365,-0.010365,False,101.3885,1.3885,0.013885,-0.024249,False
time_3m,2026-01-15,JPM,0.558,0.005349863138754518,2026-01-15,307.6854,2026-04-15,305.93,time,90,100.0,99.4295,-0.5705,-0.005705,False,101.3885,1.3885,0.013885,-0.01959,False
time_3m,2026-01-15,CF,0.547,0.005186351560295899,2026-01-15,85.7899,2026-04-15,120.3188,time,90,100.0,140.2482,40.2482,0.402482,False,101.3885,1.3885,0.013885,0.388597,True
time_3m,2026-01-15,MMM,0.553,0.0038065619159644015,2026-01-15,169.4593,2026-04-15,150.4619,time,90,100.0,88.7894,-11.2106,-0.112106,False,101.3885,1.3885,0.013885,-0.125991,False
time_3m,2026-01-15,WM,0.545,0.0033152346543994238,2026-01-15,218.0443,2026-04-15,223.9594,time,90,100.0,102.7128,2.7128,0.027128,False,101.3885,1.3885,0.013885,0.013243,True
time_3m,2026-02-01,XOM,0.768,0.026895450873499982,2026-02-02,136.5567,2026-05-04,152.6539,time,91,100.0,111.7879,11.7879,0.117879,False,103.5319,3.5319,0.035319,0.08256,True
time_3m,2026-02-01,GOOGL,0.698,0.023655762915464784,2026-02-02,343.2432,2026-05-04,383.0212,time,91,100.0,111.5889,11.5889,0.115889,False,103.5319,3.5319,0.035319,0.08057,True
time_3m,2026-02-01,SWK,0.641,0.020869873371719416,2026-02-02,77.4534,2026-05-04,74.0782,time,91,100.0,95.6423,-4.3577,-0.043577,False,103.5319,3.5319,0.035319,-0.078895,False
time_3m,2026-02-01,WMT,0.695,0.018627466313953178,2026-02-02,123.5701,2026-05-04,130.0818,time,91,100.0,105.2696,5.2696,0.052696,False,103.5319,3.5319,0.035319,0.017378,True
time_3m,2026-02-01,HON,0.697,0.01840010449909313,2026-02-02,225.1982,2026-05-04,208.4444,time,91,100.0,92.5604,-7.4396,-0.074396,False,103.5319,3.5319,0.035319,-0.109714,False
time_3m,2026-02-01,UPS,0.67,0.01770643565188945,2026-02-02,106.9505,2026-05-04,94.7134,time,91,100.0,88.5582,-11.4418,-0.114418,False,103.5319,3.5319,0.035319,-0.149737,False
time_3m,2026-02-01,LLY,0.633,0.01607878281450903,2026-02-02,1040.599,2026-05-04,966.2667,time,91,100.0,92.8568,-7.1432,-0.071432,False,103.5319,3.5319,0.035319,-0.106751,False
time_3m,2026-02-01,FMAO,0.599,0.013710352159686856,2026-02-02,27.4446,2026-05-04,26.45,time,91,100.0,96.3761,-3.6239,-0.036239,False,103.5319,3.5319,0.035319,-0.071558,False
time_3m,2026-02-01,T,0.611,0.009840774341263403,2026-02-02,26.0276,2026-05-04,26.1,time,91,100.0,100.2782,0.2782,0.002782,False,103.5319,3.5319,0.035319,-0.032537,False
time_3m,2026-02-01,AB,0.591,0.009621310156236351,2026-02-02,40.0429,2026-05-04,38.5981,time,91,100.0,96.3919,-3.6081,-0.036081,False,103.5319,3.5319,0.035319,-0.0714,False
time_3m,2026-02-01,EOG,0.591,0.008690715112313008,2026-02-02,107.5748,2026-05-04,141.61,time,91,100.0,131.6387,31.6387,0.316387,False,103.5319,3.5319,0.035319,0.281068,True
time_3m,2026-02-01,WPC,0.622,0.008621028664059338,2026-02-02,67.4337,2026-05-04,72.43,time,91,100.0,107.4092,7.4092,0.074092,False,103.5319,3.5319,0.035319,0.038773,True
time_3m,2026-02-01,PG,0.563,0.004660474033558737,2026-02-02,152.0451,2026-05-04,143.42,time,91,100.0,94.3273,-5.6727,-0.056727,False,103.5319,3.5319,0.035319,-0.092046,False
time_3m,2026-02-01,IBM,0.529,0.0028134367203185295,2026-02-02,310.6593,2026-05-04,227.8034,time,91,100.0,73.329,-26.671,-0.26671,False,103.5319,3.5319,0.035319,-0.302029,False
time_3m,2026-02-01,PEG,0.531,0.0019245449253115776,2026-02-02,78.9831,2026-05-04,79.7566,time,91,100.0,100.9794,0.9794,0.009794,False,103.5319,3.5319,0.035319,-0.025525,False
time_3m,2026-02-15,MCHP,0.737,0.052470292748030056,2026-02-17,78.086,2026-05-18,92.2968,time,90,100.0,118.1988,18.1988,0.181988,False,108.4671,8.4671,0.084671,0.097318,True
time_3m,2026-02-15,AMKR,0.652,0.04844861404706413,2026-02-17,46.6979,2026-05-18,65.9658,time,90,100.0,141.2608,41.2608,0.412608,False,108.4671,8.4671,0.084671,0.327937,True
time_3m,2026-02-15,BNPQY,0.835,0.03805293164442869,2026-02-17,53.5223,2026-05-18,51.75,time,90,100.0,96.6886,-3.3114,-0.033114,False,108.4671,8.4671,0.084671,-0.117784,False
time_3m,2026-02-15,MPWR,0.703,0.037079454311589766,2026-02-17,1170.8392,2026-05-18,1486.33,time,90,100.0,126.9457,26.9457,0.269457,False,108.4671,8.4671,0.084671,0.184786,True
time_3m,2026-02-15,LRN,0.702,0.03242458632865586,2026-02-17,83.78,2026-05-18,89.82,time,90,100.0,107.2094,7.2094,0.072094,False,108.4671,8.4671,0.084671,-0.012577,False
time_3m,2026-02-15,IFF,0.719,0.028192771647188808,2026-02-17,82.2542,2026-05-18,73.7,time,90,100.0,89.6003,-10.3997,-0.103997,False,108.4671,8.4671,0.084671,-0.188668,False
time_3m,2026-02-15,JNJ,0.815,0.024574184813608735,2026-02-17,240.6592,2026-05-18,227.611,time,90,100.0,94.5781,-5.4219,-0.054219,False,108.4671,8.4671,0.084671,-0.138889,False
time_3m,2026-02-15,VSEC,0.611,0.024190731819262012,2026-02-17,213.244,2026-05-18,167.93,time,90,100.0,78.7501,-21.2499,-0.212499,False,108.4671,8.4671,0.084671,-0.297169,False
time_3m,2026-02-15,AME,0.777,0.023237630674112886,2026-02-17,232.9601,2026-05-18,225.66,time,90,100.0,96.8664,-3.1336,-0.031336,False,108.4671,8.4671,0.084671,-0.116007,False
time_3m,2026-02-15,APG,0.686,0.0218446109536079,2026-02-17,44.43,2026-05-18,42.23,time,90,100.0,95.0484,-4.9516,-0.049516,False,108.4671,8.4671,0.084671,-0.134187,False
time_3m,2026-02-15,GPC,0.683,0.019389738644943533,2026-02-17,123.2558,2026-05-18,92.1658,time,90,100.0,74.7761,-25.2239,-0.252239,False,108.4671,8.4671,0.084671,-0.33691,False
time_3m,2026-02-15,GGFPX,0.813,0.018751127554431868,2026-02-17,19.98,2026-05-18,19.75,time,90,100.0,98.8489,-1.1511,-0.011511,False,108.4671,8.4671,0.084671,-0.096182,False
time_3m,2026-02-15,BDX,0.667,0.01873817770683739,2026-02-17,175.0205,2026-05-18,141.3535,time,90,100.0,80.764,-19.236,-0.19236,False,108.4671,8.4671,0.084671,-0.277031,False
time_3m,2026-02-15,FCFS,0.667,0.018692253249575685,2026-02-17,183.1413,2026-05-18,224.96,time,90,100.0,122.8341,22.8341,0.228341,False,108.4671,8.4671,0.084671,0.143671,True
time_3m,2026-02-15,CRS,0.602,0.018353571852208317,2026-02-17,374.705,2026-05-18,404.26,time,90,100.0,107.8875,7.8875,0.078875,False,108.4671,8.4671,0.084671,-0.005795,False
time_3m,2026-02-15,ETN,0.619,0.016440333053757916,2026-02-17,389.1975,2026-05-18,381.87,time,90,100.0,98.1173,-1.8827,-0.018827,False,108.4671,8.4671,0.084671,-0.103498,False
time_3m,2026-02-15,COST,0.671,0.015739388199377036,2026-02-17,1010.5836,2026-05-18,1076.47,time,90,100.0,106.5196,6.5196,0.065196,False,108.4671,8.4671,0.084671,-0.019474,False
time_3m,2026-02-15,C,0.611,0.014678054409518415,2026-02-17,113.2443,2026-05-18,122.41,time,90,100.0,108.0937,8.0937,0.080937,False,108.4671,8.4671,0.084671,-0.003733,False
time_3m,2026-02-15,BNS,0.678,0.013358119928098988,2026-02-17,76.22,2026-05-18,77.26,time,90,100.0,101.3645,1.3645,0.013645,False,108.4671,8.4671,0.084671,-0.071026,False
time_3m,2026-02-15,PG,0.638,0.011176325815261512,2026-02-17,158.3576,2026-05-18,142.39,time,90,100.0,89.9168,-10.0832,-0.100832,False,108.4671,8.4671,0.084671,-0.185503,False
time_3m,2026-02-15,CME,0.635,0.010471524828660428,2026-02-17,294.6227,2026-05-18,303.5461,time,90,100.0,103.0288,3.0288,0.030288,False,108.4671,8.4671,0.084671,-0.054383,False
time_3m,2026-02-15,AMGN,0.578,0.009848330455648702,2026-02-17,370.5617,2026-05-18,324.39,time,90,100.0,87.5401,-12.4599,-0.124599,False,108.4671,8.4671,0.084671,-0.20927,False
time_3m,2026-02-15,MCK,0.563,0.009183041733393793,2026-02-17,944.6395,2026-05-18,775.1129,time,90,100.0,82.0538,-17.9462,-0.179462,False,108.4671,8.4671,0.084671,-0.264132,False
time_3m,2026-02-15,BAX,0.547,0.00873343085135092,2026-02-17,20.719,2026-05-18,17.7808,time,90,100.0,85.8184,-14.1816,-0.141816,False,108.4671,8.4671,0.084671,-0.226486,False
time_3m,2026-02-15,GOOGL,0.583,0.008711767214752975,2026-02-17,301.6273,2026-05-18,396.7031,time,90,100.0,131.5209,31.5209,0.315209,False,108.4671,8.4671,0.084671,0.230539,True
time_3m,2026-02-15,MS,0.577,0.00871018890922226,2026-02-17,170.6231,2026-05-18,192.69,time,90,100.0,112.9332,12.9332,0.129332,False,108.4671,8.4671,0.084671,0.044661,True
time_3m,2026-02-15,AMP,0.573,0.008187406871713598,2026-02-17,467.0742,2026-05-18,471.18,time,90,100.0,100.879,0.879,0.00879,False,108.4671,8.4671,0.084671,-0.07588,False
time_3m,2026-02-15,AEE,0.615,0.007759143917778433,2026-02-17,109.0257,2026-05-18,106.6284,time,90,100.0,97.8012,-2.1988,-0.021988,False,108.4671,8.4671,0.084671,-0.106659,False
time_3m,2026-02-15,META,0.558,0.007731692495405396,2026-02-17,638.7431,2026-05-18,611.21,time,90,100.0,95.6895,-4.3105,-0.043105,False,108.4671,8.4671,0.084671,-0.127776,False
time_3m,2026-02-15,AEP,0.604,0.0071701004190225515,2026-02-17,129.301,2026-05-18,127.68,time,90,100.0,98.7464,-1.2536,-0.012536,False,108.4671,8.4671,0.084671,-0.097207,False
time_3m,2026-02-15,RSG,0.591,0.005573465868895955,2026-02-17,220.5635,2026-05-18,214.52,time,90,100.0,97.26,-2.74,-0.0274,False,108.4671,8.4671,0.084671,-0.112071,False
time_3m,2026-02-15,OTIS,0.551,0.0035653407260500813,2026-02-17,91.8833,2026-05-18,71.13,time,90,100.0,77.4134,-22.5866,-0.225866,False,108.4671,8.4671,0.084671,-0.310536,False
time_3m,2026-02-15,GIS,0.537,0.0032830943301909166,2026-02-17,44.2137,2026-05-18,33.45,time,90,100.0,75.6552,-24.3448,-0.243448,False,108.4671,8.4671,0.084671,-0.328118,False
time_3m,2026-02-15,XEL,0.53,0.0019512271273744997,2026-02-17,80.1575,2026-05-18,78.1,time,90,100.0,97.4332,-2.5668,-0.025668,False,108.4671,8.4671,0.084671,-0.110339,False
time_3m,2026-02-15,JPM,0.519,0.0017192259503580054,2026-02-17,305.5662,2026-05-18,300.73,time,90,100.0,98.4173,-1.5827,-0.015827,False,108.4671,8.4671,0.084671,-0.100498,False
time_3m,2026-02-15,FCN,0.505,0.0007631821381117732,2026-02-17,160.23,2026-05-18,153.72,time,90,100.0,95.9371,-4.0629,-0.040629,False,108.4671,8.4671,0.084671,-0.1253,False
time_3m,2026-02-15,NVDA,0.504,0.0005425555635849566,2026-02-17,184.7447,2026-05-18,222.0612,time,90,100.0,120.199,20.199,0.20199,False,108.4671,8.4671,0.084671,0.117319,True
time_3m,2026-03-01,MU,0.703,0.06241040698476197,2026-03-02,412.4967,2026-06-02,1064.1,time,92,100.0,257.9657,157.9657,1.579657,False,110.9654,10.9654,0.109654,1.470003,True
time_3m,2026-03-01,AEIS,0.751,0.05507254865808253,2026-03-02,340.3149,2026-06-02,312.28,time,92,100.0,91.7621,-8.2379,-0.082379,False,110.9654,10.9654,0.109654,-0.192033,False
time_3m,2026-03-01,WPM,0.703,0.048680095954026115,2026-03-02,165.2111,2026-06-02,130.31,time,92,100.0,78.8748,-21.1252,-0.211252,False,110.9654,10.9654,0.109654,-0.320906,False
time_3m,2026-03-01,LRCX,0.682,0.04527807643948378,2026-03-02,230.7236,2026-06-02,334.41,time,92,100.0,144.9397,44.9397,0.449397,False,110.9654,10.9654,0.109654,0.339743,True
time_3m,2026-03-01,GEV,0.676,0.04305250605534461,2026-03-02,880.6475,2026-06-02,969.67,time,92,100.0,110.1088,10.1088,0.101088,False,110.9654,10.9654,0.109654,-0.008567,False
time_3m,2026-03-01,FNV,0.691,0.037704063897752604,2026-03-02,276.8742,2026-06-02,235.422,time,92,100.0,85.0285,-14.9715,-0.149715,False,110.9654,10.9654,0.109654,-0.259369,False
time_3m,2026-03-01,BE,0.585,0.035762215783097684,2026-03-02,166.0,2026-06-02,302.85,time,92,100.0,182.4398,82.4398,0.824398,False,110.9654,10.9654,0.109654,0.714744,True
time_3m,2026-03-01,ASML,0.67,0.0315938067387147,2026-03-02,1420.4375,2026-06-02,1705.37,time,92,100.0,120.0595,20.0595,0.200595,False,110.9654,10.9654,0.109654,0.090941,True
time_3m,2026-03-01,VSAT,0.599,0.03127816324714905,2026-03-02,47.24,2026-06-02,72.61,time,92,100.0,153.7045,53.7045,0.537045,False,110.9654,10.9654,0.109654,0.427391,True
time_3m,2026-03-01,CF,0.701,0.028192262094403064,2026-03-02,103.8759,2026-06-02,113.48,time,92,100.0,109.2457,9.2457,0.092457,False,110.9654,10.9654,0.109654,-0.017197,False
time_3m,2026-03-01,CMCSA,0.717,0.025526532275422342,2026-03-02,30.4657,2026-06-02,24.85,time,92,100.0,81.567,-18.433,-0.18433,False,110.9654,10.9654,0.109654,-0.293984,False
time_3m,2026-03-01,CP,0.705,0.02370031410425777,2026-03-02,89.2035,2026-06-02,90.15,time,92,100.0,101.0611,1.0611,0.010611,False,110.9654,10.9654,0.109654,-0.099043,False
time_3m,2026-03-01,AME,0.775,0.023495206249842804,2026-03-02,241.0773,2026-06-02,227.73,time,92,100.0,94.4635,-5.5365,-0.055365,False,110.9654,10.9654,0.109654,-0.165019,False
time_3m,2026-03-01,GILD,0.67,0.022665149427693043,2026-03-02,149.1828,2026-06-02,127.57,time,92,100.0,85.5125,-14.4875,-0.144875,False,110.9654,10.9654,0.109654,-0.254529,False
time_3m,2026-03-01,GE,0.641,0.01992938990808968,2026-03-02,345.2371,2026-06-02,317.72,time,92,100.0,92.0295,-7.9705,-0.079705,False,110.9654,10.9654,0.109654,-0.189359,False
time_3m,2026-03-01,CB,0.705,0.01766139938000566,2026-03-02,340.6882,2026-06-02,311.2987,time,92,100.0,91.3735,-8.6265,-0.086265,False,110.9654,10.9654,0.109654,-0.195919,False
time_3m,2026-03-01,CME,0.697,0.017558981038457766,2026-03-02,317.1933,2026-06-02,249.2377,time,92,100.0,78.576,-21.424,-0.21424,False,110.9654,10.9654,0.109654,-0.323894,False
time_3m,2026-03-01,PG,0.701,0.017341542895583206,2026-03-02,162.288,2026-06-02,140.82,time,92,100.0,86.7717,-13.2283,-0.132283,False,110.9654,10.9654,0.109654,-0.241937,False
time_3m,2026-03-01,WMT,0.646,0.015735160121782554,2026-03-02,126.5981,2026-06-02,113.06,time,92,100.0,89.3062,-10.6938,-0.106938,False,110.9654,10.9654,0.109654,-0.216592,False
time_3m,2026-03-01,SAN,0.603,0.013559717874000787,2026-03-02,11.8143,2026-06-02,12.41,time,92,100.0,105.0418,5.0418,0.050418,False,110.9654,10.9654,0.109654,-0.059236,False
time_3m,2026-03-01,COST,0.623,0.011247405916743336,2026-03-02,1001.3171,2026-06-02,954.27,time,92,100.0,95.3015,-4.6985,-0.046985,False,110.9654,10.9654,0.109654,-0.156639,False
time_3m,2026-03-01,RY,0.639,0.009693996475719224,2026-03-02,167.4729,2026-06-02,191.13,time,92,100.0,114.126,14.126,0.14126,False,110.9654,10.9654,0.109654,0.031606,True
time_3m,2026-03-01,C,0.558,0.007882317303774089,2026-03-02,110.9253,2026-06-02,131.26,time,92,100.0,118.3319,18.3319,0.183319,False,110.9654,10.9654,0.109654,0.073665,True
time_3m,2026-03-01,BIIB,0.553,0.006980523639081637,2026-03-02,188.05,2026-06-02,188.83,time,92,100.0,100.4148,0.4148,0.004148,False,110.9654,10.9654,0.109654,-0.105506,False
time_3m,2026-03-01,ICE,0.561,0.00671454228883861,2026-03-02,164.2494,2026-06-02,142.38,time,92,100.0,86.6852,-13.3148,-0.133148,False,110.9654,10.9654,0.109654,-0.242802,False
time_3m,2026-03-01,SCHW,0.542,0.0042522121804315915,2026-03-02,95.1486,2026-06-02,87.61,time,92,100.0,92.077,-7.923,-0.07923,False,110.9654,10.9654,0.109654,-0.188884,False
time_3m,2026-03-01,CSCO,0.531,0.0040819033567636165,2026-03-02,78.992,2026-06-02,128.0,time,92,100.0,162.0418,62.0418,0.620418,False,110.9654,10.9654,0.109654,0.510764,True
time_3m,2026-03-01,ANET,0.522,0.004068109760342109,2026-03-02,129.3,2026-06-02,175.33,time,92,100.0,135.5994,35.5994,0.355994,False,110.9654,10.9654,0.109654,0.24634,True
time_3m,2026-03-01,CATY,0.535,0.0034471149559875958,2026-03-02,49.8678,2026-06-02,57.7,time,92,100.0,115.706,15.706,0.15706,False,110.9654,10.9654,0.109654,0.047406,True
time_3m,2026-03-15,XOM,0.803,0.03804589572661854,2026-03-16,156.17,2026-06-12,147.01,open,88,100.0,94.1346,-5.8654,-0.058654,True,111.1722,11.1722,0.111722,-0.170377,False
time_3m,2026-03-15,CVX,0.818,0.03668982511207175,2026-03-16,195.0535,2026-06-12,187.22,open,88,100.0,95.9839,-4.0161,-0.040161,True,111.1722,11.1722,0.111722,-0.151883,False
time_3m,2026-03-15,EOG,0.763,0.03383622155626265,2026-03-16,133.4737,2026-06-12,136.65,open,88,100.0,102.3797,2.3797,0.023797,True,111.1722,11.1722,0.111722,-0.087925,False
time_3m,2026-03-15,LRN,0.686,0.02936477084138156,2026-03-16,82.97,2026-06-12,97.71,open,88,100.0,117.7655,17.7655,0.177655,True,111.1722,11.1722,0.111722,0.065932,True
time_3m,2026-03-15,LRCX,0.611,0.028668042649483194,2026-03-16,219.4,2026-06-12,366.81,open,88,100.0,167.1878,67.1878,0.671878,True,111.1722,11.1722,0.111722,0.560155,True
time_3m,2026-03-15,CLH,0.722,0.022345375861720473,2026-03-16,289.37,2026-06-12,287.78,open,88,100.0,99.4505,-0.5495,-0.005495,True,111.1722,11.1722,0.111722,-0.117217,False
time_3m,2026-03-15,TSM,0.62,0.01911648936619903,2026-03-16,338.4814,2026-06-12,423.93,open,88,100.0,125.2447,25.2447,0.252447,True,111.1722,11.1722,0.111722,0.140725,True
time_3m,2026-03-15,MCK,0.607,0.017290331804341585,2026-03-16,942.2082,2026-06-12,784.05,open,88,100.0,83.2141,-16.7859,-0.167859,True,111.1722,11.1722,0.111722,-0.279582,False
time_3m,2026-03-15,VSEC,0.573,0.015290316229254586,2026-03-16,193.9927,2026-06-12,196.13,open,88,100.0,101.1017,1.1017,0.011017,True,111.1722,11.1722,0.111722,-0.100705,False
time_3m,2026-03-15,MPWR,0.563,0.010954135345922822,2026-03-16,1075.2502,2026-06-12,1577.3199,open,88,100.0,146.6933,46.6933,0.466933,True,111.1722,11.1722,0.111722,0.35521,True
time_3m,2026-03-15,CHRW,0.54,0.00651124522702351,2026-03-16,169.8981,2026-06-12,193.74,open,88,100.0,114.033,14.033,0.14033,True,111.1722,11.1722,0.111722,0.028608,True
time_3m,2026-03-15,CM,0.539,0.002863956875920337,2026-03-16,96.7317,2026-06-12,113.46,open,88,100.0,117.2935,17.2935,0.172935,True,111.1722,11.1722,0.111722,0.061212,True
time_3m,2026-03-15,BK,0.526,0.00237370603909115,2026-03-16,114.9238,2026-06-12,143.98,open,88,100.0,125.283,25.283,0.25283,True,111.1722,11.1722,0.111722,0.141107,True
time_3m,2026-03-15,TAXI,0.655,0.0011599831889008705,2026-03-16,51.0712,2026-06-12,51.161,open,88,100.0,100.1758,0.1758,0.001758,True,111.1722,11.1722,0.111722,-0.109965,False
time_3m,2026-04-01,XOM,0.766,0.03492553739707405,2026-04-01,159.6961,2026-06-12,147.01,open,72,100.0,92.0561,-7.9439,-0.079439,True,113.2028,13.2028,0.132028,-0.211467,False
time_3m,2026-04-01,GEV,0.65,0.03060240378069623,2026-04-01,894.78,2026-06-12,940.66,open,72,100.0,105.1275,5.1275,0.051275,True,113.2028,13.2028,0.132028,-0.080753,False
time_3m,2026-04-01,PFE,0.655,0.01589219361043903,2026-04-01,28.0864,2026-06-12,26.21,open,72,100.0,93.3192,-6.6808,-0.066808,True,113.2028,13.2028,0.132028,-0.198836,False
time_3m,2026-04-01,LIN,0.678,0.015131516683941637,2026-04-01,492.2733,2026-06-12,523.57,open,72,100.0,106.3576,6.3576,0.063576,True,113.2028,13.2028,0.132028,-0.068452,False
time_3m,2026-04-01,MRK,0.635,0.013387782833931938,2026-04-01,120.84,2026-06-12,119.05,open,72,100.0,98.5187,-1.4813,-0.014813,True,113.2028,13.2028,0.132028,-0.146841,False
time_3m,2026-04-01,CB,0.596,0.00720128604103798,2026-04-01,326.1424,2026-06-12,328.14,open,72,100.0,100.6125,0.6125,0.006125,True,113.2028,13.2028,0.132028,-0.125903,False
time_3m,2026-04-01,LRCX,0.524,0.005315064908312683,2026-04-01,222.01,2026-06-12,366.81,open,72,100.0,165.2223,65.2223,0.652223,True,113.2028,13.2028,0.132028,0.520195,True
time_3m,2026-04-01,CMI,0.501,0.0002393251882624181,2026-04-01,548.3677,2026-06-12,659.58,open,72,100.0,120.2806,20.2806,0.202806,True,113.2028,13.2028,0.132028,0.070778,True
time_3m,2026-04-15,FN,0.603,0.03521710213596174,2026-04-15,685.81,2026-06-12,611.01,open,58,100.0,89.0932,-10.9068,-0.109068,True,105.9734,5.9734,0.059734,-0.168802,False
time_3m,2026-04-15,BP,0.744,0.03410182513076987,2026-04-15,45.5984,2026-06-12,42.78,open,58,100.0,93.8191,-6.1809,-0.061809,True,105.9734,5.9734,0.059734,-0.121543,False
time_3m,2026-04-15,AMAT,0.604,0.023629208962523407,2026-04-15,393.7705,2026-06-12,567.25,open,58,100.0,144.056,44.056,0.44056,True,105.9734,5.9734,0.059734,0.380826,True
time_3m,2026-04-15,NTIOF,0.71,0.022835561624853895,2026-04-15,146.13,2026-06-12,150.14,open,58,100.0,102.7441,2.7441,0.027441,True,105.9734,5.9734,0.059734,-0.032292,False
time_3m,2026-04-15,LIN,0.699,0.017231528440444954,2026-04-15,496.3704,2026-06-12,523.57,open,58,100.0,105.4797,5.4797,0.054797,True,105.9734,5.9734,0.059734,-0.004937,False
time_3m,2026-04-15,KLAC,0.573,0.016707238082562137,2026-04-15,174.5882,2026-06-12,254.54,open,58,100.0,145.7945,45.7945,0.457945,True,105.9734,5.9734,0.059734,0.398212,True
time_3m,2026-04-15,BWXT,0.574,0.015417393197066476,2026-04-15,238.1012,2026-06-12,193.45,open,58,100.0,81.247,-18.753,-0.18753,True,105.9734,5.9734,0.059734,-0.247264,False
time_3m,2026-04-15,CSCO,0.592,0.013797357072864003,2026-04-15,82.36,2026-06-12,121.1,open,58,100.0,147.0374,47.0374,0.470374,True,105.9734,5.9734,0.059734,0.41064,True
time_3m,2026-04-15,BMO,0.614,0.012741621115089696,2026-04-15,148.2849,2026-06-12,168.3,open,58,100.0,113.4977,13.4977,0.134977,True,105.9734,5.9734,0.059734,0.075244,True
time_3m,2026-04-15,MRK,0.604,0.00979164944517441,2026-04-15,117.9,2026-06-12,119.05,open,58,100.0,100.9754,0.9754,0.009754,True,105.9734,5.9734,0.059734,-0.04998,False
time_3m,2026-04-15,AMZN,0.563,0.008303766630499698,2026-04-15,248.5,2026-06-12,238.55,open,58,100.0,95.996,-4.004,-0.04004,True,105.9734,5.9734,0.059734,-0.099774,False
time_3m,2026-04-15,AIG,0.599,0.008225140059918035,2026-04-15,77.09,2026-06-12,75.74,open,58,100.0,98.2488,-1.7512,-0.017512,True,105.9734,5.9734,0.059734,-0.077246,False
time_3m,2026-04-15,KO,0.603,0.006779044199133111,2026-04-15,75.31,2026-06-12,82.62,open,58,100.0,109.7066,9.7066,0.097066,True,105.9734,5.9734,0.059734,0.037332,True
time_3m,2026-04-15,VOO,0.576,0.004397742302924668,2026-04-15,643.45,2026-06-12,681.95,open,58,100.0,105.9834,5.9834,0.059834,True,105.9734,5.9734,0.059734,0.0001,True
time_3m,2026-04-15,VTI,0.569,0.00412074894045511,2026-04-15,345.24,2026-06-12,366.36,open,58,100.0,106.1175,6.1175,0.061175,True,105.9734,5.9734,0.059734,0.001441,True
time_3m,2026-04-15,GSKPX,0.569,0.0039814879946986625,2026-04-15,29.16,2026-06-12,30.33,open,58,100.0,104.0123,4.0123,0.040123,True,105.9734,5.9734,0.059734,-0.01961,False
time_3m,2026-04-15,MIAX,0.529,0.003296843319774645,2026-04-15,44.22,2026-06-12,43.29,open,58,100.0,97.8969,-2.1031,-0.021031,True,105.9734,5.9734,0.059734,-0.080765,False
time_3m,2026-04-15,MCD,0.539,0.0021952529293947087,2026-04-15,304.1969,2026-06-12,284.81,open,58,100.0,93.6269,-6.3731,-0.063731,True,105.9734,5.9734,0.059734,-0.123465,False
time_3m,2026-04-15,TFC,0.522,0.002157929077388765,2026-04-15,49.0716,2026-06-12,51.66,open,58,100.0,105.2748,5.2748,0.052748,True,105.9734,5.9734,0.059734,-0.006986,False
time_3m,2026-04-15,MCHP,0.511,0.0019577279061053776,2026-04-15,74.118,2026-06-12,95.24,open,58,100.0,128.4978,28.4978,0.284978,True,105.9734,5.9734,0.059734,0.225244,True
time_3m,2026-04-15,TAXI,0.5,1.8940674895162601e-06,2026-04-15,50.9795,2026-06-12,51.161,open,58,100.0,100.356,0.356,0.00356,True,105.9734,5.9734,0.059734,-0.056173,False
time_3m,2026-05-01,GLW,0.617,0.03621862459714831,2026-05-01,158.0178,2026-06-12,179.2,open,42,100.0,113.4049,13.4049,0.134049,True,102.9279,2.9279,0.029279,0.10477,True
time_3m,2026-05-01,AVGO,0.695,0.03609461198419606,2026-05-01,421.28,2026-06-12,382.07,open,42,100.0,90.6927,-9.3073,-0.093073,True,102.9279,2.9279,0.029279,-0.122353,False
time_3m,2026-05-01,CEG,0.613,0.02465794499064211,2026-05-01,307.3325,2026-06-12,253.76,open,42,100.0,82.5686,-17.4314,-0.174314,True,102.9279,2.9279,0.029279,-0.203594,False
time_3m,2026-05-01,IBIT,0.618,0.023575204300949837,2026-05-01,44.47,2026-06-12,36.04,open,42,100.0,81.0434,-18.9566,-0.189566,True,102.9279,2.9279,0.029279,-0.218845,False
time_3m,2026-05-01,VNOM,0.67,0.02141278216140985,2026-05-01,49.1983,2026-06-12,44.38,open,42,100.0,90.2063,-9.7937,-0.097937,True,102.9279,2.9279,0.029279,-0.127216,False
time_3m,2026-05-01,DMLP,0.694,0.01755676541215334,2026-05-01,27.495,2026-06-12,26.71,open,42,100.0,97.1449,-2.8551,-0.028551,True,102.9279,2.9279,0.029279,-0.05783,False
time_3m,2026-05-01,CSCO,0.585,0.01299407576149747,2026-05-01,91.85,2026-06-12,121.1,open,42,100.0,131.8454,31.8454,0.318454,True,102.9279,2.9279,0.029279,0.289175,True
time_3m,2026-05-01,EPD,0.64,0.011496655905207431,2026-05-01,38.03,2026-06-12,37.25,open,42,100.0,97.949,-2.051,-0.02051,True,102.9279,2.9279,0.029279,-0.049789,False
time_3m,2026-05-01,C,0.576,0.010850752182865353,2026-05-01,126.84,2026-06-12,139.83,open,42,100.0,110.2412,10.2412,0.102412,True,102.9279,2.9279,0.029279,0.073133,True
time_3m,2026-05-01,FDX,0.592,0.009775482610038244,2026-05-01,317.22,2026-06-12,338.31,open,42,100.0,106.6484,6.6484,0.066484,True,102.9279,2.9279,0.029279,0.037205,True
time_3m,2026-05-01,IWF,0.611,0.00903498049278939,2026-05-01,120.05,2026-06-12,121.61,open,42,100.0,101.2995,1.2995,0.012995,True,102.9279,2.9279,0.029279,-0.016285,False
time_3m,2026-05-01,TOST,0.543,0.007371454307641301,2026-05-01,29.11,2026-06-12,24.82,open,42,100.0,85.2628,-14.7372,-0.147372,True,102.9279,2.9279,0.029279,-0.176651,False
time_3m,2026-05-01,MSFT,0.558,0.006266768973713921,2026-05-01,413.5443,2026-06-12,390.74,open,42,100.0,94.4856,-5.5144,-0.055144,True,102.9279,2.9279,0.029279,-0.084423,False
time_3m,2026-05-01,IWD,0.611,0.005958274655136986,2026-05-01,230.86,2026-06-12,242.13,open,42,100.0,104.8817,4.8817,0.048817,True,102.9279,2.9279,0.029279,0.019538,True
time_3m,2026-05-01,ASML,0.535,0.005760938094678814,2026-05-01,1427.02,2026-06-12,1863.55,open,42,100.0,130.5903,30.5903,0.305903,True,102.9279,2.9279,0.029279,0.276624,True
time_3m,2026-05-01,GS,0.537,0.004547885135632201,2026-05-01,919.6569,2026-06-12,1062.75,open,42,100.0,115.5594,15.5594,0.155594,True,102.9279,2.9279,0.029279,0.126315,True
time_3m,2026-05-01,PTA,0.563,0.003300700110281829,2026-05-01,19.491,2026-06-12,19.21,open,42,100.0,98.5581,-1.4419,-0.014419,True,102.9279,2.9279,0.029279,-0.043698,False
time_3m,2026-05-01,UHAL,0.524,0.0026707444969220617,2026-05-01,51.6,2026-06-12,62.38,open,42,100.0,120.8915,20.8915,0.208915,True,102.9279,2.9279,0.029279,0.179636,True
time_3m,2026-05-01,DBEU,0.542,0.0026350784325825938,2026-05-01,50.64,2026-06-12,52.87,open,42,100.0,104.4036,4.4036,0.044036,True,102.9279,2.9279,0.029279,0.014757,True
time_3m,2026-05-01,AAPL,0.522,0.001901222976041561,2026-05-01,279.8821,2026-06-12,291.13,open,42,100.0,104.0188,4.0188,0.040188,True,102.9279,2.9279,0.029279,0.010909,True
time_3m,2026-05-01,FTSL,0.611,0.001662416355150187,2026-05-01,44.8852,2026-06-12,44.92,open,42,100.0,100.0775,0.0775,0.000775,True,102.9279,2.9279,0.029279,-0.028504,False
time_3m,2026-05-01,TJX,0.522,0.0015764281639014666,2026-05-01,156.318,2026-06-12,168.41,open,42,100.0,107.7355,7.7355,0.077355,True,102.9279,2.9279,0.029279,0.048076,True
time_3m,2026-05-01,SCIO,0.563,0.0006236032459800978,2026-05-01,20.5846,2026-06-12,20.68,open,42,100.0,100.4635,0.4635,0.004635,True,102.9279,2.9279,0.029279,-0.024644,False
time_3m,2026-05-01,FTCB,0.501,1.7963639638018947e-05,2026-05-01,20.8642,2026-06-12,20.88,open,42,100.0,100.0758,0.0758,0.000758,True,102.9279,2.9279,0.029279,-0.028521,False
time_3m,2026-05-15,INTC,0.757,0.10488240126651616,2026-05-15,108.77,2026-06-12,124.57,open,28,100.0,114.5261,14.5261,0.145261,True,100.349,0.349,0.00349,0.14177,True
time_3m,2026-05-15,MRVL,0.783,0.09507384983444234,2026-05-15,176.89,2026-06-12,279.7,open,28,100.0,158.1209,58.1209,0.581209,True,100.349,0.349,0.00349,0.577718,True
time_3m,2026-05-15,AMD,0.763,0.08809886640354714,2026-05-15,424.1,2026-06-12,511.57,open,28,100.0,120.6249,20.6249,0.206249,True,100.349,0.349,0.00349,0.202758,True
time_3m,2026-05-15,AESI,0.683,0.05431291739122801,2026-05-15,18.87,2026-06-12,16.97,open,28,100.0,89.9311,-10.0689,-0.100689,True,100.349,0.349,0.00349,-0.104179,False
time_3m,2026-05-15,CSCO,0.777,0.048690032003987804,2026-05-15,118.21,2026-06-12,121.1,open,28,100.0,102.4448,2.4448,0.024448,True,100.349,0.349,0.00349,0.020958,True
time_3m,2026-05-15,KEYS,0.666,0.04102265868910093,2026-05-15,349.01,2026-06-12,350.67,open,28,100.0,100.4756,0.4756,0.004756,True,100.349,0.349,0.00349,0.001266,True
time_3m,2026-05-15,UNH,0.737,0.03748812196543483,2026-05-15,393.85,2026-06-12,408.52,open,28,100.0,103.7248,3.7248,0.037248,True,100.349,0.349,0.00349,0.033757,True
time_3m,2026-05-15,COIN,0.54,0.01051572315065763,2026-05-15,195.43,2026-06-12,159.78,open,28,100.0,81.7582,-18.2418,-0.182418,True,100.349,0.349,0.00349,-0.185909,False
time_3m,2026-05-15,P,0.542,0.008685746944579131,2026-05-15,81.18,2026-06-12,72.31,open,28,100.0,89.0737,-10.9263,-0.109263,True,100.349,0.349,0.00349,-0.112754,False
time_3m,2026-05-15,MSFT,0.565,0.007064089952703689,2026-05-15,421.0081,2026-06-12,390.74,open,28,100.0,92.8106,-7.1894,-0.071894,True,100.349,0.349,0.00349,-0.075385,False
time_3m,2026-05-15,GSKPX,0.567,0.0038729385661464555,2026-05-15,30.0,2026-06-12,30.33,open,28,100.0,101.1,1.1,0.011,True,100.349,0.349,0.00349,0.00751,True
time_3m,2026-05-15,INTU,0.511,0.0023913682357852295,2026-05-15,393.0,2026-06-12,276.73,open,28,100.0,70.4148,-29.5852,-0.295852,True,100.349,0.349,0.00349,-0.299343,False
time_3m,2026-05-15,CELFX,0.936,0.002270348314550086,2026-05-15,10.86,2026-06-12,10.89,open,28,100.0,100.2762,0.2762,0.002762,True,100.349,0.349,0.00349,-0.000728,False
time_3m,2026-05-15,V,0.522,0.001981586205703545,2026-05-15,325.75,2026-06-12,322.39,open,28,100.0,98.9685,-1.0315,-0.010315,True,100.349,0.349,0.00349,-0.013805,False
time_3m,2026-05-15,NSIT,0.506,0.0019175601583640844,2026-05-15,88.9,2026-06-12,111.05,open,28,100.0,124.9156,24.9156,0.249156,True,100.349,0.349,0.00349,0.245666,True
time_3m,2026-05-15,ADP,0.505,0.0006936938298256479,2026-05-15,212.865,2026-06-12,226.21,open,28,100.0,106.2692,6.2692,0.062692,True,100.349,0.349,0.00349,0.059202,True
time_3m,2026-05-15,CARR,0.501,7.51463128476626e-05,2026-05-15,64.67,2026-06-12,69.91,open,28,100.0,108.1027,8.1027,0.081027,True,100.349,0.349,0.00349,0.077536,True
time_3m,2026-06-01,AMD,0.832,0.1177375889659602,2026-06-01,510.13,2026-06-12,511.57,open,11,100.0,100.2823,0.2823,0.002823,True,97.7865,-2.2135,-0.022135,0.024957,True
time_3m,2026-06-01,IFNNY,0.812,0.08687127296602792,2026-06-01,93.89,2026-06-12,92.3,open,11,100.0,98.3065,-1.6935,-0.016935,True,97.7865,-2.2135,-0.022135,0.0052,True
time_3m,2026-06-01,TXN,0.716,0.049561145078502955,2026-06-01,293.2,2026-06-12,301.12,open,11,100.0,102.7012,2.7012,0.027012,True,97.7865,-2.2135,-0.022135,0.049147,True
time_3m,2026-06-01,GS,0.726,0.029785735898509413,2026-06-01,1048.58,2026-06-12,1062.75,open,11,100.0,101.3514,1.3514,0.013514,True,97.7865,-2.2135,-0.022135,0.035648,True
time_3m,2026-06-01,AAPL,0.717,0.021055134333178405,2026-06-01,306.31,2026-06-12,291.13,open,11,100.0,95.0442,-4.9558,-0.049558,True,97.7865,-2.2135,-0.022135,-0.027423,False
time_3m,2026-06-01,IHG,0.655,0.019603243393615966,2026-06-01,155.01,2026-06-12,167.12,open,11,100.0,107.8124,7.8124,0.078124,True,97.7865,-2.2135,-0.022135,0.100259,True
time_3m,2026-06-01,CBZ,0.591,0.018760381823742067,2026-06-01,34.68,2026-06-12,35.26,open,11,100.0,101.6724,1.6724,0.016724,True,97.7865,-2.2135,-0.022135,0.038859,True
time_3m,2026-06-01,FCX,0.559,0.012447437317679944,2026-06-01,67.04,2026-06-12,68.41,open,11,100.0,102.0436,2.0436,0.020436,True,97.7865,-2.2135,-0.022135,0.04257,True
time_3m,2026-06-01,NTES,0.563,0.006500383215039651,2026-06-01,122.5468,2026-06-12,125.82,open,11,100.0,102.671,2.671,0.02671,True,97.7865,-2.2135,-0.022135,0.048844,True
time_3m,2026-06-01,SPG,0.577,0.0062111578216952346,2026-06-01,200.5004,2026-06-12,219.04,open,11,100.0,109.2467,9.2467,0.092467,True,97.7865,-2.2135,-0.022135,0.114601,True
time_3m,2026-06-01,JPM,0.546,0.0036065717105784323,2026-06-01,296.58,2026-06-12,320.72,open,11,100.0,108.1395,8.1395,0.081395,True,97.7865,-2.2135,-0.022135,0.103529,True
time_6m,2025-10-01,OPEN,0.69,0.2293874565983436,2025-10-01,8.06,2026-04-01,4.57,time,182,100.0,56.6998,-43.3002,-0.433002,False,98.5819,-1.4181,-0.014181,-0.418822,False
time_6m,2025-10-01,GOOGL,0.815,0.03962102293863001,2025-10-01,244.4218,2026-04-01,297.2125,time,182,100.0,121.5982,21.5982,0.215982,False,98.5819,-1.4181,-0.014181,0.230163,True
time_6m,2025-10-01,AAPL,0.705,0.023013427768410644,2025-10-01,254.7293,2026-04-01,255.3947,time,182,100.0,100.2612,0.2612,0.002612,False,98.5819,-1.4181,-0.014181,0.016793,True
time_6m,2025-10-01,AVGO,0.63,0.021312589148331673,2025-10-01,332.0568,2026-04-01,313.49,time,182,100.0,94.4086,-5.5914,-0.055914,False,98.5819,-1.4181,-0.014181,-0.041734,False
time_6m,2025-10-01,ORCL,0.564,0.01911171614543239,2025-10-01,286.7472,2026-04-01,144.7245,time,182,100.0,50.4711,-49.5289,-0.495289,False,98.5819,-1.4181,-0.014181,-0.481108,False
time_6m,2025-10-01,NVDA,0.64,0.01657848381301541,2025-10-01,187.0015,2026-04-01,175.5454,time,182,100.0,93.8738,-6.1262,-0.061262,False,98.5819,-1.4181,-0.014181,-0.047081,False
time_6m,2025-10-01,UNH,0.59,0.01613386457493915,2025-10-01,343.3049,2026-04-01,273.98,time,182,100.0,79.8066,-20.1934,-0.201934,False,98.5819,-1.4181,-0.014181,-0.187753,False
time_6m,2025-10-01,QCOM,0.558,0.005837998218980012,2025-10-01,163.9813,2026-04-01,126.8116,time,182,100.0,77.333,-22.667,-0.22667,False,98.5819,-1.4181,-0.014181,-0.212489,False
time_6m,2025-10-01,MCD,0.571,0.0038929745373337266,2025-10-01,295.0667,2026-04-01,305.22,time,182,100.0,103.441,3.441,0.03441,False,98.5819,-1.4181,-0.014181,0.048591,True
time_6m,2025-10-15,APP,0.701,0.05842853859795616,2025-10-15,602.3,2026-04-15,464.63,time,182,100.0,77.1426,-22.8574,-0.228574,False,105.8264,5.8264,0.058264,-0.286838,False
time_6m,2025-10-15,GOOGL,0.764,0.0334579677821798,2025-10-15,250.5398,2026-04-15,336.9188,time,182,100.0,134.4772,34.4772,0.344772,False,105.8264,5.8264,0.058264,0.286507,True
time_6m,2025-10-15,UNH,0.628,0.024777015049093132,2025-10-15,355.9706,2026-04-15,314.05,time,182,100.0,88.2236,-11.7764,-0.117764,False,105.8264,5.8264,0.058264,-0.176028,False
time_6m,2025-10-15,AVGO,0.629,0.024640450287666038,2025-10-15,349.925,2026-04-15,396.72,time,182,100.0,113.3729,13.3729,0.133729,False,105.8264,5.8264,0.058264,0.075465,True
time_6m,2025-10-15,ORCL,0.573,0.02183245555792146,2025-10-15,301.7656,2026-04-15,169.81,time,182,100.0,56.2722,-43.7278,-0.437278,False,105.8264,5.8264,0.058264,-0.495542,False
time_6m,2025-10-15,AAPL,0.662,0.01831919500630419,2025-10-15,248.6366,2026-04-15,266.1848,time,182,100.0,107.0578,7.0578,0.070578,False,105.8264,5.8264,0.058264,0.012314,True
time_6m,2025-10-15,BNS,0.7,0.015341549964374757,2025-10-15,64.51,2026-04-15,75.36,time,182,100.0,116.8191,16.8191,0.168191,False,105.8264,5.8264,0.058264,0.109927,True
time_6m,2025-10-15,BMO,0.705,0.014683117560095438,2025-10-15,127.226,2026-04-15,148.2849,time,182,100.0,116.5523,16.5523,0.165523,False,105.8264,5.8264,0.058264,0.107259,True
time_6m,2025-10-15,RY,0.682,0.011911176685284408,2025-10-15,145.7814,2026-04-15,174.753,time,182,100.0,119.8733,19.8733,0.198733,False,105.8264,5.8264,0.058264,0.140469,True
time_6m,2025-10-15,NVDA,0.553,0.0059242896379094745,2025-10-15,179.6009,2026-04-15,198.6385,time,182,100.0,110.5999,10.5999,0.105999,False,105.8264,5.8264,0.058264,0.047735,True
time_6m,2025-10-15,VTEB,0.868,0.005454044279670889,2025-10-15,49.2284,2026-04-15,49.9808,time,182,100.0,101.5283,1.5283,0.015283,False,105.8264,5.8264,0.058264,-0.042981,False
time_6m,2025-10-15,PANW,0.537,0.004117751213195353,2025-10-15,206.7,2026-04-15,164.11,time,182,100.0,79.3953,-20.6047,-0.206047,False,105.8264,5.8264,0.058264,-0.264311,False
time_6m,2025-10-15,MCD,0.566,0.003697736306313537,2025-10-15,299.7109,2026-04-15,304.1969,time,182,100.0,101.4968,1.4968,0.014968,False,105.8264,5.8264,0.058264,-0.043296,False
time_6m,2025-10-15,TAXI,0.863,0.0034427910684382557,2025-10-15,50.0788,2026-04-15,50.9795,time,182,100.0,101.7985,1.7985,0.017985,False,105.8264,5.8264,0.058264,-0.040279,False
time_6m,2025-10-15,NFLX,0.535,0.002749620721958168,2025-10-15,120.329,2026-04-15,107.71,time,182,100.0,89.5129,-10.4871,-0.104871,False,105.8264,5.8264,0.058264,-0.163135,False
time_6m,2025-10-15,QCOM,0.522,0.0026281224125908054,2025-10-15,160.5143,2026-04-15,132.5604,time,182,100.0,82.5848,-17.4152,-0.174152,False,105.8264,5.8264,0.058264,-0.232416,False
time_6m,2025-10-15,NDAQ,0.53,0.002238266349144924,2025-10-15,88.7516,2026-04-15,88.2335,time,182,100.0,99.4163,-0.5837,-0.005837,False,105.8264,5.8264,0.058264,-0.064101,False
time_6m,2025-10-15,ARTFX,0.683,0.001968274562438088,2025-10-15,8.8297,2026-04-15,8.9549,time,182,100.0,101.4183,1.4183,0.014183,False,105.8264,5.8264,0.058264,-0.044081,False
time_6m,2025-10-15,ALLY,0.515,0.0016171899950139235,2025-10-15,38.8523,2026-04-15,41.9545,time,182,100.0,107.9847,7.9847,0.079847,False,105.8264,5.8264,0.058264,0.021583,True
time_6m,2025-10-15,FFRHX,0.624,0.0013426506546234673,2025-10-15,8.7488,2026-04-15,8.8926,time,182,100.0,101.6441,1.6441,0.016441,False,105.8264,5.8264,0.058264,-0.041823,False
time_6m,2025-10-15,PRI,0.505,0.0006300259955809295,2025-10-15,264.396,2026-04-15,272.1331,time,182,100.0,102.9263,2.9263,0.029263,False,105.8264,5.8264,0.058264,-0.029001,False
time_6m,2025-10-15,META,0.502,0.00040808863388885896,2025-10-15,716.3519,2026-04-15,671.58,time,182,100.0,93.75,-6.25,-0.0625,False,105.8264,5.8264,0.058264,-0.120764,False
time_6m,2025-11-01,IREN,0.78,0.1397974723454134,2025-11-03,67.75,2026-05-04,49.48,time,182,100.0,73.0332,-26.9668,-0.269668,False,105.6719,5.6719,0.056719,-0.326387,False
time_6m,2025-11-01,RGTI,0.719,0.11766122432550219,2025-11-03,39.12,2026-05-04,17.7,time,182,100.0,45.2454,-54.7546,-0.547546,False,105.6719,5.6719,0.056719,-0.604265,False
time_6m,2025-11-01,STX,0.731,0.06257412777287108,2025-11-03,264.3939,2026-05-04,738.54,time,182,100.0,279.3332,179.3332,1.793332,False,105.6719,5.6719,0.056719,1.736613,True
time_6m,2025-11-01,ASML,0.788,0.04626850619545708,2025-11-03,1063.0927,2026-05-04,1386.21,time,182,100.0,130.3941,30.3941,0.303941,False,105.6719,5.6719,0.056719,0.247222,True
time_6m,2025-11-01,GOOGL,0.797,0.040357928383258024,2025-11-03,283.1659,2026-05-04,383.0212,time,182,100.0,135.2639,35.2639,0.352639,False,105.6719,5.6719,0.056719,0.29592,True
time_6m,2025-11-01,PANW,0.806,0.03340558497171364,2025-11-03,219.23,2026-05-04,184.56,time,182,100.0,84.1856,-15.8144,-0.158144,False,105.6719,5.6719,0.056719,-0.214863,False
time_6m,2025-11-01,CAH,0.635,0.022630401263354694,2025-11-03,189.2881,2026-05-04,197.06,time,182,100.0,104.1058,4.1058,0.041058,False,105.6719,5.6719,0.056719,-0.015661,False
time_6m,2025-11-01,AAPL,0.697,0.019917442446432787,2025-11-03,268.291,2026-05-04,276.5752,time,182,100.0,103.0878,3.0878,0.030878,False,105.6719,5.6719,0.056719,-0.025841,False
time_6m,2025-11-01,AMZN,0.582,0.010690847945075577,2025-11-03,254.0,2026-05-04,272.05,time,182,100.0,107.1063,7.1063,0.071063,False,105.6719,5.6719,0.056719,0.014344,True
time_6m,2025-11-01,DT,0.596,0.010574735764151244,2025-11-03,50.48,2026-05-04,38.75,time,182,100.0,76.7631,-23.2369,-0.232369,False,105.6719,5.6719,0.056719,-0.289088,False
time_6m,2025-11-01,NTES,0.578,0.010359263230304894,2025-11-03,138.321,2026-05-04,115.568,time,182,100.0,83.5506,-16.4494,-0.164494,False,105.6719,5.6719,0.056719,-0.221213,False
time_6m,2025-11-01,BHP,0.598,0.009136258231976058,2025-11-03,55.0656,2026-05-04,77.87,time,182,100.0,141.4131,41.4131,0.414131,False,105.6719,5.6719,0.056719,0.357412,True
time_6m,2025-11-01,IT,0.563,0.009057717868606208,2025-11-03,245.92,2026-05-04,147.71,time,182,100.0,60.0643,-39.9357,-0.399357,False,105.6719,5.6719,0.056719,-0.456076,False
time_6m,2025-11-01,IVV,0.686,0.008663993936173453,2025-11-03,682.4503,2026-05-04,721.39,time,182,100.0,105.7059,5.7059,0.057059,False,105.6719,5.6719,0.056719,0.00034,True
time_6m,2025-11-01,PLTR,0.546,0.007237454716573666,2025-11-03,207.18,2026-05-04,146.03,time,182,100.0,70.4846,-29.5154,-0.295154,False,105.6719,5.6719,0.056719,-0.351873,False
time_6m,2025-11-01,NVS,0.596,0.007045106145806557,2025-11-03,120.2015,2026-05-04,144.62,time,182,100.0,120.3147,20.3147,0.203147,False,105.6719,5.6719,0.056719,0.146428,True
time_6m,2025-11-01,AMGN,0.56,0.00517310223722367,2025-11-03,289.9872,2026-05-04,321.4228,time,182,100.0,110.8403,10.8403,0.108403,False,105.6719,5.6719,0.056719,0.051684,True
time_6m,2025-11-01,SMR,0.509,0.0043885149721552,2025-11-03,40.83,2026-05-04,12.18,time,182,100.0,29.831,-70.169,-0.70169,False,105.6719,5.6719,0.056719,-0.758409,False
time_6m,2025-11-01,HUM,0.523,0.0039805795449141534,2025-11-03,277.5548,2026-05-04,237.96,time,182,100.0,85.7344,-14.2656,-0.142656,False,105.6719,5.6719,0.056719,-0.199375,False
time_6m,2025-11-01,CVX,0.553,0.003563084820371376,2025-11-03,149.4936,2026-05-04,190.5349,time,182,100.0,127.4535,27.4535,0.274535,False,105.6719,5.6719,0.056719,0.217816,True
time_6m,2025-11-01,WTRG,0.528,0.001954128108640152,2025-11-03,37.0615,2026-05-04,37.6035,time,182,100.0,101.4625,1.4625,0.014625,False,105.6719,5.6719,0.056719,-0.042094,False
time_6m,2025-11-15,CLS,0.678,0.05627955159882636,2025-11-17,309.37,2026-05-18,342.67,time,182,100.0,110.7638,10.7638,0.107638,False,111.5952,11.5952,0.115952,-0.008314,False
time_6m,2025-11-15,GOOGL,0.752,0.03530521894685412,2025-11-17,284.4634,2026-05-18,396.7031,time,182,100.0,139.4566,39.4566,0.394566,False,111.5952,11.5952,0.115952,0.278614,True
time_6m,2025-11-15,APP,0.599,0.024701965356474398,2025-11-17,539.27,2026-05-18,492.38,time,182,100.0,91.3049,-8.6951,-0.086951,False,111.5952,11.5952,0.115952,-0.202903,False
time_6m,2025-11-15,TSM,0.652,0.0239374212222474,2025-11-17,279.8052,2026-05-18,395.0249,time,182,100.0,141.1786,41.1786,0.411786,False,111.5952,11.5952,0.115952,0.295833,True
time_6m,2025-11-15,AAPL,0.708,0.02166581970239001,2025-11-17,266.964,2026-05-18,297.84,time,182,100.0,111.5656,11.5656,0.115656,False,111.5952,11.5952,0.115952,-0.000296,False
time_6m,2025-11-15,HURN,0.643,0.020778770260122537,2025-11-17,160.53,2026-05-18,108.13,time,182,100.0,67.3581,-32.6419,-0.326419,False,111.5952,11.5952,0.115952,-0.442371,False
time_6m,2025-11-15,NVT,0.636,0.019920721490759075,2025-11-17,103.7412,2026-05-18,160.69,time,182,100.0,154.895,54.895,0.54895,False,111.5952,11.5952,0.115952,0.432998,True
time_6m,2025-11-15,EQT,0.635,0.017112727069472422,2025-11-17,58.7086,2026-05-18,57.45,time,182,100.0,97.8562,-2.1438,-0.021438,False,111.5952,11.5952,0.115952,-0.137391,False
time_6m,2025-11-15,HOOD,0.539,0.00927981941485534,2025-11-17,115.97,2026-05-18,77.15,time,182,100.0,66.5258,-33.4742,-0.334742,False,111.5952,11.5952,0.115952,-0.450694,False
time_6m,2025-11-15,PLTR,0.549,0.009246275571362483,2025-11-17,171.25,2026-05-18,135.14,time,182,100.0,78.9139,-21.0861,-0.210861,False,111.5952,11.5952,0.115952,-0.326814,False
time_6m,2025-11-15,FTGC,0.655,0.008290408531735016,2025-11-17,22.8577,2026-05-18,30.04,time,182,100.0,131.4216,31.4216,0.314216,False,111.5952,11.5952,0.115952,0.198264,True
time_6m,2025-11-15,NVDA,0.553,0.00729763026351038,2025-11-17,186.3623,2026-05-18,222.0612,time,182,100.0,119.1556,19.1556,0.191556,False,111.5952,11.5952,0.115952,0.075604,True
time_6m,2025-11-15,EIPI,0.613,0.004056996619204778,2025-11-17,19.2807,2026-05-18,22.4854,time,182,100.0,116.6217,16.6217,0.166217,False,111.5952,11.5952,0.115952,0.050265,True
time_6m,2025-11-15,FIVE,0.522,0.003267863317467423,2025-11-17,147.72,2026-05-18,218.36,time,182,100.0,147.8202,47.8202,0.478202,False,111.5952,11.5952,0.115952,0.36225,True
time_6m,2025-11-15,SHOP,0.51,0.001985678794187651,2025-11-17,139.93,2026-05-18,102.39,time,182,100.0,73.1723,-26.8277,-0.268277,False,111.5952,11.5952,0.115952,-0.384229,False
time_6m,2025-11-15,LCII,0.503,0.0004382065275045921,2025-11-17,101.831,2026-05-18,108.8989,time,182,100.0,106.9409,6.9409,0.069409,False,111.5952,11.5952,0.115952,-0.046544,False
time_6m,2025-11-15,INTU,0.504,0.00032432260678261216,2025-11-17,642.806,2026-05-18,403.16,time,182,100.0,62.7188,-37.2812,-0.372812,False,111.5952,11.5952,0.115952,-0.488765,False
time_6m,2025-12-01,BE,0.611,0.0585272446027576,2025-12-01,98.93,2026-06-01,273.51,time,182,100.0,276.4682,176.4682,1.764682,False,112.1406,12.1406,0.121406,1.643276,True
time_6m,2025-12-01,GOOGL,0.761,0.03561989869414828,2025-12-01,314.2751,2026-06-01,376.1453,time,182,100.0,119.6866,19.6866,0.196866,False,112.1406,12.1406,0.121406,0.07546,True
time_6m,2025-12-01,CLS,0.588,0.0265020626649084,2025-12-01,318.37,2026-06-01,426.55,time,182,100.0,133.9793,33.9793,0.339793,False,112.1406,12.1406,0.121406,0.218387,True
time_6m,2025-12-01,VALE,0.756,0.02345420463186243,2025-12-01,12.0522,2026-06-01,16.3,time,182,100.0,135.2455,35.2455,0.352455,False,112.1406,12.1406,0.121406,0.231049,True
time_6m,2025-12-01,UTHR,0.67,0.0232719000907311,2025-12-01,479.95,2026-06-01,544.62,time,182,100.0,113.4743,13.4743,0.134743,False,112.1406,12.1406,0.121406,0.013337,True
time_6m,2025-12-01,TMO,0.669,0.021795384397548023,2025-12-01,584.1329,2026-06-01,494.04,time,182,100.0,84.5766,-15.4234,-0.154234,False,112.1406,12.1406,0.121406,-0.27564,False
time_6m,2025-12-01,AAPL,0.706,0.02107372554380138,2025-12-01,282.575,2026-06-01,306.31,time,182,100.0,108.3995,8.3995,0.083995,False,112.1406,12.1406,0.121406,-0.037411,False
time_6m,2025-12-01,AZTA,0.578,0.017765656280792408,2025-12-01,34.86,2026-06-01,23.19,time,182,100.0,66.5232,-33.4768,-0.334768,False,112.1406,12.1406,0.121406,-0.456174,False
time_6m,2025-12-01,BABA,0.586,0.016567850209439516,2025-12-01,162.7652,2026-06-01,124.2588,time,182,100.0,76.3424,-23.6576,-0.236576,False,112.1406,12.1406,0.121406,-0.357983,False
time_6m,2025-12-01,CSCO,0.667,0.016163221168648878,2025-12-01,75.2276,2026-06-01,121.33,time,182,100.0,161.2838,61.2838,0.612838,False,112.1406,12.1406,0.121406,0.491432,True
time_6m,2025-12-01,BCS,0.642,0.015753242254312738,2025-12-01,22.4804,2026-06-01,24.52,time,182,100.0,109.0726,9.0726,0.090726,False,112.1406,12.1406,0.121406,-0.03068,False
time_6m,2025-12-01,APP,0.553,0.012563167199420855,2025-12-01,623.59,2026-06-01,613.7,time,182,100.0,98.414,-1.586,-0.01586,False,112.1406,12.1406,0.121406,-0.137266,False
time_6m,2025-12-01,AXP,0.613,0.012428016302265865,2025-12-01,358.3784,2026-06-01,313.54,time,182,100.0,87.4885,-12.5115,-0.125115,False,112.1406,12.1406,0.121406,-0.246521,False
time_6m,2025-12-01,AZN,0.604,0.012309997124248406,2025-12-01,179.1721,2026-06-01,179.71,time,182,100.0,100.3002,0.3002,0.003002,False,112.1406,12.1406,0.121406,-0.118404,False
time_6m,2025-12-01,APG,0.608,0.012146470411791288,2025-12-01,38.98,2026-06-01,40.59,time,182,100.0,104.1303,4.1303,0.041303,False,112.1406,12.1406,0.121406,-0.080103,False
time_6m,2025-12-01,AVGO,0.563,0.011784329856131759,2025-12-01,384.536,2026-06-01,459.97,time,182,100.0,119.6169,19.6169,0.196169,False,112.1406,12.1406,0.121406,0.074762,True
time_6m,2025-12-01,CCJ,0.547,0.011406938483085938,2025-12-01,87.53,2026-06-01,112.59,time,182,100.0,128.6302,28.6302,0.286302,False,112.1406,12.1406,0.121406,0.164895,True
time_6m,2025-12-01,GS,0.604,0.01063361906273852,2025-12-01,799.1141,2026-06-01,1048.58,time,182,100.0,131.2178,31.2178,0.312178,False,112.1406,12.1406,0.121406,0.190772,True
time_6m,2025-12-01,AVAV,0.538,0.007557422017004489,2025-12-01,257.8,2026-06-01,204.09,time,182,100.0,79.166,-20.834,-0.20834,False,112.1406,12.1406,0.121406,-0.329746,False
time_6m,2025-12-01,DELL,0.542,0.007356997271979582,2025-12-01,131.109,2026-06-01,465.96,time,182,100.0,355.399,255.399,2.55399,False,112.1406,12.1406,0.121406,2.432584,True
time_6m,2025-12-01,NVDA,0.551,0.007266196212135423,2025-12-01,179.6908,2026-06-01,224.0988,time,182,100.0,124.7136,24.7136,0.247136,False,112.1406,12.1406,0.121406,0.125729,True
time_6m,2025-12-01,RY,0.641,0.006847532378551069,2025-12-01,151.8499,2026-06-01,188.56,time,182,100.0,124.1753,24.1753,0.241753,False,112.1406,12.1406,0.121406,0.120346,True
time_6m,2025-12-01,ALIZY,0.565,0.004259569486146919,2025-12-01,41.0057,2026-06-01,43.64,time,182,100.0,106.4243,6.4243,0.064243,False,112.1406,12.1406,0.121406,-0.057163,False
time_6m,2025-12-01,UNM,0.54,0.0032053032342449495,2025-12-01,74.3044,2026-06-01,83.43,time,182,100.0,112.2814,12.2814,0.122814,False,112.1406,12.1406,0.121406,0.001407,True
time_6m,2025-12-01,FTNT,0.522,0.0020973130373636018,2025-12-01,81.82,2026-06-01,147.14,time,182,100.0,179.8338,79.8338,0.798338,False,112.1406,12.1406,0.121406,0.676931,True
time_6m,2025-12-01,UNH,0.512,0.0016000716658375325,2025-12-01,318.5747,2026-06-01,379.86,time,182,100.0,119.2373,19.2373,0.192373,False,112.1406,12.1406,0.121406,0.070967,True
time_6m,2025-12-15,COHR,0.65,0.04872310673953528,2025-12-15,178.45,2026-06-12,385.03,open,179,100.0,215.7635,115.7635,1.157635,True,109.5843,9.5843,0.095843,1.061792,True
time_6m,2025-12-15,ISRG,0.667,0.02704103960034132,2025-12-15,559.52,2026-06-12,411.06,open,179,100.0,73.4665,-26.5335,-0.265335,True,109.5843,9.5843,0.095843,-0.361178,False
time_6m,2025-12-15,JNJ,0.849,0.0257925018263514,2025-12-15,211.8193,2026-06-12,240.87,open,179,100.0,113.7149,13.7149,0.137149,True,109.5843,9.5843,0.095843,0.041305,True
time_6m,2025-12-15,IDEXY,0.671,0.02314438485659931,2025-12-15,15.7861,2026-06-12,16.2,open,179,100.0,102.6218,2.6218,0.026218,True,109.5843,9.5843,0.095843,-0.069625,False
time_6m,2025-12-15,TMO,0.686,0.023104214491500796,2025-12-15,575.3412,2026-06-12,469.34,open,179,100.0,81.5759,-18.4241,-0.184241,True,109.5843,9.5843,0.095843,-0.280084,False
time_6m,2025-12-15,KDP,0.629,0.015194011358456772,2025-12-15,28.7362,2026-06-12,31.71,open,179,100.0,110.3487,10.3487,0.103487,True,109.5843,9.5843,0.095843,0.007644,True
time_6m,2025-12-15,HAYW,0.565,0.008380840037055526,2025-12-15,15.97,2026-06-12,14.61,open,179,100.0,91.484,-8.516,-0.08516,True,109.5843,9.5843,0.095843,-0.181003,False
time_6m,2025-12-15,TM,0.579,0.008112709600623269,2025-12-15,214.81,2026-06-12,174.95,open,179,100.0,81.4441,-18.5559,-0.185559,True,109.5843,9.5843,0.095843,-0.281403,False
time_6m,2025-12-15,COF,0.567,0.0076505511710902585,2025-12-15,237.8748,2026-06-12,184.73,open,179,100.0,77.6585,-22.3415,-0.223415,True,109.5843,9.5843,0.095843,-0.319259,False
time_6m,2025-12-15,CVCO,0.53,0.005818001802332828,2025-12-15,598.17,2026-06-12,592.76,open,179,100.0,99.0956,-0.9044,-0.009044,True,109.5843,9.5843,0.095843,-0.104888,False
time_6m,2025-12-15,BCE,0.562,0.0044992398452330384,2025-12-15,23.3155,2026-06-12,24.59,open,179,100.0,105.4665,5.4665,0.054665,True,109.5843,9.5843,0.095843,-0.041178,False
time_6m,2025-12-15,IFF,0.545,0.004420901058443061,2025-12-15,63.4031,2026-06-12,78.27,open,179,100.0,123.4482,23.4482,0.234482,True,109.5843,9.5843,0.095843,0.138638,True
time_6m,2025-12-15,MET,0.54,0.003290334085508162,2025-12-15,81.3985,2026-06-12,88.84,open,179,100.0,109.1421,9.1421,0.091421,True,109.5843,9.5843,0.095843,-0.004423,False
time_6m,2025-12-15,BMO,0.541,0.0024284140937009813,2025-12-15,131.0053,2026-06-12,168.3,open,179,100.0,128.4681,28.4681,0.284681,True,109.5843,9.5843,0.095843,0.188837,True
time_6m,2025-12-15,APO,0.515,0.00218718150967101,2025-12-15,145.6186,2026-06-12,133.88,open,179,100.0,91.9388,-8.0612,-0.080612,True,109.5843,9.5843,0.095843,-0.176455,False
time_6m,2025-12-15,AXAHY,0.53,0.0019219659426228386,2025-12-15,45.237,2026-06-12,47.43,open,179,100.0,104.8479,4.8479,0.048479,True,109.5843,9.5843,0.095843,-0.047365,False
time_6m,2025-12-15,CRM,0.513,0.0018825669232021003,2025-12-15,252.883,2026-06-12,165.89,open,179,100.0,65.5995,-34.4005,-0.344005,True,109.5843,9.5843,0.095843,-0.439848,False
time_6m,2025-12-15,D,0.526,0.0015603968386634914,2025-12-15,58.622,2026-06-12,67.91,open,179,100.0,115.8439,15.8439,0.158439,True,109.5843,9.5843,0.095843,0.062595,True
time_6m,2025-12-15,VTEB,0.662,0.0012976467163468008,2025-12-15,49.3864,2026-06-12,50.3,open,179,100.0,101.8499,1.8499,0.018499,True,109.5843,9.5843,0.095843,-0.077344,False
time_6m,2025-12-15,CL,0.513,0.0010452028353857834,2025-12-15,78.459,2026-06-12,89.45,open,179,100.0,114.0086,14.0086,0.140086,True,109.5843,9.5843,0.095843,0.044243,True
time_6m,2025-12-15,UNH,0.505,0.0006469968858975328,2025-12-15,338.4687,2026-06-12,408.52,open,179,100.0,120.6965,20.6965,0.206965,True,109.5843,9.5843,0.095843,0.111122,True
time_6m,2026-01-01,GOOGL,0.708,0.028974689822372612,2026-01-02,314.7403,2026-06-12,359.68,open,161,100.0,114.2783,14.2783,0.142783,True,108.8713,8.8713,0.088713,0.054071,True
time_6m,2026-01-01,WFC,0.655,0.01720484420415236,2026-01-02,94.1959,2026-06-12,83.73,open,161,100.0,88.8893,-11.1107,-0.111107,True,108.8713,8.8713,0.088713,-0.19982,False
time_6m,2026-01-01,PUK,0.655,0.01299341603508597,2026-01-02,31.2264,2026-06-12,26.58,open,161,100.0,85.1202,-14.8798,-0.148798,True,108.8713,8.8713,0.088713,-0.237511,False
time_6m,2026-01-01,NVDA,0.501,0.00026891810838791663,2026-01-02,188.6199,2026-06-12,205.19,open,161,100.0,108.7849,8.7849,0.087849,True,108.8713,8.8713,0.088713,-0.000864,False
time_6m,2026-01-01,VZ,0.502,0.00024508398959999234,2026-01-02,39.2388,2026-06-12,48.11,open,161,100.0,122.6083,22.6083,0.226083,True,108.8713,8.8713,0.088713,0.13737,True
time_6m,2026-01-15,AA,0.74,0.06375577153647383,2026-01-15,63.6039,2026-06-12,68.77,open,148,100.0,108.1223,8.1223,0.081223,True,107.4448,7.4448,0.074448,0.006775,True
time_6m,2026-01-15,DLTR,0.763,0.042553304039172346,2026-01-15,141.21,2026-06-12,114.0,open,148,100.0,80.7308,-19.2692,-0.192692,True,107.4448,7.4448,0.074448,-0.26714,False
time_6m,2026-01-15,GOOGL,0.763,0.0342303112398914,2026-01-15,332.3474,2026-06-12,359.68,open,148,100.0,108.2241,8.2241,0.082241,True,107.4448,7.4448,0.074448,0.007793,True
time_6m,2026-01-15,CNC,0.643,0.030825705095671507,2026-01-15,47.27,2026-06-12,65.19,open,148,100.0,137.9099,37.9099,0.379099,True,107.4448,7.4448,0.074448,0.304651,True
time_6m,2026-01-15,GS,0.748,0.03079086959876176,2026-01-15,966.4916,2026-06-12,1062.75,open,148,100.0,109.9596,9.9596,0.099596,True,107.4448,7.4448,0.074448,0.025148,True
time_6m,2026-01-15,BMY,0.722,0.030129828379739543,2026-01-15,56.0421,2026-06-12,57.13,open,148,100.0,101.9411,1.9411,0.019411,True,107.4448,7.4448,0.074448,-0.055036,False
time_6m,2026-01-15,DY,0.667,0.027113827655952827,2026-01-15,365.65,2026-06-12,469.0,open,148,100.0,128.2647,28.2647,0.282647,True,107.4448,7.4448,0.074448,0.2082,True
time_6m,2026-01-15,C,0.698,0.022122469354102225,2026-01-15,116.3008,2026-06-12,139.83,open,148,100.0,120.2314,20.2314,0.202314,True,107.4448,7.4448,0.074448,0.127866,True
time_6m,2026-01-15,DOV,0.686,0.021146833831949374,2026-01-15,204.8861,2026-06-12,217.43,open,148,100.0,106.1224,6.1224,0.061224,True,107.4448,7.4448,0.074448,-0.013224,False
time_6m,2026-01-15,PUK,0.739,0.01995139177227845,2026-01-15,31.4633,2026-06-12,26.58,open,148,100.0,84.4793,-15.5207,-0.155207,True,107.4448,7.4448,0.074448,-0.229654,False
time_6m,2026-01-15,TSM,0.64,0.017887244268596447,2026-01-15,339.8841,2026-06-12,423.93,open,148,100.0,124.7278,24.7278,0.247278,True,107.4448,7.4448,0.074448,0.17283,True
time_6m,2026-01-15,PRU,0.736,0.01777338322649835,2026-01-15,113.3272,2026-06-12,108.5,open,148,100.0,95.7404,-4.2596,-0.042596,True,107.4448,7.4448,0.074448,-0.117043,False
time_6m,2026-01-15,DRI,0.652,0.016883595240862803,2026-01-15,212.6926,2026-06-12,211.47,open,148,100.0,99.4252,-0.5748,-0.005748,True,107.4448,7.4448,0.074448,-0.080196,False
time_6m,2026-01-15,ACN,0.641,0.01649994310430447,2026-01-15,285.3501,2026-06-12,170.28,open,148,100.0,59.6741,-40.3259,-0.403259,True,107.4448,7.4448,0.074448,-0.477707,False
time_6m,2026-01-15,DVN,0.607,0.01525786063257284,2026-01-15,36.1313,2026-06-12,45.31,open,148,100.0,125.4038,25.4038,0.254038,True,107.4448,7.4448,0.074448,0.17959,True
time_6m,2026-01-15,BA,0.604,0.015204637769681728,2026-01-15,247.74,2026-06-12,219.05,open,148,100.0,88.4193,-11.5807,-0.115807,True,107.4448,7.4448,0.074448,-0.190255,False
time_6m,2026-01-15,DE,0.622,0.013910627533078035,2026-01-15,513.538,2026-06-12,577.48,open,148,100.0,112.4513,12.4513,0.124513,True,107.4448,7.4448,0.074448,0.050065,True
time_6m,2026-01-15,CVX,0.608,0.01061473002867519,2026-01-15,163.0569,2026-06-12,187.22,open,148,100.0,114.8188,14.8188,0.148188,True,107.4448,7.4448,0.074448,0.073741,True
time_6m,2026-01-15,GLOB,0.565,0.010529960645238035,2026-01-15,67.48,2026-06-12,37.49,open,148,100.0,55.5572,-44.4428,-0.444428,True,107.4448,7.4448,0.074448,-0.518876,False
time_6m,2026-01-15,DHR,0.629,0.010237461665582037,2026-01-15,239.3797,2026-06-12,180.1,open,148,100.0,75.2361,-24.7639,-0.247639,True,107.4448,7.4448,0.074448,-0.322087,False
time_6m,2026-01-15,XLV,0.67,0.010071041931917657,2026-01-15,156.3174,2026-06-12,153.81,open,148,100.0,98.396,-1.604,-0.01604,True,107.4448,7.4448,0.074448,-0.090488,False
time_6m,2026-01-15,CSCO,0.595,0.008131598839709264,2026-01-15,74.8444,2026-06-12,121.1,open,148,100.0,161.8023,61.8023,0.618023,True,107.4448,7.4448,0.074448,0.543575,True
time_6m,2026-01-15,XLP,0.607,0.005705955768826154,2026-01-15,81.909,2026-06-12,85.82,open,148,100.0,104.7749,4.7749,0.047749,True,107.4448,7.4448,0.074448,-0.026699,False
time_6m,2026-01-15,JPM,0.558,0.005349863138754518,2026-01-15,307.6854,2026-06-12,320.72,open,148,100.0,104.2364,4.2364,0.042364,True,107.4448,7.4448,0.074448,-0.032084,False
time_6m,2026-01-15,CF,0.547,0.005186351560295899,2026-01-15,85.7899,2026-06-12,109.48,open,148,100.0,127.6141,27.6141,0.276141,True,107.4448,7.4448,0.074448,0.201693,True
time_6m,2026-01-15,MMM,0.553,0.0038065619159644015,2026-01-15,169.4593,2026-06-12,158.32,open,148,100.0,93.4266,-6.5734,-0.065734,True,107.4448,7.4448,0.074448,-0.140182,False
time_6m,2026-01-15,WM,0.545,0.0033152346543994238,2026-01-15,218.0443,2026-06-12,219.45,open,148,100.0,100.6447,0.6447,0.006447,True,107.4448,7.4448,0.074448,-0.068001,False
time_6m,2026-02-01,XOM,0.768,0.026895450873499982,2026-02-02,136.5567,2026-06-12,147.01,open,130,100.0,107.6549,7.6549,0.076549,True,106.955,6.955,0.06955,0.006999,True
time_6m,2026-02-01,GOOGL,0.698,0.023655762915464784,2026-02-02,343.2432,2026-06-12,359.68,open,130,100.0,104.7887,4.7887,0.047887,True,106.955,6.955,0.06955,-0.021663,False
time_6m,2026-02-01,SWK,0.641,0.020869873371719416,2026-02-02,77.4534,2026-06-12,83.62,open,130,100.0,107.9618,7.9618,0.079618,True,106.955,6.955,0.06955,0.010068,True
time_6m,2026-02-01,WMT,0.695,0.018627466313953178,2026-02-02,123.5701,2026-06-12,121.04,open,130,100.0,97.9525,-2.0475,-0.020475,True,106.955,6.955,0.06955,-0.090025,False
time_6m,2026-02-01,HON,0.697,0.01840010449909313,2026-02-02,225.1982,2026-06-12,220.31,open,130,100.0,97.8294,-2.1706,-0.021706,True,106.955,6.955,0.06955,-0.091256,False
time_6m,2026-02-01,UPS,0.67,0.01770643565188945,2026-02-02,106.9505,2026-06-12,108.1,open,130,100.0,101.0748,1.0748,0.010748,True,106.955,6.955,0.06955,-0.058802,False
time_6m,2026-02-01,LLY,0.633,0.01607878281450903,2026-02-02,1040.599,2026-06-12,1133.0,open,130,100.0,108.8796,8.8796,0.088796,True,106.955,6.955,0.06955,0.019246,True
time_6m,2026-02-01,FMAO,0.599,0.013710352159686856,2026-02-02,27.4446,2026-06-12,28.8,open,130,100.0,104.9388,4.9388,0.049388,True,106.955,6.955,0.06955,-0.020162,False
time_6m,2026-02-01,T,0.611,0.009840774341263403,2026-02-02,26.0276,2026-06-12,23.58,open,130,100.0,90.5962,-9.4038,-0.094038,True,106.955,6.955,0.06955,-0.163588,False
time_6m,2026-02-01,AB,0.591,0.009621310156236351,2026-02-02,40.0429,2026-06-12,36.44,open,130,100.0,91.0023,-8.9977,-0.089977,True,106.955,6.955,0.06955,-0.159527,False
time_6m,2026-02-01,EOG,0.591,0.008690715112313008,2026-02-02,107.5748,2026-06-12,136.65,open,130,100.0,127.0279,27.0279,0.270279,True,106.955,6.955,0.06955,0.200729,True
time_6m,2026-02-01,WPC,0.622,0.008621028664059338,2026-02-02,67.4337,2026-06-12,76.71,open,130,100.0,113.7562,13.7562,0.137562,True,106.955,6.955,0.06955,0.068012,True
time_6m,2026-02-01,PG,0.563,0.004660474033558737,2026-02-02,152.0451,2026-06-12,149.61,open,130,100.0,98.3984,-1.6016,-0.016016,True,106.955,6.955,0.06955,-0.085566,False
time_6m,2026-02-01,IBM,0.529,0.0028134367203185295,2026-02-02,310.6593,2026-06-12,272.24,open,130,100.0,87.633,-12.367,-0.12367,True,106.955,6.955,0.06955,-0.19322,False
time_6m,2026-02-01,PEG,0.531,0.0019245449253115776,2026-02-02,78.9831,2026-06-12,79.7,open,130,100.0,100.9077,0.9077,0.009077,True,106.955,6.955,0.06955,-0.060473,False
time_6m,2026-02-15,MCHP,0.737,0.052470292748030056,2026-02-17,78.086,2026-06-12,95.24,open,115,100.0,121.9681,21.9681,0.219681,True,108.9223,8.9223,0.089223,0.130458,True
time_6m,2026-02-15,AMKR,0.652,0.04844861404706413,2026-02-17,46.6979,2026-06-12,82.78,open,115,100.0,177.2672,77.2672,0.772672,True,108.9223,8.9223,0.089223,0.683449,True
time_6m,2026-02-15,BNPQY,0.835,0.03805293164442869,2026-02-17,53.5223,2026-06-12,56.0,open,115,100.0,104.6292,4.6292,0.046292,True,108.9223,8.9223,0.089223,-0.04293,False
time_6m,2026-02-15,MPWR,0.703,0.037079454311589766,2026-02-17,1170.8392,2026-06-12,1577.3199,open,115,100.0,134.717,34.717,0.34717,True,108.9223,8.9223,0.089223,0.257948,True
time_6m,2026-02-15,LRN,0.702,0.03242458632865586,2026-02-17,83.78,2026-06-12,97.71,open,115,100.0,116.6269,16.6269,0.166269,True,108.9223,8.9223,0.089223,0.077046,True
time_6m,2026-02-15,IFF,0.719,0.028192771647188808,2026-02-17,82.2542,2026-06-12,78.27,open,115,100.0,95.1562,-4.8438,-0.048438,True,108.9223,8.9223,0.089223,-0.137661,False
time_6m,2026-02-15,JNJ,0.815,0.024574184813608735,2026-02-17,240.6592,2026-06-12,240.87,open,115,100.0,100.0876,0.0876,0.000876,True,108.9223,8.9223,0.089223,-0.088347,False
time_6m,2026-02-15,VSEC,0.611,0.024190731819262012,2026-02-17,213.244,2026-06-12,196.13,open,115,100.0,91.9744,-8.0256,-0.080256,True,108.9223,8.9223,0.089223,-0.169478,False
time_6m,2026-02-15,AME,0.777,0.023237630674112886,2026-02-17,232.9601,2026-06-12,227.12,open,115,100.0,97.4931,-2.5069,-0.025069,True,108.9223,8.9223,0.089223,-0.114292,False
time_6m,2026-02-15,APG,0.686,0.0218446109536079,2026-02-17,44.43,2026-06-12,42.34,open,115,100.0,95.296,-4.704,-0.04704,True,108.9223,8.9223,0.089223,-0.136263,False
time_6m,2026-02-15,GPC,0.683,0.019389738644943533,2026-02-17,123.2558,2026-06-12,103.75,open,115,100.0,84.1745,-15.8255,-0.158255,True,108.9223,8.9223,0.089223,-0.247477,False
time_6m,2026-02-15,GGFPX,0.813,0.018751127554431868,2026-02-17,19.98,2026-06-12,20.26,open,115,100.0,101.4014,1.4014,0.014014,True,108.9223,8.9223,0.089223,-0.075209,False
time_6m,2026-02-15,BDX,0.667,0.01873817770683739,2026-02-17,175.0205,2026-06-12,146.24,open,115,100.0,83.5559,-16.4441,-0.164441,True,108.9223,8.9223,0.089223,-0.253663,False
time_6m,2026-02-15,FCFS,0.667,0.018692253249575685,2026-02-17,183.1413,2026-06-12,224.89,open,115,100.0,122.7959,22.7959,0.227959,True,108.9223,8.9223,0.089223,0.138736,True
time_6m,2026-02-15,CRS,0.602,0.018353571852208317,2026-02-17,374.705,2026-06-12,561.49,open,115,100.0,149.8485,49.8485,0.498485,True,108.9223,8.9223,0.089223,0.409263,True
time_6m,2026-02-15,ETN,0.619,0.016440333053757916,2026-02-17,389.1975,2026-06-12,391.39,open,115,100.0,100.5633,0.5633,0.005633,True,108.9223,8.9223,0.089223,-0.083589,False
time_6m,2026-02-15,COST,0.671,0.015739388199377036,2026-02-17,1010.5836,2026-06-12,982.35,open,115,100.0,97.2062,-2.7938,-0.027938,True,108.9223,8.9223,0.089223,-0.117161,False
time_6m,2026-02-15,C,0.611,0.014678054409518415,2026-02-17,113.2443,2026-06-12,139.83,open,115,100.0,123.4764,23.4764,0.234764,True,108.9223,8.9223,0.089223,0.145541,True
time_6m,2026-02-15,BNS,0.678,0.013358119928098988,2026-02-17,76.22,2026-06-12,83.99,open,115,100.0,110.1942,10.1942,0.101942,True,108.9223,8.9223,0.089223,0.012719,True
time_6m,2026-02-15,PG,0.638,0.011176325815261512,2026-02-17,158.3576,2026-06-12,149.61,open,115,100.0,94.4761,-5.5239,-0.055239,True,108.9223,8.9223,0.089223,-0.144462,False
time_6m,2026-02-15,CME,0.635,0.010471524828660428,2026-02-17,294.6227,2026-06-12,269.53,open,115,100.0,91.4831,-8.5169,-0.085169,True,108.9223,8.9223,0.089223,-0.174392,False
time_6m,2026-02-15,AMGN,0.578,0.009848330455648702,2026-02-17,370.5617,2026-06-12,355.2,open,115,100.0,95.8545,-4.1455,-0.041455,True,108.9223,8.9223,0.089223,-0.130678,False
time_6m,2026-02-15,MCK,0.563,0.009183041733393793,2026-02-17,944.6395,2026-06-12,784.05,open,115,100.0,82.9999,-17.0001,-0.170001,True,108.9223,8.9223,0.089223,-0.259224,False
time_6m,2026-02-15,BAX,0.547,0.00873343085135092,2026-02-17,20.719,2026-06-12,20.86,open,115,100.0,100.6803,0.6803,0.006803,True,108.9223,8.9223,0.089223,-0.08242,False
time_6m,2026-02-15,GOOGL,0.583,0.008711767214752975,2026-02-17,301.6273,2026-06-12,359.68,open,115,100.0,119.2465,19.2465,0.192465,True,108.9223,8.9223,0.089223,0.103242,True
time_6m,2026-02-15,MS,0.577,0.00871018890922226,2026-02-17,170.6231,2026-06-12,214.04,open,115,100.0,125.4461,25.4461,0.254461,True,108.9223,8.9223,0.089223,0.165238,True
time_6m,2026-02-15,AMP,0.573,0.008187406871713598,2026-02-17,467.0742,2026-06-12,459.13,open,115,100.0,98.2992,-1.7008,-0.017008,True,108.9223,8.9223,0.089223,-0.106231,False
time_6m,2026-02-15,AEE,0.615,0.007759143917778433,2026-02-17,109.0257,2026-06-12,109.0,open,115,100.0,99.9764,-0.0236,-0.000236,True,108.9223,8.9223,0.089223,-0.089458,False
time_6m,2026-02-15,META,0.558,0.007731692495405396,2026-02-17,638.7431,2026-06-12,566.98,open,115,100.0,88.7649,-11.2351,-0.112351,True,108.9223,8.9223,0.089223,-0.201573,False
time_6m,2026-02-15,AEP,0.604,0.0071701004190225515,2026-02-17,129.301,2026-06-12,129.23,open,115,100.0,99.9451,-0.0549,-0.000549,True,108.9223,8.9223,0.089223,-0.089772,False
time_6m,2026-02-15,RSG,0.591,0.005573465868895955,2026-02-17,220.5635,2026-06-12,209.91,open,115,100.0,95.1699,-4.8301,-0.048301,True,108.9223,8.9223,0.089223,-0.137524,False
time_6m,2026-02-15,OTIS,0.551,0.0035653407260500813,2026-02-17,91.8833,2026-06-12,70.75,open,115,100.0,76.9999,-23.0001,-0.230001,True,108.9223,8.9223,0.089223,-0.319224,False
time_6m,2026-02-15,GIS,0.537,0.0032830943301909166,2026-02-17,44.2137,2026-06-12,34.51,open,115,100.0,78.0527,-21.9473,-0.219473,True,108.9223,8.9223,0.089223,-0.308696,False
time_6m,2026-02-15,XEL,0.53,0.0019512271273744997,2026-02-17,80.1575,2026-06-12,79.22,open,115,100.0,98.8304,-1.1696,-0.011696,True,108.9223,8.9223,0.089223,-0.100919,False
time_6m,2026-02-15,JPM,0.519,0.0017192259503580054,2026-02-17,305.5662,2026-06-12,320.72,open,115,100.0,104.9593,4.9593,0.049593,True,108.9223,8.9223,0.089223,-0.03963,False
time_6m,2026-02-15,FCN,0.505,0.0007631821381117732,2026-02-17,160.23,2026-06-12,158.57,open,115,100.0,98.964,-1.036,-0.01036,True,108.9223,8.9223,0.089223,-0.099583,False
time_6m,2026-02-15,NVDA,0.504,0.0005425555635849566,2026-02-17,184.7447,2026-06-12,205.19,open,115,100.0,111.0668,11.0668,0.110668,True,108.9223,8.9223,0.089223,0.021445,True
time_6m,2026-03-01,MU,0.703,0.06241040698476197,2026-03-02,412.4967,2026-06-12,981.61,open,102,100.0,237.9679,137.9679,1.379679,True,108.3621,8.3621,0.083621,1.296059,True
time_6m,2026-03-01,AEIS,0.751,0.05507254865808253,2026-03-02,340.3149,2026-06-12,354.37,open,102,100.0,104.13,4.13,0.0413,True,108.3621,8.3621,0.083621,-0.042321,False
time_6m,2026-03-01,WPM,0.703,0.048680095954026115,2026-03-02,165.2111,2026-06-12,116.1,open,102,100.0,70.2737,-29.7263,-0.297263,True,108.3621,8.3621,0.083621,-0.380884,False
time_6m,2026-03-01,LRCX,0.682,0.04527807643948378,2026-03-02,230.7236,2026-06-12,366.81,open,102,100.0,158.9825,58.9825,0.589825,True,108.3621,8.3621,0.083621,0.506204,True
time_6m,2026-03-01,GEV,0.676,0.04305250605534461,2026-03-02,880.6475,2026-06-12,940.66,open,102,100.0,106.8146,6.8146,0.068146,True,108.3621,8.3621,0.083621,-0.015475,False
time_6m,2026-03-01,FNV,0.691,0.037704063897752604,2026-03-02,276.8742,2026-06-12,209.46,open,102,100.0,75.6517,-24.3483,-0.243483,True,108.3621,8.3621,0.083621,-0.327104,False
time_6m,2026-03-01,BE,0.585,0.035762215783097684,2026-03-02,166.0,2026-06-12,260.22,open,102,100.0,156.759,56.759,0.56759,True,108.3621,8.3621,0.083621,0.483969,True
time_6m,2026-03-01,ASML,0.67,0.0315938067387147,2026-03-02,1420.4375,2026-06-12,1863.55,open,102,100.0,131.1955,31.1955,0.311955,True,108.3621,8.3621,0.083621,0.228334,True
time_6m,2026-03-01,VSAT,0.599,0.03127816324714905,2026-03-02,47.24,2026-06-12,70.17,open,102,100.0,148.5394,48.5394,0.485394,True,108.3621,8.3621,0.083621,0.401773,True
time_6m,2026-03-01,CF,0.701,0.028192262094403064,2026-03-02,103.8759,2026-06-12,109.48,open,102,100.0,105.395,5.395,0.05395,True,108.3621,8.3621,0.083621,-0.029671,False
time_6m,2026-03-01,CMCSA,0.717,0.025526532275422342,2026-03-02,30.4657,2026-06-12,24.5,open,102,100.0,80.4182,-19.5818,-0.195818,True,108.3621,8.3621,0.083621,-0.279439,False
time_6m,2026-03-01,CP,0.705,0.02370031410425777,2026-03-02,89.2035,2026-06-12,90.08,open,102,100.0,100.9826,0.9826,0.009826,True,108.3621,8.3621,0.083621,-0.073795,False
time_6m,2026-03-01,AME,0.775,0.023495206249842804,2026-03-02,241.0773,2026-06-12,227.12,open,102,100.0,94.2105,-5.7895,-0.057895,True,108.3621,8.3621,0.083621,-0.141516,False
time_6m,2026-03-01,GILD,0.67,0.022665149427693043,2026-03-02,149.1828,2026-06-12,125.59,open,102,100.0,84.1853,-15.8147,-0.158147,True,108.3621,8.3621,0.083621,-0.241768,False
time_6m,2026-03-01,GE,0.641,0.01992938990808968,2026-03-02,345.2371,2026-06-12,335.3,open,102,100.0,97.1217,-2.8783,-0.028783,True,108.3621,8.3621,0.083621,-0.112404,False
time_6m,2026-03-01,CB,0.705,0.01766139938000566,2026-03-02,340.6882,2026-06-12,328.14,open,102,100.0,96.3168,-3.6832,-0.036832,True,108.3621,8.3621,0.083621,-0.120453,False
time_6m,2026-03-01,CME,0.697,0.017558981038457766,2026-03-02,317.1933,2026-06-12,269.53,open,102,100.0,84.9734,-15.0266,-0.150266,True,108.3621,8.3621,0.083621,-0.233887,False
time_6m,2026-03-01,PG,0.701,0.017341542895583206,2026-03-02,162.288,2026-06-12,149.61,open,102,100.0,92.188,-7.812,-0.07812,True,108.3621,8.3621,0.083621,-0.161741,False
time_6m,2026-03-01,WMT,0.646,0.015735160121782554,2026-03-02,126.5981,2026-06-12,121.04,open,102,100.0,95.6097,-4.3903,-0.043903,True,108.3621,8.3621,0.083621,-0.127524,False
time_6m,2026-03-01,SAN,0.603,0.013559717874000787,2026-03-02,11.8143,2026-06-12,12.87,open,102,100.0,108.9354,8.9354,0.089354,True,108.3621,8.3621,0.083621,0.005733,True
time_6m,2026-03-01,COST,0.623,0.011247405916743336,2026-03-02,1001.3171,2026-06-12,982.35,open,102,100.0,98.1058,-1.8942,-0.018942,True,108.3621,8.3621,0.083621,-0.102563,False
time_6m,2026-03-01,RY,0.639,0.009693996475719224,2026-03-02,167.4729,2026-06-12,199.54,open,102,100.0,119.1477,19.1477,0.191477,True,108.3621,8.3621,0.083621,0.107856,True
time_6m,2026-03-01,C,0.558,0.007882317303774089,2026-03-02,110.9253,2026-06-12,139.83,open,102,100.0,126.0578,26.0578,0.260578,True,108.3621,8.3621,0.083621,0.176957,True
time_6m,2026-03-01,BIIB,0.553,0.006980523639081637,2026-03-02,188.05,2026-06-12,200.05,open,102,100.0,106.3813,6.3813,0.063813,True,108.3621,8.3621,0.083621,-0.019808,False
time_6m,2026-03-01,ICE,0.561,0.00671454228883861,2026-03-02,164.2494,2026-06-12,140.53,open,102,100.0,85.5589,-14.4411,-0.144411,True,108.3621,8.3621,0.083621,-0.228032,False
time_6m,2026-03-01,SCHW,0.542,0.0042522121804315915,2026-03-02,95.1486,2026-06-12,91.1,open,102,100.0,95.745,-4.255,-0.04255,True,108.3621,8.3621,0.083621,-0.126171,False
time_6m,2026-03-01,CSCO,0.531,0.0040819033567636165,2026-03-02,78.992,2026-06-12,121.1,open,102,100.0,153.3067,53.3067,0.533067,True,108.3621,8.3621,0.083621,0.449446,True
time_6m,2026-03-01,ANET,0.522,0.004068109760342109,2026-03-02,129.3,2026-06-12,163.24,open,102,100.0,126.249,26.249,0.26249,True,108.3621,8.3621,0.083621,0.178869,True
time_6m,2026-03-01,CATY,0.535,0.0034471149559875958,2026-03-02,49.8678,2026-06-12,60.98,open,102,100.0,122.2834,22.2834,0.222834,True,108.3621,8.3621,0.083621,0.139213,True
time_6m,2026-03-15,XOM,0.803,0.03804589572661854,2026-03-16,156.17,2026-06-12,147.01,open,88,100.0,94.1346,-5.8654,-0.058654,True,111.1722,11.1722,0.111722,-0.170377,False
time_6m,2026-03-15,CVX,0.818,0.03668982511207175,2026-03-16,195.0535,2026-06-12,187.22,open,88,100.0,95.9839,-4.0161,-0.040161,True,111.1722,11.1722,0.111722,-0.151883,False
time_6m,2026-03-15,EOG,0.763,0.03383622155626265,2026-03-16,133.4737,2026-06-12,136.65,open,88,100.0,102.3797,2.3797,0.023797,True,111.1722,11.1722,0.111722,-0.087925,False
time_6m,2026-03-15,LRN,0.686,0.02936477084138156,2026-03-16,82.97,2026-06-12,97.71,open,88,100.0,117.7655,17.7655,0.177655,True,111.1722,11.1722,0.111722,0.065932,True
time_6m,2026-03-15,LRCX,0.611,0.028668042649483194,2026-03-16,219.4,2026-06-12,366.81,open,88,100.0,167.1878,67.1878,0.671878,True,111.1722,11.1722,0.111722,0.560155,True
time_6m,2026-03-15,CLH,0.722,0.022345375861720473,2026-03-16,289.37,2026-06-12,287.78,open,88,100.0,99.4505,-0.5495,-0.005495,True,111.1722,11.1722,0.111722,-0.117217,False
time_6m,2026-03-15,TSM,0.62,0.01911648936619903,2026-03-16,338.4814,2026-06-12,423.93,open,88,100.0,125.2447,25.2447,0.252447,True,111.1722,11.1722,0.111722,0.140725,True
time_6m,2026-03-15,MCK,0.607,0.017290331804341585,2026-03-16,942.2082,2026-06-12,784.05,open,88,100.0,83.2141,-16.7859,-0.167859,True,111.1722,11.1722,0.111722,-0.279582,False
time_6m,2026-03-15,VSEC,0.573,0.015290316229254586,2026-03-16,193.9927,2026-06-12,196.13,open,88,100.0,101.1017,1.1017,0.011017,True,111.1722,11.1722,0.111722,-0.100705,False
time_6m,2026-03-15,MPWR,0.563,0.010954135345922822,2026-03-16,1075.2502,2026-06-12,1577.3199,open,88,100.0,146.6933,46.6933,0.466933,True,111.1722,11.1722,0.111722,0.35521,True
time_6m,2026-03-15,CHRW,0.54,0.00651124522702351,2026-03-16,169.8981,2026-06-12,193.74,open,88,100.0,114.033,14.033,0.14033,True,111.1722,11.1722,0.111722,0.028608,True
time_6m,2026-03-15,CM,0.539,0.002863956875920337,2026-03-16,96.7317,2026-06-12,113.46,open,88,100.0,117.2935,17.2935,0.172935,True,111.1722,11.1722,0.111722,0.061212,True
time_6m,2026-03-15,BK,0.526,0.00237370603909115,2026-03-16,114.9238,2026-06-12,143.98,open,88,100.0,125.283,25.283,0.25283,True,111.1722,11.1722,0.111722,0.141107,True
time_6m,2026-03-15,TAXI,0.655,0.0011599831889008705,2026-03-16,51.0712,2026-06-12,51.161,open,88,100.0,100.1758,0.1758,0.001758,True,111.1722,11.1722,0.111722,-0.109965,False
time_6m,2026-04-01,XOM,0.766,0.03492553739707405,2026-04-01,159.6961,2026-06-12,147.01,open,72,100.0,92.0561,-7.9439,-0.079439,True,113.2028,13.2028,0.132028,-0.211467,False
time_6m,2026-04-01,GEV,0.65,0.03060240378069623,2026-04-01,894.78,2026-06-12,940.66,open,72,100.0,105.1275,5.1275,0.051275,True,113.2028,13.2028,0.132028,-0.080753,False
time_6m,2026-04-01,PFE,0.655,0.01589219361043903,2026-04-01,28.0864,2026-06-12,26.21,open,72,100.0,93.3192,-6.6808,-0.066808,True,113.2028,13.2028,0.132028,-0.198836,False
time_6m,2026-04-01,LIN,0.678,0.015131516683941637,2026-04-01,492.2733,2026-06-12,523.57,open,72,100.0,106.3576,6.3576,0.063576,True,113.2028,13.2028,0.132028,-0.068452,False
time_6m,2026-04-01,MRK,0.635,0.013387782833931938,2026-04-01,120.84,2026-06-12,119.05,open,72,100.0,98.5187,-1.4813,-0.014813,True,113.2028,13.2028,0.132028,-0.146841,False
time_6m,2026-04-01,CB,0.596,0.00720128604103798,2026-04-01,326.1424,2026-06-12,328.14,open,72,100.0,100.6125,0.6125,0.006125,True,113.2028,13.2028,0.132028,-0.125903,False
time_6m,2026-04-01,LRCX,0.524,0.005315064908312683,2026-04-01,222.01,2026-06-12,366.81,open,72,100.0,165.2223,65.2223,0.652223,True,113.2028,13.2028,0.132028,0.520195,True
time_6m,2026-04-01,CMI,0.501,0.0002393251882624181,2026-04-01,548.3677,2026-06-12,659.58,open,72,100.0,120.2806,20.2806,0.202806,True,113.2028,13.2028,0.132028,0.070778,True
time_6m,2026-04-15,FN,0.603,0.03521710213596174,2026-04-15,685.81,2026-06-12,611.01,open,58,100.0,89.0932,-10.9068,-0.109068,True,105.9734,5.9734,0.059734,-0.168802,False
time_6m,2026-04-15,BP,0.744,0.03410182513076987,2026-04-15,45.5984,2026-06-12,42.78,open,58,100.0,93.8191,-6.1809,-0.061809,True,105.9734,5.9734,0.059734,-0.121543,False
time_6m,2026-04-15,AMAT,0.604,0.023629208962523407,2026-04-15,393.7705,2026-06-12,567.25,open,58,100.0,144.056,44.056,0.44056,True,105.9734,5.9734,0.059734,0.380826,True
time_6m,2026-04-15,NTIOF,0.71,0.022835561624853895,2026-04-15,146.13,2026-06-12,150.14,open,58,100.0,102.7441,2.7441,0.027441,True,105.9734,5.9734,0.059734,-0.032292,False
time_6m,2026-04-15,LIN,0.699,0.017231528440444954,2026-04-15,496.3704,2026-06-12,523.57,open,58,100.0,105.4797,5.4797,0.054797,True,105.9734,5.9734,0.059734,-0.004937,False
time_6m,2026-04-15,KLAC,0.573,0.016707238082562137,2026-04-15,174.5882,2026-06-12,254.54,open,58,100.0,145.7945,45.7945,0.457945,True,105.9734,5.9734,0.059734,0.398212,True
time_6m,2026-04-15,BWXT,0.574,0.015417393197066476,2026-04-15,238.1012,2026-06-12,193.45,open,58,100.0,81.247,-18.753,-0.18753,True,105.9734,5.9734,0.059734,-0.247264,False
time_6m,2026-04-15,CSCO,0.592,0.013797357072864003,2026-04-15,82.36,2026-06-12,121.1,open,58,100.0,147.0374,47.0374,0.470374,True,105.9734,5.9734,0.059734,0.41064,True
time_6m,2026-04-15,BMO,0.614,0.012741621115089696,2026-04-15,148.2849,2026-06-12,168.3,open,58,100.0,113.4977,13.4977,0.134977,True,105.9734,5.9734,0.059734,0.075244,True
time_6m,2026-04-15,MRK,0.604,0.00979164944517441,2026-04-15,117.9,2026-06-12,119.05,open,58,100.0,100.9754,0.9754,0.009754,True,105.9734,5.9734,0.059734,-0.04998,False
time_6m,2026-04-15,AMZN,0.563,0.008303766630499698,2026-04-15,248.5,2026-06-12,238.55,open,58,100.0,95.996,-4.004,-0.04004,True,105.9734,5.9734,0.059734,-0.099774,False
time_6m,2026-04-15,AIG,0.599,0.008225140059918035,2026-04-15,77.09,2026-06-12,75.74,open,58,100.0,98.2488,-1.7512,-0.017512,True,105.9734,5.9734,0.059734,-0.077246,False
time_6m,2026-04-15,KO,0.603,0.006779044199133111,2026-04-15,75.31,2026-06-12,82.62,open,58,100.0,109.7066,9.7066,0.097066,True,105.9734,5.9734,0.059734,0.037332,True
time_6m,2026-04-15,VOO,0.576,0.004397742302924668,2026-04-15,643.45,2026-06-12,681.95,open,58,100.0,105.9834,5.9834,0.059834,True,105.9734,5.9734,0.059734,0.0001,True
time_6m,2026-04-15,VTI,0.569,0.00412074894045511,2026-04-15,345.24,2026-06-12,366.36,open,58,100.0,106.1175,6.1175,0.061175,True,105.9734,5.9734,0.059734,0.001441,True
time_6m,2026-04-15,GSKPX,0.569,0.0039814879946986625,2026-04-15,29.16,2026-06-12,30.33,open,58,100.0,104.0123,4.0123,0.040123,True,105.9734,5.9734,0.059734,-0.01961,False
time_6m,2026-04-15,MIAX,0.529,0.003296843319774645,2026-04-15,44.22,2026-06-12,43.29,open,58,100.0,97.8969,-2.1031,-0.021031,True,105.9734,5.9734,0.059734,-0.080765,False
time_6m,2026-04-15,MCD,0.539,0.0021952529293947087,2026-04-15,304.1969,2026-06-12,284.81,open,58,100.0,93.6269,-6.3731,-0.063731,True,105.9734,5.9734,0.059734,-0.123465,False
time_6m,2026-04-15,TFC,0.522,0.002157929077388765,2026-04-15,49.0716,2026-06-12,51.66,open,58,100.0,105.2748,5.2748,0.052748,True,105.9734,5.9734,0.059734,-0.006986,False
time_6m,2026-04-15,MCHP,0.511,0.0019577279061053776,2026-04-15,74.118,2026-06-12,95.24,open,58,100.0,128.4978,28.4978,0.284978,True,105.9734,5.9734,0.059734,0.225244,True
time_6m,2026-04-15,TAXI,0.5,1.8940674895162601e-06,2026-04-15,50.9795,2026-06-12,51.161,open,58,100.0,100.356,0.356,0.00356,True,105.9734,5.9734,0.059734,-0.056173,False
time_6m,2026-05-01,GLW,0.617,0.03621862459714831,2026-05-01,158.0178,2026-06-12,179.2,open,42,100.0,113.4049,13.4049,0.134049,True,102.9279,2.9279,0.029279,0.10477,True
time_6m,2026-05-01,AVGO,0.695,0.03609461198419606,2026-05-01,421.28,2026-06-12,382.07,open,42,100.0,90.6927,-9.3073,-0.093073,True,102.9279,2.9279,0.029279,-0.122353,False
time_6m,2026-05-01,CEG,0.613,0.02465794499064211,2026-05-01,307.3325,2026-06-12,253.76,open,42,100.0,82.5686,-17.4314,-0.174314,True,102.9279,2.9279,0.029279,-0.203594,False
time_6m,2026-05-01,IBIT,0.618,0.023575204300949837,2026-05-01,44.47,2026-06-12,36.04,open,42,100.0,81.0434,-18.9566,-0.189566,True,102.9279,2.9279,0.029279,-0.218845,False
time_6m,2026-05-01,VNOM,0.67,0.02141278216140985,2026-05-01,49.1983,2026-06-12,44.38,open,42,100.0,90.2063,-9.7937,-0.097937,True,102.9279,2.9279,0.029279,-0.127216,False
time_6m,2026-05-01,DMLP,0.694,0.01755676541215334,2026-05-01,27.495,2026-06-12,26.71,open,42,100.0,97.1449,-2.8551,-0.028551,True,102.9279,2.9279,0.029279,-0.05783,False
time_6m,2026-05-01,CSCO,0.585,0.01299407576149747,2026-05-01,91.85,2026-06-12,121.1,open,42,100.0,131.8454,31.8454,0.318454,True,102.9279,2.9279,0.029279,0.289175,True
time_6m,2026-05-01,EPD,0.64,0.011496655905207431,2026-05-01,38.03,2026-06-12,37.25,open,42,100.0,97.949,-2.051,-0.02051,True,102.9279,2.9279,0.029279,-0.049789,False
time_6m,2026-05-01,C,0.576,0.010850752182865353,2026-05-01,126.84,2026-06-12,139.83,open,42,100.0,110.2412,10.2412,0.102412,True,102.9279,2.9279,0.029279,0.073133,True
time_6m,2026-05-01,FDX,0.592,0.009775482610038244,2026-05-01,317.22,2026-06-12,338.31,open,42,100.0,106.6484,6.6484,0.066484,True,102.9279,2.9279,0.029279,0.037205,True
time_6m,2026-05-01,IWF,0.611,0.00903498049278939,2026-05-01,120.05,2026-06-12,121.61,open,42,100.0,101.2995,1.2995,0.012995,True,102.9279,2.9279,0.029279,-0.016285,False
time_6m,2026-05-01,TOST,0.543,0.007371454307641301,2026-05-01,29.11,2026-06-12,24.82,open,42,100.0,85.2628,-14.7372,-0.147372,True,102.9279,2.9279,0.029279,-0.176651,False
time_6m,2026-05-01,MSFT,0.558,0.006266768973713921,2026-05-01,413.5443,2026-06-12,390.74,open,42,100.0,94.4856,-5.5144,-0.055144,True,102.9279,2.9279,0.029279,-0.084423,False
time_6m,2026-05-01,IWD,0.611,0.005958274655136986,2026-05-01,230.86,2026-06-12,242.13,open,42,100.0,104.8817,4.8817,0.048817,True,102.9279,2.9279,0.029279,0.019538,True
time_6m,2026-05-01,ASML,0.535,0.005760938094678814,2026-05-01,1427.02,2026-06-12,1863.55,open,42,100.0,130.5903,30.5903,0.305903,True,102.9279,2.9279,0.029279,0.276624,True
time_6m,2026-05-01,GS,0.537,0.004547885135632201,2026-05-01,919.6569,2026-06-12,1062.75,open,42,100.0,115.5594,15.5594,0.155594,True,102.9279,2.9279,0.029279,0.126315,True
time_6m,2026-05-01,PTA,0.563,0.003300700110281829,2026-05-01,19.491,2026-06-12,19.21,open,42,100.0,98.5581,-1.4419,-0.014419,True,102.9279,2.9279,0.029279,-0.043698,False
time_6m,2026-05-01,UHAL,0.524,0.0026707444969220617,2026-05-01,51.6,2026-06-12,62.38,open,42,100.0,120.8915,20.8915,0.208915,True,102.9279,2.9279,0.029279,0.179636,True
time_6m,2026-05-01,DBEU,0.542,0.0026350784325825938,2026-05-01,50.64,2026-06-12,52.87,open,42,100.0,104.4036,4.4036,0.044036,True,102.9279,2.9279,0.029279,0.014757,True
time_6m,2026-05-01,AAPL,0.522,0.001901222976041561,2026-05-01,279.8821,2026-06-12,291.13,open,42,100.0,104.0188,4.0188,0.040188,True,102.9279,2.9279,0.029279,0.010909,True
time_6m,2026-05-01,FTSL,0.611,0.001662416355150187,2026-05-01,44.8852,2026-06-12,44.92,open,42,100.0,100.0775,0.0775,0.000775,True,102.9279,2.9279,0.029279,-0.028504,False
time_6m,2026-05-01,TJX,0.522,0.0015764281639014666,2026-05-01,156.318,2026-06-12,168.41,open,42,100.0,107.7355,7.7355,0.077355,True,102.9279,2.9279,0.029279,0.048076,True
time_6m,2026-05-01,SCIO,0.563,0.0006236032459800978,2026-05-01,20.5846,2026-06-12,20.68,open,42,100.0,100.4635,0.4635,0.004635,True,102.9279,2.9279,0.029279,-0.024644,False
time_6m,2026-05-01,FTCB,0.501,1.7963639638018947e-05,2026-05-01,20.8642,2026-06-12,20.88,open,42,100.0,100.0758,0.0758,0.000758,True,102.9279,2.9279,0.029279,-0.028521,False
time_6m,2026-05-15,INTC,0.757,0.10488240126651616,2026-05-15,108.77,2026-06-12,124.57,open,28,100.0,114.5261,14.5261,0.145261,True,100.349,0.349,0.00349,0.14177,True
time_6m,2026-05-15,MRVL,0.783,0.09507384983444234,2026-05-15,176.89,2026-06-12,279.7,open,28,100.0,158.1209,58.1209,0.581209,True,100.349,0.349,0.00349,0.577718,True
time_6m,2026-05-15,AMD,0.763,0.08809886640354714,2026-05-15,424.1,2026-06-12,511.57,open,28,100.0,120.6249,20.6249,0.206249,True,100.349,0.349,0.00349,0.202758,True
time_6m,2026-05-15,AESI,0.683,0.05431291739122801,2026-05-15,18.87,2026-06-12,16.97,open,28,100.0,89.9311,-10.0689,-0.100689,True,100.349,0.349,0.00349,-0.104179,False
time_6m,2026-05-15,CSCO,0.777,0.048690032003987804,2026-05-15,118.21,2026-06-12,121.1,open,28,100.0,102.4448,2.4448,0.024448,True,100.349,0.349,0.00349,0.020958,True
time_6m,2026-05-15,KEYS,0.666,0.04102265868910093,2026-05-15,349.01,2026-06-12,350.67,open,28,100.0,100.4756,0.4756,0.004756,True,100.349,0.349,0.00349,0.001266,True
time_6m,2026-05-15,UNH,0.737,0.03748812196543483,2026-05-15,393.85,2026-06-12,408.52,open,28,100.0,103.7248,3.7248,0.037248,True,100.349,0.349,0.00349,0.033757,True
time_6m,2026-05-15,COIN,0.54,0.01051572315065763,2026-05-15,195.43,2026-06-12,159.78,open,28,100.0,81.7582,-18.2418,-0.182418,True,100.349,0.349,0.00349,-0.185909,False
time_6m,2026-05-15,P,0.542,0.008685746944579131,2026-05-15,81.18,2026-06-12,72.31,open,28,100.0,89.0737,-10.9263,-0.109263,True,100.349,0.349,0.00349,-0.112754,False
time_6m,2026-05-15,MSFT,0.565,0.007064089952703689,2026-05-15,421.0081,2026-06-12,390.74,open,28,100.0,92.8106,-7.1894,-0.071894,True,100.349,0.349,0.00349,-0.075385,False
time_6m,2026-05-15,GSKPX,0.567,0.0038729385661464555,2026-05-15,30.0,2026-06-12,30.33,open,28,100.0,101.1,1.1,0.011,True,100.349,0.349,0.00349,0.00751,True
time_6m,2026-05-15,INTU,0.511,0.0023913682357852295,2026-05-15,393.0,2026-06-12,276.73,open,28,100.0,70.4148,-29.5852,-0.295852,True,100.349,0.349,0.00349,-0.299343,False
time_6m,2026-05-15,CELFX,0.936,0.002270348314550086,2026-05-15,10.86,2026-06-12,10.89,open,28,100.0,100.2762,0.2762,0.002762,True,100.349,0.349,0.00349,-0.000728,False
time_6m,2026-05-15,V,0.522,0.001981586205703545,2026-05-15,325.75,2026-06-12,322.39,open,28,100.0,98.9685,-1.0315,-0.010315,True,100.349,0.349,0.00349,-0.013805,False
time_6m,2026-05-15,NSIT,0.506,0.0019175601583640844,2026-05-15,88.9,2026-06-12,111.05,open,28,100.0,124.9156,24.9156,0.249156,True,100.349,0.349,0.00349,0.245666,True
time_6m,2026-05-15,ADP,0.505,0.0006936938298256479,2026-05-15,212.865,2026-06-12,226.21,open,28,100.0,106.2692,6.2692,0.062692,True,100.349,0.349,0.00349,0.059202,True
time_6m,2026-05-15,CARR,0.501,7.51463128476626e-05,2026-05-15,64.67,2026-06-12,69.91,open,28,100.0,108.1027,8.1027,0.081027,True,100.349,0.349,0.00349,0.077536,True
time_6m,2026-06-01,AMD,0.832,0.1177375889659602,2026-06-01,510.13,2026-06-12,511.57,open,11,100.0,100.2823,0.2823,0.002823,True,97.7865,-2.2135,-0.022135,0.024957,True
time_6m,2026-06-01,IFNNY,0.812,0.08687127296602792,2026-06-01,93.89,2026-06-12,92.3,open,11,100.0,98.3065,-1.6935,-0.016935,True,97.7865,-2.2135,-0.022135,0.0052,True
time_6m,2026-06-01,TXN,0.716,0.049561145078502955,2026-06-01,293.2,2026-06-12,301.12,open,11,100.0,102.7012,2.7012,0.027012,True,97.7865,-2.2135,-0.022135,0.049147,True
time_6m,2026-06-01,GS,0.726,0.029785735898509413,2026-06-01,1048.58,2026-06-12,1062.75,open,11,100.0,101.3514,1.3514,0.013514,True,97.7865,-2.2135,-0.022135,0.035648,True
time_6m,2026-06-01,AAPL,0.717,0.021055134333178405,2026-06-01,306.31,2026-06-12,291.13,open,11,100.0,95.0442,-4.9558,-0.049558,True,97.7865,-2.2135,-0.022135,-0.027423,False
time_6m,2026-06-01,IHG,0.655,0.019603243393615966,2026-06-01,155.01,2026-06-12,167.12,open,11,100.0,107.8124,7.8124,0.078124,True,97.7865,-2.2135,-0.022135,0.100259,True
time_6m,2026-06-01,CBZ,0.591,0.018760381823742067,2026-06-01,34.68,2026-06-12,35.26,open,11,100.0,101.6724,1.6724,0.016724,True,97.7865,-2.2135,-0.022135,0.038859,True
time_6m,2026-06-01,FCX,0.559,0.012447437317679944,2026-06-01,67.04,2026-06-12,68.41,open,11,100.0,102.0436,2.0436,0.020436,True,97.7865,-2.2135,-0.022135,0.04257,True
time_6m,2026-06-01,NTES,0.563,0.006500383215039651,2026-06-01,122.5468,2026-06-12,125.82,open,11,100.0,102.671,2.671,0.02671,True,97.7865,-2.2135,-0.022135,0.048844,True
time_6m,2026-06-01,SPG,0.577,0.0062111578216952346,2026-06-01,200.5004,2026-06-12,219.04,open,11,100.0,109.2467,9.2467,0.092467,True,97.7865,-2.2135,-0.022135,0.114601,True
time_6m,2026-06-01,JPM,0.546,0.0036065717105784323,2026-06-01,296.58,2026-06-12,320.72,open,11,100.0,108.1395,8.1395,0.081395,True,97.7865,-2.2135,-0.022135,0.103529,True
trail_10,2025-10-01,OPEN,0.69,0.2293874565983436,2025-10-01,8.06,2025-10-09,8.14,trail,8,100.0,100.9926,0.9926,0.009926,False,100.4054,0.4054,0.004054,0.005871,True
trail_10,2025-10-01,GOOGL,0.815,0.03962102293863001,2025-10-01,244.4218,2026-02-12,308.5983,trail,134,100.0,126.2565,26.2565,0.262565,False,102.219,2.219,0.02219,0.240375,True
trail_10,2025-10-01,AAPL,0.705,0.023013427768410644,2025-10-01,254.7293,2026-01-16,255.0561,trail,107,100.0,100.1283,0.1283,0.001283,False,103.778,3.778,0.03778,-0.036497,False
trail_10,2025-10-01,AVGO,0.63,0.021312589148331673,2025-10-01,332.0568,2025-11-13,338.6204,trail,43,100.0,101.9767,1.9767,0.019767,False,100.5371,0.5371,0.005371,0.014396,True
trail_10,2025-10-01,ORCL,0.564,0.01911171614543239,2025-10-01,286.7472,2025-10-20,275.4871,trail,19,100.0,96.0732,-3.9268,-0.039268,False,100.4264,0.4264,0.004264,-0.043532,False
trail_10,2025-10-01,NVDA,0.64,0.01657848381301541,2025-10-01,187.0015,2025-11-18,181.129,trail,48,100.0,96.8596,-3.1404,-0.031404,False,98.7478,-1.2522,-0.012522,-0.018882,False
trail_10,2025-10-01,UNH,0.59,0.01613386457493915,2025-10-01,343.3049,2025-11-04,326.0854,trail,34,100.0,94.9842,-5.0158,-0.050158,False,101.0158,1.0158,0.010158,-0.060316,False
trail_10,2025-10-01,QCOM,0.558,0.005837998218980012,2025-10-01,163.9813,2025-11-17,164.2373,trail,47,100.0,100.1562,0.1562,0.001562,False,99.5841,-0.4159,-0.004159,0.00572,True
trail_10,2025-10-01,MCD,0.571,0.0038929745373337266,2025-10-01,295.0667,2026-04-01,305.22,time,182,100.0,103.441,3.441,0.03441,False,98.5819,-1.4181,-0.014181,0.048591,True
trail_10,2025-10-15,APP,0.701,0.05842853859795616,2025-10-15,602.3,2025-11-12,584.86,trail,28,100.0,97.1044,-2.8956,-0.028956,False,102.7377,2.7377,0.027377,-0.056332,False
trail_10,2025-10-15,GOOGL,0.764,0.0334579677821798,2025-10-15,250.5398,2026-02-12,308.5983,trail,120,100.0,123.1734,23.1734,0.231734,False,102.7231,2.7231,0.027231,0.204503,True
trail_10,2025-10-15,UNH,0.628,0.024777015049093132,2025-10-15,355.9706,2025-11-04,326.0854,trail,20,100.0,91.6046,-8.3954,-0.083954,False,101.5139,1.5139,0.015139,-0.099093,False
trail_10,2025-10-15,AVGO,0.629,0.024640450287666038,2025-10-15,349.925,2025-11-13,338.6204,trail,29,100.0,96.7694,-3.2306,-0.032306,False,101.0328,1.0328,0.010328,-0.042634,False
trail_10,2025-10-15,ORCL,0.573,0.02183245555792146,2025-10-15,301.7656,2025-10-20,275.4871,trail,5,100.0,91.2917,-8.7083,-0.087083,False,100.9216,0.9216,0.009216,-0.096298,False
trail_10,2025-10-15,AAPL,0.662,0.01831919500630419,2025-10-15,248.6366,2026-01-16,255.0561,trail,93,100.0,102.5819,2.5819,0.025819,False,104.2897,4.2897,0.042897,-0.017078,False
trail_10,2025-10-15,BNS,0.7,0.015341549964374757,2025-10-15,64.51,2026-03-12,69.9,trail,148,100.0,108.3553,8.3553,0.083553,False,100.4297,0.4297,0.004297,0.079256,True
trail_10,2025-10-15,BMO,0.705,0.014683117560095438,2025-10-15,127.226,2026-03-20,132.7511,trail,156,100.0,104.3428,4.3428,0.043428,False,98.0596,-1.9404,-0.019404,0.062832,True
trail_10,2025-10-15,RY,0.682,0.011911176685284408,2025-10-15,145.7814,2026-03-30,156.7761,trail,166,100.0,107.5419,7.5419,0.075419,False,95.5498,-4.4502,-0.044502,0.119921,True
trail_10,2025-10-15,NVDA,0.553,0.0059242896379094745,2025-10-15,179.6009,2025-11-18,181.129,trail,34,100.0,100.8508,0.8508,0.008508,False,99.2348,-0.7652,-0.007652,0.01616,True
trail_10,2025-10-15,VTEB,0.868,0.005454044279670889,2025-10-15,49.2284,2026-04-15,49.9808,time,182,100.0,101.5283,1.5283,0.015283,False,105.8264,5.8264,0.058264,-0.042981,False
trail_10,2025-10-15,PANW,0.537,0.004117751213195353,2025-10-15,206.7,2025-11-20,185.07,trail,36,100.0,89.5356,-10.4644,-0.104644,False,98.0997,-1.9003,-0.019003,-0.085642,False
trail_10,2025-10-15,MCD,0.566,0.003697736306313537,2025-10-15,299.7109,2026-04-07,302.7964,trail,174,100.0,101.0295,1.0295,0.010295,False,99.6698,-0.3302,-0.003302,0.013597,True
trail_10,2025-10-15,TAXI,0.863,0.0034427910684382557,2025-10-15,50.0788,2026-04-15,50.9795,time,182,100.0,101.7985,1.7985,0.017985,False,105.8264,5.8264,0.058264,-0.040279,False
trail_10,2025-10-15,NFLX,0.535,0.002749620721958168,2025-10-15,120.329,2025-10-22,111.637,trail,7,100.0,92.7765,-7.2235,-0.072235,False,100.3954,0.3954,0.003954,-0.076189,False
trail_10,2025-10-15,QCOM,0.522,0.0026281224125908054,2025-10-15,160.5143,2025-11-17,164.2373,trail,33,100.0,102.3195,2.3195,0.023195,False,100.0752,0.0752,0.000752,0.022443,True
trail_10,2025-10-15,NDAQ,0.53,0.002238266349144924,2025-10-15,88.7516,2026-02-03,87.1206,trail,111,100.0,98.1623,-1.8377,-0.018377,False,103.9685,3.9685,0.039685,-0.058062,False
trail_10,2025-10-15,ARTFX,0.683,0.001968274562438088,2025-10-15,8.8297,2026-04-15,8.9549,time,182,100.0,101.4183,1.4183,0.014183,False,105.8264,5.8264,0.058264,-0.044081,False
trail_10,2025-10-15,ALLY,0.515,0.0016171899950139235,2025-10-15,38.8523,2026-01-22,41.4103,trail,99,100.0,106.584,6.584,0.06584,False,103.8856,3.8856,0.038856,0.026983,True
trail_10,2025-10-15,FFRHX,0.624,0.0013426506546234673,2025-10-15,8.7488,2026-04-15,8.8926,time,182,100.0,101.6441,1.6441,0.016441,False,105.8264,5.8264,0.058264,-0.041823,False
trail_10,2025-10-15,PRI,0.505,0.0006300259955809295,2025-10-15,264.396,2026-03-19,245.9653,trail,155,100.0,93.0291,-6.9709,-0.069709,False,99.4858,-0.5142,-0.005142,-0.064567,False
trail_10,2025-10-15,META,0.502,0.00040808863388885896,2025-10-15,716.3519,2025-10-30,665.3572,trail,15,100.0,92.8813,-7.1187,-0.071187,False,102.204,2.204,0.02204,-0.093226,False
trail_10,2025-11-01,IREN,0.78,0.1397974723454134,2025-11-03,67.75,2025-11-06,66.96,trail,3,100.0,98.8339,-1.1661,-0.011661,False,98.0932,-1.9068,-0.019068,0.007408,True
trail_10,2025-11-01,RGTI,0.719,0.11766122432550219,2025-11-03,39.12,2025-11-04,35.18,trail,1,100.0,89.9284,-10.0716,-0.100716,False,98.8146,-1.1854,-0.011854,-0.088862,False
trail_10,2025-11-01,STX,0.731,0.06257412777287108,2025-11-03,264.3939,2025-11-13,261.4169,trail,10,100.0,98.874,-1.126,-0.01126,False,98.3464,-1.6536,-0.016536,0.005277,True
trail_10,2025-11-01,ASML,0.788,0.04626850619545708,2025-11-03,1063.0927,2025-12-17,1011.8823,trail,44,100.0,95.1829,-4.8171,-0.048171,False,98.2527,-1.7473,-0.017473,-0.030698,False
trail_10,2025-11-01,GOOGL,0.797,0.040357928383258024,2025-11-03,283.1659,2026-02-12,308.5983,trail,101,100.0,108.9814,8.9814,0.089814,False,99.9917,-0.0083,-8.3e-05,0.089898,True
trail_10,2025-11-01,PANW,0.806,0.03340558497171364,2025-11-03,219.23,2025-11-20,185.07,trail,17,100.0,84.4182,-15.5818,-0.155818,False,95.4913,-4.5087,-0.045087,-0.110731,False
trail_10,2025-11-01,CAH,0.635,0.022630401263354694,2025-11-03,189.2881,2026-03-23,205.9009,trail,140,100.0,108.7764,8.7764,0.087764,False,96.4544,-3.5456,-0.035456,0.12322,True
trail_10,2025-11-01,AAPL,0.697,0.019917442446432787,2025-11-03,268.291,2026-01-16,255.0561,trail,74,100.0,95.067,-4.933,-0.04933,False,101.5166,1.5166,0.015166,-0.064497,False
trail_10,2025-11-01,AMZN,0.582,0.010690847945075577,2025-11-03,254.0,2025-11-18,222.55,trail,15,100.0,87.6181,-12.3819,-0.123819,False,96.5961,-3.4039,-0.034039,-0.08978,False
trail_10,2025-11-01,DT,0.596,0.010574735764151244,2025-11-03,50.48,2025-11-17,45.15,trail,14,100.0,89.4414,-10.5586,-0.105586,False,97.4142,-2.5858,-0.025858,-0.079728,False
trail_10,2025-11-01,NTES,0.578,0.010359263230304894,2025-11-03,138.321,2026-01-21,129.507,trail,79,100.0,93.6278,-6.3722,-0.063722,False,100.5978,0.5978,0.005978,-0.0697,False
trail_10,2025-11-01,BHP,0.598,0.009136258231976058,2025-11-03,55.0656,2026-03-06,71.85,trail,123,100.0,130.4807,30.4807,0.304807,False,98.6869,-1.3131,-0.013131,0.317938,True
trail_10,2025-11-01,IT,0.563,0.009057717868606208,2025-11-03,245.92,2026-01-20,221.83,trail,78,100.0,90.2041,-9.7959,-0.097959,False,99.4501,-0.5499,-0.005499,-0.092459,False
trail_10,2025-11-01,IVV,0.686,0.008663993936173453,2025-11-03,682.4503,2026-05-04,721.39,time,182,100.0,105.7059,5.7059,0.057059,False,105.6719,5.6719,0.056719,0.00034,True
trail_10,2025-11-01,PLTR,0.546,0.007237454716573666,2025-11-03,207.18,2025-11-06,175.05,trail,3,100.0,84.4918,-15.5082,-0.155082,False,98.0932,-1.9068,-0.019068,-0.136014,False
trail_10,2025-11-01,NVS,0.596,0.007045106145806557,2025-11-03,120.2015,2026-03-20,146.03,trail,137,100.0,121.4877,21.4877,0.214877,False,95.4522,-4.5478,-0.045478,0.260355,True
trail_10,2025-11-01,AMGN,0.56,0.00517310223722367,2025-11-03,289.9872,2026-03-20,345.1933,trail,137,100.0,119.0374,19.0374,0.190374,False,95.4522,-4.5478,-0.045478,0.235852,True
trail_10,2025-11-01,SMR,0.509,0.0043885149721552,2025-11-03,40.83,2025-11-04,35.63,trail,1,100.0,87.2643,-12.7357,-0.127357,False,98.8146,-1.1854,-0.011854,-0.115504,False
trail_10,2025-11-01,HUM,0.523,0.0039805795449141534,2025-11-03,277.5548,2025-11-06,248.9882,trail,3,100.0,89.7078,-10.2922,-0.102922,False,98.0932,-1.9068,-0.019068,-0.083854,False
trail_10,2025-11-01,CVX,0.553,0.003563084820371376,2025-11-03,149.4936,2026-04-10,186.8387,trail,158,100.0,124.9811,24.9811,0.249811,False,99.9984,-0.0016,-1.6e-05,0.249827,True
trail_10,2025-11-01,WTRG,0.528,0.001954128108640152,2025-11-03,37.0615,2026-05-04,37.6035,time,182,100.0,101.4625,1.4625,0.014625,False,105.6719,5.6719,0.056719,-0.042094,False
trail_10,2025-11-15,CLS,0.678,0.05627955159882636,2025-11-17,309.37,2025-11-21,280.06,trail,4,100.0,90.5259,-9.4741,-0.094741,False,99.0025,-0.9975,-0.009975,-0.084766,False
trail_10,2025-11-15,GOOGL,0.752,0.03530521894685412,2025-11-17,284.4634,2026-02-12,308.5983,trail,87,100.0,108.4844,8.4844,0.084844,False,102.6459,2.6459,0.026459,0.058384,True
trail_10,2025-11-15,APP,0.599,0.024701965356474398,2025-11-17,539.27,2026-01-02,618.32,trail,46,100.0,114.6587,14.6587,0.146587,False,102.9322,2.9322,0.029322,0.117265,True
trail_10,2025-11-15,TSM,0.652,0.0239374212222474,2025-11-17,279.8052,2025-12-17,275.5365,trail,30,100.0,98.4744,-1.5256,-0.015256,False,100.8608,0.8608,0.008608,-0.023864,False
trail_10,2025-11-15,AAPL,0.708,0.02166581970239001,2025-11-17,266.964,2026-01-16,255.0561,trail,60,100.0,95.5395,-4.4605,-0.044605,False,104.2114,4.2114,0.042114,-0.086718,False
trail_10,2025-11-15,HURN,0.643,0.020778770260122537,2025-11-17,160.53,2026-01-29,166.82,trail,73,100.0,103.9183,3.9183,0.039183,False,104.57,4.57,0.0457,-0.006517,False
trail_10,2025-11-15,NVT,0.636,0.019920721490759075,2025-11-17,103.7412,2025-12-17,94.6717,trail,30,100.0,91.2576,-8.7424,-0.087424,False,100.8608,0.8608,0.008608,-0.096032,False
trail_10,2025-11-15,EQT,0.635,0.017112727069472422,2025-11-17,58.7086,2025-12-16,53.0207,trail,29,100.0,90.3116,-9.6884,-0.096884,False,101.983,1.983,0.01983,-0.116713,False
trail_10,2025-11-15,HOOD,0.539,0.00927981941485534,2025-11-17,115.97,2025-11-20,106.21,trail,3,100.0,91.584,-8.416,-0.08416,False,98.0261,-1.9739,-0.019739,-0.06442,False
trail_10,2025-11-15,PLTR,0.549,0.009246275571362483,2025-11-17,171.25,2026-01-02,167.86,trail,46,100.0,98.0204,-1.9796,-0.019796,False,102.9322,2.9322,0.029322,-0.049118,False
trail_10,2025-11-15,FTGC,0.655,0.008290408531735016,2025-11-17,22.8577,2026-05-18,30.04,time,182,100.0,131.4216,31.4216,0.314216,False,111.5952,11.5952,0.115952,0.198264,True
trail_10,2025-11-15,NVDA,0.553,0.00729763026351038,2025-11-17,186.3623,2026-02-05,171.6706,trail,80,100.0,92.1166,-7.8834,-0.078834,False,102.096,2.096,0.02096,-0.099794,False
trail_10,2025-11-15,EIPI,0.613,0.004056996619204778,2025-11-17,19.2807,2026-05-18,22.4854,time,182,100.0,116.6217,16.6217,0.166217,False,111.5952,11.5952,0.115952,0.050265,True
trail_10,2025-11-15,FIVE,0.522,0.003267863317467423,2025-11-17,147.72,2026-05-07,221.25,trail,171,100.0,149.7766,49.7766,0.497766,False,110.5271,10.5271,0.105271,0.392495,True
trail_10,2025-11-15,SHOP,0.51,0.001985678794187651,2025-11-17,139.93,2026-01-20,144.5,trail,64,100.0,103.2659,3.2659,0.032659,False,102.09,2.09,0.0209,0.01176,True
trail_10,2025-11-15,LCII,0.503,0.0004382065275045921,2025-11-17,101.831,2026-02-25,133.5257,trail,100,100.0,131.1248,31.1248,0.311248,False,104.4359,4.4359,0.044359,0.266889,True
trail_10,2025-11-15,INTU,0.504,0.00032432260678261216,2025-11-17,642.806,2026-01-13,603.4153,trail,57,100.0,93.8721,-6.1279,-0.061279,False,104.5293,4.5293,0.045293,-0.106572,False
trail_10,2025-12-01,BE,0.611,0.0585272446027576,2025-12-01,98.93,2025-12-10,101.29,trail,9,100.0,102.3855,2.3855,0.023855,False,101.0731,1.0731,0.010731,0.013124,True
trail_10,2025-12-01,GOOGL,0.761,0.03561989869414828,2025-12-01,314.2751,2026-02-12,308.5983,trail,73,100.0,98.1937,-1.8063,-0.018063,False,100.4429,0.4429,0.004429,-0.022492,False
trail_10,2025-12-01,CLS,0.588,0.0265020626649084,2025-12-01,318.37,2025-12-12,306.5,trail,11,100.0,96.2716,-3.7284,-0.037284,False,100.219,0.219,0.00219,-0.039474,False
trail_10,2025-12-01,VALE,0.756,0.02345420463186243,2025-12-01,12.0522,2026-03-05,15.42,trail,94,100.0,127.9439,27.9439,0.279439,False,100.4488,0.4488,0.004488,0.274951,True
trail_10,2025-12-01,UTHR,0.67,0.0232719000907311,2025-12-01,479.95,2026-01-16,464.93,trail,46,100.0,96.8705,-3.1295,-0.031295,False,101.9748,1.9748,0.019748,-0.051043,False
trail_10,2025-12-01,TMO,0.669,0.021795384397548023,2025-12-01,584.1329,2026-02-03,569.527,trail,64,100.0,97.4996,-2.5004,-0.025004,False,101.6607,1.6607,0.016607,-0.041612,False
trail_10,2025-12-01,AAPL,0.706,0.02107372554380138,2025-12-01,282.575,2026-01-16,255.0561,trail,46,100.0,90.2614,-9.7386,-0.097386,False,101.9748,1.9748,0.019748,-0.117134,False
trail_10,2025-12-01,AZTA,0.578,0.017765656280792408,2025-12-01,34.86,2025-12-31,33.26,trail,30,100.0,95.4102,-4.5898,-0.045898,False,100.5388,0.5388,0.005388,-0.051286,False
trail_10,2025-12-01,BABA,0.586,0.016567850209439516,2025-12-01,162.7652,2025-12-17,145.7514,trail,16,100.0,89.5471,-10.4529,-0.104529,False,98.6961,-1.3039,-0.013039,-0.091491,False
trail_10,2025-12-01,CSCO,0.667,0.016163221168648878,2025-12-01,75.2276,2026-02-12,74.5958,trail,73,100.0,99.1601,-0.8399,-0.008399,False,100.4429,0.4429,0.004429,-0.012828,False
trail_10,2025-12-01,BCS,0.642,0.015753242254312738,2025-12-01,22.4804,2026-02-27,24.28,trail,88,100.0,108.005,8.005,0.08005,False,101.1388,1.1388,0.011388,0.068662,True
trail_10,2025-12-01,APP,0.553,0.012563167199420855,2025-12-01,623.59,2026-01-02,618.32,trail,32,100.0,99.1549,-0.8451,-0.008451,False,100.7231,0.7231,0.007231,-0.015682,False
trail_10,2025-12-01,AXP,0.613,0.012428016302265865,2025-12-01,358.3784,2026-02-12,341.7994,trail,73,100.0,95.3739,-4.6261,-0.046261,False,100.4429,0.4429,0.004429,-0.05069,False
trail_10,2025-12-01,AZN,0.604,0.012309997124248406,2025-12-01,179.1721,2026-03-20,183.6,trail,109,100.0,102.4713,2.4713,0.024713,False,95.883,-4.117,-0.04117,0.065884,True
trail_10,2025-12-01,APG,0.608,0.012146470411791288,2025-12-01,38.98,2026-03-13,39.92,trail,102,100.0,102.4115,2.4115,0.024115,False,97.6446,-2.3554,-0.023554,0.047669,True
trail_10,2025-12-01,AVGO,0.563,0.011784329856131759,2025-12-01,384.536,2025-12-12,358.4906,trail,11,100.0,93.2268,-6.7732,-0.067732,False,100.219,0.219,0.00219,-0.069923,False
trail_10,2025-12-01,CCJ,0.547,0.011406938483085938,2025-12-01,87.53,2025-12-17,84.85,trail,16,100.0,96.9382,-3.0618,-0.030618,False,98.6961,-1.3039,-0.013039,-0.017579,False
trail_10,2025-12-01,GS,0.604,0.01063361906273852,2025-12-01,799.1141,2026-02-27,851.3181,trail,88,100.0,106.5327,6.5327,0.065327,False,101.1388,1.1388,0.011388,0.053939,True
trail_10,2025-12-01,AVAV,0.538,0.007557422017004489,2025-12-01,257.8,2025-12-10,245.25,trail,9,100.0,95.1319,-4.8681,-0.048681,False,101.0731,1.0731,0.010731,-0.059412,False
trail_10,2025-12-01,DELL,0.542,0.007356997271979582,2025-12-01,131.109,2025-12-18,122.0269,trail,17,100.0,93.0729,-6.9271,-0.069271,False,99.4414,-0.5586,-0.005586,-0.063685,False
trail_10,2025-12-01,NVDA,0.551,0.007266196212135423,2025-12-01,179.6908,2026-02-05,171.6706,trail,66,100.0,95.5367,-4.4633,-0.044633,False,99.9048,-0.0952,-0.000952,-0.043681,False
trail_10,2025-12-01,RY,0.641,0.006847532378551069,2025-12-01,151.8499,2026-03-30,156.7761,trail,119,100.0,103.2442,3.2442,0.032442,False,93.4288,-6.5712,-0.065712,0.098153,True
trail_10,2025-12-01,ALIZY,0.565,0.004259569486146919,2025-12-01,41.0057,2026-03-05,39.2357,trail,94,100.0,95.6836,-4.3164,-0.043164,False,100.4488,0.4488,0.004488,-0.047652,False
trail_10,2025-12-01,UNM,0.54,0.0032053032342449495,2025-12-01,74.3044,2026-02-09,71.2758,trail,70,100.0,95.9241,-4.0759,-0.040759,False,102.3124,2.3124,0.023124,-0.063883,False
trail_10,2025-12-01,FTNT,0.522,0.0020973130373636018,2025-12-01,81.82,2026-01-02,77.88,trail,32,100.0,95.1845,-4.8155,-0.048155,False,100.7231,0.7231,0.007231,-0.055385,False
trail_10,2025-12-01,UNH,0.512,0.0016000716658375325,2025-12-01,318.5747,2026-01-27,280.5192,trail,57,100.0,88.0544,-11.9456,-0.119456,False,102.5394,2.5394,0.025394,-0.14485,False
trail_10,2025-12-15,COHR,0.65,0.04872310673953528,2025-12-15,178.45,2026-01-08,173.15,trail,24,100.0,97.03,-2.97,-0.0297,False,101.5891,1.5891,0.015891,-0.045591,False
trail_10,2025-12-15,ISRG,0.667,0.02704103960034132,2025-12-15,559.52,2026-01-20,527.44,trail,36,100.0,94.2665,-5.7335,-0.057335,False,99.8314,-0.1686,-0.001686,-0.055649,False
trail_10,2025-12-15,JNJ,0.849,0.0257925018263514,2025-12-15,211.8193,2026-05-07,221.2376,trail,143,100.0,104.4464,4.4464,0.044464,False,108.0819,8.0819,0.080819,-0.036354,False
trail_10,2025-12-15,IDEXY,0.671,0.02314438485659931,2025-12-15,15.7861,2026-03-03,14.872,trail,78,100.0,94.2092,-5.7908,-0.057908,False,100.2366,0.2366,0.002366,-0.060273,False
trail_10,2025-12-15,TMO,0.686,0.023104214491500796,2025-12-15,575.3412,2026-02-03,569.527,trail,50,100.0,98.9894,-1.0106,-0.010106,False,101.592,1.592,0.01592,-0.026026,False
trail_10,2025-12-15,KDP,0.629,0.015194011358456772,2025-12-15,28.7362,2026-03-11,27.4079,trail,86,100.0,95.3778,-4.6222,-0.046222,False,99.6472,-0.3528,-0.003528,-0.042694,False
trail_10,2025-12-15,HAYW,0.565,0.008380840037055526,2025-12-15,15.97,2026-02-25,14.99,trail,72,100.0,93.8635,-6.1365,-0.061365,False,102.1254,2.1254,0.021254,-0.082619,False
trail_10,2025-12-15,TM,0.579,0.008112709600623269,2025-12-15,214.81,2026-03-05,221.48,trail,80,100.0,103.1051,3.1051,0.031051,False,100.3809,0.3809,0.003809,0.027241,True
trail_10,2025-12-15,COF,0.567,0.0076505511710902585,2025-12-15,237.8748,2026-01-13,229.5426,trail,29,100.0,96.4972,-3.5028,-0.035028,False,102.2167,2.2167,0.022167,-0.057195,False
trail_10,2025-12-15,CVCO,0.53,0.005818001802332828,2025-12-15,598.17,2026-01-28,616.11,trail,44,100.0,102.9991,2.9991,0.029991,False,102.4598,2.4598,0.024598,0.005393,True
trail_10,2025-12-15,BCE,0.562,0.0044992398452330384,2025-12-15,23.3155,2026-04-10,23.35,trail,116,100.0,100.1482,0.1482,0.001482,False,100.3818,0.3818,0.003818,-0.002336,False
trail_10,2025-12-15,IFF,0.545,0.004420901058443061,2025-12-15,63.4031,2026-03-06,73.3369,trail,81,100.0,115.6676,15.6676,0.156676,False,99.0652,-0.9348,-0.009348,0.166024,True
trail_10,2025-12-15,MET,0.54,0.003290334085508162,2025-12-15,81.3985,2026-02-27,71.5219,trail,74,100.0,87.8664,-12.1336,-0.121336,False,101.0705,1.0705,0.010705,-0.13204,False
trail_10,2025-12-15,BMO,0.541,0.0024284140937009813,2025-12-15,131.0053,2026-03-20,132.7511,trail,95,100.0,101.3326,1.3326,0.013326,False,95.8182,-4.1818,-0.041818,0.055145,True
trail_10,2025-12-15,APO,0.515,0.00218718150967101,2025-12-15,145.6186,2026-01-23,135.1854,trail,39,100.0,92.8352,-7.1648,-0.071648,False,101.5478,1.5478,0.015478,-0.087126,False
trail_10,2025-12-15,AXAHY,0.53,0.0019219659426228386,2025-12-15,45.237,2026-03-12,41.4318,trail,87,100.0,91.5884,-8.4116,-0.084116,False,98.1341,-1.8659,-0.018659,-0.065457,False
trail_10,2025-12-15,CRM,0.513,0.0018825669232021003,2025-12-15,252.883,2026-01-14,238.3571,trail,30,100.0,94.2559,-5.7441,-0.057441,False,101.7143,1.7143,0.017143,-0.074584,False
trail_10,2025-12-15,D,0.526,0.0015603968386634914,2025-12-15,58.622,2026-06-12,67.91,open,179,100.0,115.8439,15.8439,0.158439,True,109.5843,9.5843,0.095843,0.062595,True
trail_10,2025-12-15,VTEB,0.662,0.0012976467163468008,2025-12-15,49.3864,2026-06-12,50.3,open,179,100.0,101.8499,1.8499,0.018499,True,109.5843,9.5843,0.095843,-0.077344,False
trail_10,2025-12-15,CL,0.513,0.0010452028353857834,2025-12-15,78.459,2026-03-12,87.4068,trail,87,100.0,111.4045,11.4045,0.114045,False,98.1341,-1.8659,-0.018659,0.132704,True
trail_10,2025-12-15,UNH,0.505,0.0006469968858975328,2025-12-15,338.4687,2026-01-27,280.5192,trail,43,100.0,82.8789,-17.1211,-0.171211,False,102.4702,2.4702,0.024702,-0.195912,False
trail_10,2026-01-01,GOOGL,0.708,0.028974689822372612,2026-01-02,314.7403,2026-02-12,308.5983,trail,41,100.0,98.0486,-1.9514,-0.019514,False,99.7219,-0.2781,-0.002781,-0.016733,False
trail_10,2026-01-01,WFC,0.655,0.01720484420415236,2026-01-02,94.1959,2026-01-20,85.7459,trail,18,100.0,91.0294,-8.9706,-0.089706,False,99.1818,-0.8182,-0.008182,-0.081523,False
trail_10,2026-01-01,PUK,0.655,0.01299341603508597,2026-01-02,31.2264,2026-02-12,29.3908,trail,41,100.0,94.1214,-5.8786,-0.058786,False,99.7219,-0.2781,-0.002781,-0.056005,False
trail_10,2026-01-01,NVDA,0.501,0.00026891810838791663,2026-01-02,188.6199,2026-02-05,171.6706,trail,34,100.0,91.014,-8.986,-0.08986,False,99.1876,-0.8124,-0.008124,-0.081736,False
trail_10,2026-01-01,VZ,0.502,0.00024508398959999234,2026-01-02,39.2388,2026-04-13,45.42,trail,101,100.0,115.7528,15.7528,0.157528,False,100.7032,0.7032,0.007032,0.150496,True
trail_10,2026-01-15,AA,0.74,0.06375577153647383,2026-01-15,63.6039,2026-01-30,56.6265,trail,15,100.0,89.0299,-10.9701,-0.109701,False,99.961,-0.039,-0.00039,-0.109311,False
trail_10,2026-01-15,DLTR,0.763,0.042553304039172346,2026-01-15,141.21,2026-01-22,126.79,trail,7,100.0,89.7883,-10.2117,-0.102117,False,99.5291,-0.4709,-0.004709,-0.097408,False
trail_10,2026-01-15,GOOGL,0.763,0.0342303112398914,2026-01-15,332.3474,2026-02-12,308.5983,trail,28,100.0,92.8541,-7.1459,-0.071459,False,98.4153,-1.5847,-0.015847,-0.055612,False
trail_10,2026-01-15,CNC,0.643,0.030825705095671507,2026-01-15,47.27,2026-01-27,41.53,trail,12,100.0,87.857,-12.143,-0.12143,False,100.4695,0.4695,0.004695,-0.126125,False
trail_10,2026-01-15,GS,0.748,0.03079086959876176,2026-01-15,966.4916,2026-02-27,851.3181,trail,43,100.0,88.0833,-11.9167,-0.119167,False,99.0971,-0.9029,-0.009029,-0.110138,False
trail_10,2026-01-15,BMY,0.722,0.030129828379739543,2026-01-15,56.0421,2026-06-01,54.95,trail,137,100.0,98.0512,-1.9488,-0.019488,False,109.8769,9.8769,0.098769,-0.118257,False
trail_10,2026-01-15,DY,0.667,0.027113827655952827,2026-01-15,365.65,2026-03-05,369.98,trail,49,100.0,101.1842,1.1842,0.011842,False,98.4211,-1.5789,-0.015789,0.027631,True
trail_10,2026-01-15,C,0.698,0.022122469354102225,2026-01-15,116.3008,2026-02-12,110.6267,trail,28,100.0,95.1212,-4.8788,-0.048788,False,98.4153,-1.5847,-0.015847,-0.032941,False
trail_10,2026-01-15,DOV,0.686,0.021146833831949374,2026-01-15,204.8861,2026-03-06,207.91,trail,50,100.0,101.4759,1.4759,0.014759,False,97.1311,-2.8689,-0.028689,0.043448,True
trail_10,2026-01-15,PUK,0.739,0.01995139177227845,2026-01-15,31.4633,2026-02-12,29.3908,trail,28,100.0,93.4128,-6.5872,-0.065872,False,98.4153,-1.5847,-0.015847,-0.050025,False
trail_10,2026-01-15,TSM,0.64,0.017887244268596447,2026-01-15,339.8841,2026-03-06,337.1482,trail,50,100.0,99.1951,-0.8049,-0.008049,False,97.1311,-2.8689,-0.028689,0.02064,True
trail_10,2026-01-15,PRU,0.736,0.01777338322649835,2026-01-15,113.3272,2026-02-04,99.4473,trail,20,100.0,87.7523,-12.2477,-0.122477,False,99.126,-0.874,-0.00874,-0.113737,False
trail_10,2026-01-15,DRI,0.652,0.016883595240862803,2026-01-15,212.6926,2026-03-23,194.4728,trail,67,100.0,91.4338,-8.5662,-0.085662,False,94.9338,-5.0662,-0.050662,-0.035,False
trail_10,2026-01-15,ACN,0.641,0.01649994310430447,2026-01-15,285.3501,2026-02-03,239.1817,trail,19,100.0,83.8204,-16.1796,-0.161796,False,99.6085,-0.3915,-0.003915,-0.157881,False
trail_10,2026-01-15,DVN,0.607,0.01525786063257284,2026-01-15,36.1313,2026-04-14,45.25,trail,89,100.0,125.2377,25.2377,0.252377,False,100.5947,0.5947,0.005947,0.246431,True
trail_10,2026-01-15,BA,0.604,0.015204637769681728,2026-01-15,247.74,2026-03-03,224.12,trail,47,100.0,90.4658,-9.5342,-0.095342,False,98.2795,-1.7205,-0.017205,-0.078137,False
trail_10,2026-01-15,DE,0.622,0.013910627533078035,2026-01-15,513.538,2026-03-05,588.9674,trail,49,100.0,114.6882,14.6882,0.146882,False,98.4211,-1.5789,-0.015789,0.162671,True
trail_10,2026-01-15,CVX,0.608,0.01061473002867519,2026-01-15,163.0569,2026-04-10,186.8387,trail,85,100.0,114.585,14.585,0.14585,False,98.4219,-1.5781,-0.015781,0.161631,True
trail_10,2026-01-15,GLOB,0.565,0.010529960645238035,2026-01-15,67.48,2026-02-03,58.09,trail,19,100.0,86.0848,-13.9152,-0.139152,False,99.6085,-0.3915,-0.003915,-0.135238,False
trail_10,2026-01-15,DHR,0.629,0.010237461665582037,2026-01-15,239.3797,2026-02-03,216.1393,trail,19,100.0,90.2914,-9.7086,-0.097086,False,99.6085,-0.3915,-0.003915,-0.093171,False
trail_10,2026-01-15,XLV,0.67,0.010071041931917657,2026-01-15,156.3174,2026-03-27,143.26,trail,71,100.0,91.6469,-8.3531,-0.083531,False,91.8499,-8.1501,-0.081501,-0.00203,False
trail_10,2026-01-15,CSCO,0.595,0.008131598839709264,2026-01-15,74.8444,2026-02-12,74.5958,trail,28,100.0,99.6678,-0.3322,-0.003322,False,98.4153,-1.5847,-0.015847,0.012525,True
trail_10,2026-01-15,XLP,0.607,0.005705955768826154,2026-01-15,81.909,2026-06-12,85.82,open,148,100.0,104.7749,4.7749,0.047749,True,107.4448,7.4448,0.074448,-0.026699,False
trail_10,2026-01-15,JPM,0.558,0.005349863138754518,2026-01-15,307.6854,2026-03-06,288.0061,trail,50,100.0,93.6041,-6.3959,-0.063959,False,97.1311,-2.8689,-0.028689,-0.03527,False
trail_10,2026-01-15,CF,0.547,0.005186351560295899,2026-01-15,85.7899,2026-03-16,121.8326,trail,60,100.0,142.0128,42.0128,0.420128,False,96.6471,-3.3529,-0.033529,0.453656,True
trail_10,2026-01-15,MMM,0.553,0.0038065619159644015,2026-01-15,169.4593,2026-01-30,151.6913,trail,15,100.0,89.5149,-10.4851,-0.104851,False,99.961,-0.039,-0.00039,-0.104461,False
trail_10,2026-01-15,WM,0.545,0.0033152346543994238,2026-01-15,218.0443,2026-05-06,219.5685,trail,111,100.0,100.699,0.699,0.00699,False,106.2975,6.2975,0.062975,-0.055985,False
trail_10,2026-02-01,XOM,0.768,0.026895450873499982,2026-02-02,136.5567,2026-04-10,151.4818,trail,67,100.0,110.9296,10.9296,0.109296,False,97.9732,-2.0268,-0.020268,0.129564,True
trail_10,2026-02-01,GOOGL,0.698,0.023655762915464784,2026-02-02,343.2432,2026-02-12,308.5983,trail,10,100.0,89.9066,-10.0934,-0.100934,False,97.9667,-2.0333,-0.020333,-0.080601,False
trail_10,2026-02-01,SWK,0.641,0.020869873371719416,2026-02-02,77.4534,2026-03-03,79.8802,trail,29,100.0,103.1333,3.1333,0.031333,False,97.8315,-2.1685,-0.021685,0.053018,True
trail_10,2026-02-01,WMT,0.695,0.018627466313953178,2026-02-02,123.5701,2026-03-20,118.7933,trail,46,100.0,96.1343,-3.8657,-0.038657,False,93.5191,-6.4809,-0.064809,0.026152,True
trail_10,2026-02-01,HON,0.697,0.01840010449909313,2026-02-02,225.1982,2026-03-20,220.2893,trail,46,100.0,97.8202,-2.1798,-0.021798,False,93.5191,-6.4809,-0.064809,0.043011,True
trail_10,2026-02-01,UPS,0.67,0.01770643565188945,2026-02-02,106.9505,2026-03-05,102.3448,trail,31,100.0,95.6936,-4.3064,-0.043064,False,97.9724,-2.0276,-0.020276,-0.022788,False
trail_10,2026-02-01,LLY,0.633,0.01607878281450903,2026-02-02,1040.599,2026-03-05,981.5703,trail,31,100.0,94.3274,-5.6726,-0.056726,False,97.9724,-2.0276,-0.020276,-0.03645,False
trail_10,2026-02-01,FMAO,0.599,0.013710352159686856,2026-02-02,27.4446,2026-02-24,26.1462,trail,22,100.0,95.269,-4.731,-0.04731,False,98.841,-1.159,-0.01159,-0.035719,False
trail_10,2026-02-01,T,0.611,0.009840774341263403,2026-02-02,26.0276,2026-04-13,25.61,trail,70,100.0,98.3956,-1.6044,-0.016044,False,98.9307,-1.0693,-0.010693,-0.005351,False
trail_10,2026-02-01,AB,0.591,0.009621310156236351,2026-02-02,40.0429,2026-03-20,36.3265,trail,46,100.0,90.7189,-9.2811,-0.092811,False,93.5191,-6.4809,-0.064809,-0.028002,False
trail_10,2026-02-01,EOG,0.591,0.008690715112313008,2026-02-02,107.5748,2026-04-14,132.5607,trail,71,100.0,123.2266,23.2266,0.232266,False,100.1361,0.1361,0.001361,0.230905,True
trail_10,2026-02-01,WPC,0.622,0.008621028664059338,2026-02-02,67.4337,2026-06-12,76.71,open,130,100.0,113.7562,13.7562,0.137562,True,106.955,6.955,0.06955,0.068012,True
trail_10,2026-02-01,PG,0.563,0.004660474033558737,2026-02-02,152.0451,2026-03-18,145.6135,trail,44,100.0,95.77,-4.23,-0.0423,False,95.1137,-4.8863,-0.048863,0.006563,True
trail_10,2026-02-01,IBM,0.529,0.0028134367203185295,2026-02-02,310.6593,2026-02-11,270.8168,trail,9,100.0,87.1749,-12.8251,-0.128251,False,99.5039,-0.4961,-0.004961,-0.12329,False
trail_10,2026-02-01,PEG,0.531,0.0019245449253115776,2026-02-02,78.9831,2026-05-08,76.4653,trail,95,100.0,96.8122,-3.1878,-0.031878,False,106.3595,6.3595,0.063595,-0.095473,False
trail_10,2026-02-15,MCHP,0.737,0.052470292748030056,2026-02-17,78.086,2026-03-04,69.5509,trail,15,100.0,89.0696,-10.9304,-0.109304,False,100.3339,0.3339,0.003339,-0.112643,False
trail_10,2026-02-15,AMKR,0.652,0.04844861404706413,2026-02-17,46.6979,2026-03-03,44.4547,trail,14,100.0,95.1964,-4.8036,-0.048036,False,99.631,-0.369,-0.00369,-0.044346,False
trail_10,2026-02-15,BNPQY,0.835,0.03805293164442869,2026-02-17,53.5223,2026-03-05,49.2242,trail,16,100.0,91.9695,-8.0305,-0.080305,False,99.7745,-0.2255,-0.002255,-0.07805,False
trail_10,2026-02-15,MPWR,0.703,0.037079454311589766,2026-02-17,1170.8392,2026-03-03,1072.2263,trail,14,100.0,91.5776,-8.4224,-0.084224,False,99.631,-0.369,-0.00369,-0.080534,False
trail_10,2026-02-15,LRN,0.702,0.03242458632865586,2026-02-17,83.78,2026-05-07,91.66,trail,79,100.0,109.4056,9.4056,0.094056,False,107.4289,7.4289,0.074289,0.019767,True
trail_10,2026-02-15,IFF,0.719,0.028192771647188808,2026-02-17,82.2542,2026-03-06,73.3369,trail,17,100.0,89.1588,-10.8412,-0.108412,False,98.4667,-1.5333,-0.015333,-0.093079,False
trail_10,2026-02-15,JNJ,0.815,0.024574184813608735,2026-02-17,240.6592,2026-05-07,221.2376,trail,79,100.0,91.9298,-8.0702,-0.080702,False,107.4289,7.4289,0.074289,-0.15499,False
trail_10,2026-02-15,VSEC,0.611,0.024190731819262012,2026-02-17,213.244,2026-03-12,199.7901,trail,23,100.0,93.6908,-6.3092,-0.063092,False,97.5412,-2.4588,-0.024588,-0.038504,False
trail_10,2026-02-15,AME,0.777,0.023237630674112886,2026-02-17,232.9601,2026-03-12,215.2283,trail,23,100.0,92.3885,-7.6115,-0.076115,False,97.5412,-2.4588,-0.024588,-0.051527,False
trail_10,2026-02-15,APG,0.686,0.0218446109536079,2026-02-17,44.43,2026-03-13,39.92,trail,24,100.0,89.8492,-10.1508,-0.101508,False,96.9891,-3.0109,-0.030109,-0.071399,False
trail_10,2026-02-15,GPC,0.683,0.019389738644943533,2026-02-17,123.2558,2026-03-09,110.6346,trail,20,100.0,89.7602,-10.2398,-0.102398,False,99.3293,-0.6707,-0.006707,-0.095691,False
trail_10,2026-02-15,GGFPX,0.813,0.018751127554431868,2026-02-17,19.98,2026-03-20,17.87,trail,31,100.0,89.4394,-10.5606,-0.105606,False,95.2393,-4.7607,-0.047607,-0.057998,False
trail_10,2026-02-15,BDX,0.667,0.01873817770683739,2026-02-17,175.0205,2026-03-09,163.2591,trail,20,100.0,93.28,-6.72,-0.0672,False,99.3293,-0.6707,-0.006707,-0.060493,False
trail_10,2026-02-15,FCFS,0.667,0.018692253249575685,2026-02-17,183.1413,2026-06-02,209.25,trail,105,100.0,114.256,14.256,0.14256,False,111.5391,11.5391,0.115391,0.02717,True
trail_10,2026-02-15,CRS,0.602,0.018353571852208317,2026-02-17,374.705,2026-03-13,361.1114,trail,24,100.0,96.3722,-3.6278,-0.036278,False,96.9891,-3.0109,-0.030109,-0.006169,False
trail_10,2026-02-15,ETN,0.619,0.016440333053757916,2026-02-17,389.1975,2026-03-06,345.7136,trail,17,100.0,88.8273,-11.1727,-0.111727,False,98.4667,-1.5333,-0.015333,-0.096394,False
trail_10,2026-02-15,COST,0.671,0.015739388199377036,2026-02-17,1010.5836,2026-05-29,956.32,trail,101,100.0,94.6305,-5.3695,-0.053695,False,111.0853,11.0853,0.110853,-0.164548,False
trail_10,2026-02-15,C,0.611,0.014678054409518415,2026-02-17,113.2443,2026-06-12,139.83,open,115,100.0,123.4764,23.4764,0.234764,True,108.9223,8.9223,0.089223,0.145541,True
trail_10,2026-02-15,BNS,0.678,0.013358119928098988,2026-02-17,76.22,2026-03-13,68.75,trail,24,100.0,90.1994,-9.8006,-0.098006,False,96.9891,-3.0109,-0.030109,-0.067897,False
trail_10,2026-02-15,PG,0.638,0.011176325815261512,2026-02-17,158.3576,2026-03-18,145.6135,trail,29,100.0,91.9524,-8.0476,-0.080476,False,96.8632,-3.1368,-0.031368,-0.049108,False
trail_10,2026-02-15,CME,0.635,0.010471524828660428,2026-02-17,294.6227,2026-04-21,282.933,trail,63,100.0,96.0323,-3.9677,-0.039677,False,103.3906,3.3906,0.033906,-0.073583,False
trail_10,2026-02-15,AMGN,0.578,0.009848330455648702,2026-02-17,370.5617,2026-03-20,345.1933,trail,31,100.0,93.1541,-6.8459,-0.068459,False,95.2393,-4.7607,-0.047607,-0.020852,False
trail_10,2026-02-15,MCK,0.563,0.009183041733393793,2026-02-17,944.6395,2026-03-20,884.8616,trail,31,100.0,93.6719,-6.3281,-0.063281,False,95.2393,-4.7607,-0.047607,-0.015674,False
trail_10,2026-02-15,BAX,0.547,0.00873343085135092,2026-02-17,20.719,2026-03-03,19.0201,trail,14,100.0,91.8001,-8.1999,-0.081999,False,99.631,-0.369,-0.00369,-0.078308,False
trail_10,2026-02-15,GOOGL,0.583,0.008711767214752975,2026-02-17,301.6273,2026-03-26,280.7523,trail,37,100.0,93.0792,-6.9208,-0.069208,False,94.7282,-5.2718,-0.052718,-0.01649,False
trail_10,2026-02-15,MS,0.577,0.00871018890922226,2026-02-17,170.6231,2026-03-12,153.5448,trail,23,100.0,89.9907,-10.0093,-0.100093,False,97.5412,-2.4588,-0.024588,-0.075505,False
trail_10,2026-02-15,AMP,0.573,0.008187406871713598,2026-02-17,467.0742,2026-03-17,436.3464,trail,28,100.0,93.4212,-6.5788,-0.065788,False,98.2339,-1.7661,-0.017661,-0.048126,False
trail_10,2026-02-15,AEE,0.615,0.007759143917778433,2026-02-17,109.0257,2026-06-12,109.0,open,115,100.0,99.9764,-0.0236,-0.000236,True,108.9223,8.9223,0.089223,-0.089458,False
trail_10,2026-02-15,META,0.558,0.007731692495405396,2026-02-17,638.7431,2026-03-20,593.66,trail,31,100.0,92.9419,-7.0581,-0.070581,False,95.2393,-4.7607,-0.047607,-0.022974,False
trail_10,2026-02-15,AEP,0.604,0.0071701004190225515,2026-02-17,129.301,2026-06-12,129.23,open,115,100.0,99.9451,-0.0549,-0.000549,True,108.9223,8.9223,0.089223,-0.089772,False
trail_10,2026-02-15,RSG,0.591,0.005573465868895955,2026-02-17,220.5635,2026-04-17,207.66,trail,59,100.0,94.1498,-5.8502,-0.058502,False,104.2805,4.2805,0.042805,-0.101307,False
trail_10,2026-02-15,OTIS,0.551,0.0035653407260500813,2026-02-17,91.8833,2026-03-12,82.1324,trail,23,100.0,89.3877,-10.6123,-0.106123,False,97.5412,-2.4588,-0.024588,-0.081535,False
trail_10,2026-02-15,GIS,0.537,0.0032830943301909166,2026-02-17,44.2137,2026-03-11,39.9851,trail,22,100.0,90.4359,-9.5641,-0.095641,False,99.0452,-0.9548,-0.009548,-0.086092,False
trail_10,2026-02-15,XEL,0.53,0.0019512271273744997,2026-02-17,80.1575,2026-06-12,79.22,open,115,100.0,98.8304,-1.1696,-0.011696,True,108.9223,8.9223,0.089223,-0.100919,False
trail_10,2026-02-15,JPM,0.519,0.0017192259503580054,2026-02-17,305.5662,2026-06-12,320.72,open,115,100.0,104.9593,4.9593,0.049593,True,108.9223,8.9223,0.089223,-0.03963,False
trail_10,2026-02-15,FCN,0.505,0.0007631821381117732,2026-02-17,160.23,2026-05-04,168.05,trail,76,100.0,104.8805,4.8805,0.048805,False,105.4362,5.4362,0.054362,-0.005557,False
trail_10,2026-02-15,NVDA,0.504,0.0005425555635849566,2026-02-17,184.7447,2026-03-20,172.4989,trail,31,100.0,93.3715,-6.6285,-0.066285,False,95.2393,-4.7607,-0.047607,-0.018677,False
trail_10,2026-03-01,MU,0.703,0.06241040698476197,2026-03-02,412.4967,2026-03-06,370.1445,trail,4,100.0,89.7327,-10.2673,-0.102673,False,97.9603,-2.0397,-0.020397,-0.082276,False
trail_10,2026-03-01,AEIS,0.751,0.05507254865808253,2026-03-02,340.3149,2026-03-06,290.6902,trail,4,100.0,85.418,-14.582,-0.14582,False,97.9603,-2.0397,-0.020397,-0.125423,False
trail_10,2026-03-01,WPM,0.703,0.048680095954026115,2026-03-02,165.2111,2026-03-05,147.376,trail,3,100.0,89.2047,-10.7953,-0.107953,False,99.2613,-0.7387,-0.007387,-0.100567,False
trail_10,2026-03-01,LRCX,0.682,0.04527807643948378,2026-03-02,230.7236,2026-03-06,199.33,trail,4,100.0,86.3934,-13.6066,-0.136066,False,97.9603,-2.0397,-0.020397,-0.115669,False
trail_10,2026-03-01,GEV,0.676,0.04305250605534461,2026-03-02,880.6475,2026-03-06,788.7531,trail,4,100.0,89.5651,-10.4349,-0.104349,False,97.9603,-2.0397,-0.020397,-0.083952,False
trail_10,2026-03-01,FNV,0.691,0.037704063897752604,2026-03-02,276.8742,2026-03-18,242.8164,trail,16,100.0,87.6992,-12.3008,-0.123008,False,96.365,-3.635,-0.03635,-0.086658,False
trail_10,2026-03-01,BE,0.585,0.035762215783097684,2026-03-02,166.0,2026-03-06,135.19,trail,4,100.0,81.4398,-18.5602,-0.185602,False,97.9603,-2.0397,-0.020397,-0.165205,False
trail_10,2026-03-01,ASML,0.67,0.0315938067387147,2026-03-02,1420.4375,2026-03-30,1251.2271,trail,28,100.0,88.0874,-11.9126,-0.119126,False,92.3243,-7.6757,-0.076757,-0.042369,False
trail_10,2026-03-01,VSAT,0.599,0.03127816324714905,2026-03-02,47.24,2026-03-20,46.39,trail,18,100.0,98.2007,-1.7993,-0.017993,False,94.7494,-5.2506,-0.052506,0.034512,True
trail_10,2026-03-01,CF,0.701,0.028192262094403064,2026-03-02,103.8759,2026-03-16,121.8326,trail,14,100.0,117.2867,17.2867,0.172867,False,97.4722,-2.5278,-0.025278,0.198144,True
trail_10,2026-03-01,CMCSA,0.717,0.025526532275422342,2026-03-02,30.4657,2026-03-18,28.2416,trail,16,100.0,92.6995,-7.3005,-0.073005,False,96.365,-3.635,-0.03635,-0.036654,False
trail_10,2026-03-01,CP,0.705,0.02370031410425777,2026-03-02,89.2035,2026-03-18,79.7732,trail,16,100.0,89.4284,-10.5716,-0.105716,False,96.365,-3.635,-0.03635,-0.069366,False
trail_10,2026-03-01,AME,0.775,0.023495206249842804,2026-03-02,241.0773,2026-03-12,215.2283,trail,10,100.0,89.2777,-10.7223,-0.107223,False,97.0395,-2.9605,-0.029605,-0.077618,False
trail_10,2026-03-01,GILD,0.67,0.022665149427693043,2026-03-02,149.1828,2026-03-27,134.25,trail,25,100.0,89.9903,-10.0097,-0.100097,False,92.6341,-7.3659,-0.073659,-0.026438,False
trail_10,2026-03-01,GE,0.641,0.01992938990808968,2026-03-02,345.2371,2026-03-12,306.7,trail,10,100.0,88.8375,-11.1625,-0.111625,False,97.0395,-2.9605,-0.029605,-0.08202,False
trail_10,2026-03-01,CB,0.705,0.01766139938000566,2026-03-02,340.6882,2026-06-12,328.14,open,102,100.0,96.3168,-3.6832,-0.036832,True,108.3621,8.3621,0.083621,-0.120453,False
trail_10,2026-03-01,CME,0.697,0.017558981038457766,2026-03-02,317.1933,2026-04-21,282.933,trail,50,100.0,89.1989,-10.8011,-0.108011,False,102.8589,2.8589,0.028589,-0.1366,False
trail_10,2026-03-01,PG,0.701,0.017341542895583206,2026-03-02,162.288,2026-03-18,145.6135,trail,16,100.0,89.7254,-10.2746,-0.102746,False,96.365,-3.635,-0.03635,-0.066396,False
trail_10,2026-03-01,WMT,0.646,0.015735160121782554,2026-03-02,126.5981,2026-05-22,120.27,trail,81,100.0,95.0014,-4.9986,-0.049986,False,108.9304,8.9304,0.089304,-0.139289,False
trail_10,2026-03-01,SAN,0.603,0.013559717874000787,2026-03-02,11.8143,2026-03-20,10.4018,trail,18,100.0,88.0435,-11.9565,-0.119565,False,94.7494,-5.2506,-0.052506,-0.06706,False
trail_10,2026-03-01,COST,0.623,0.011247405916743336,2026-03-02,1001.3171,2026-05-29,956.32,trail,88,100.0,95.5062,-4.4938,-0.044938,False,110.514,10.514,0.10514,-0.150078,False
trail_10,2026-03-01,RY,0.639,0.009693996475719224,2026-03-02,167.4729,2026-06-12,199.54,open,102,100.0,119.1477,19.1477,0.191477,True,108.3621,8.3621,0.083621,0.107856,True
trail_10,2026-03-01,C,0.558,0.007882317303774089,2026-03-02,110.9253,2026-06-12,139.83,open,102,100.0,126.0578,26.0578,0.260578,True,108.3621,8.3621,0.083621,0.176957,True
trail_10,2026-03-01,BIIB,0.553,0.006980523639081637,2026-03-02,188.05,2026-06-12,200.05,open,102,100.0,106.3813,6.3813,0.063813,True,108.3621,8.3621,0.083621,-0.019808,False
trail_10,2026-03-01,ICE,0.561,0.00671454228883861,2026-03-02,164.2494,2026-05-26,150.64,trail,85,100.0,91.7142,-8.2858,-0.082858,False,109.6535,9.6535,0.096535,-0.179393,False
trail_10,2026-03-01,SCHW,0.542,0.0042522121804315915,2026-03-02,95.1486,2026-04-23,88.6021,trail,52,100.0,93.1197,-6.8803,-0.068803,False,103.4973,3.4973,0.034973,-0.103776,False
trail_10,2026-03-01,CSCO,0.531,0.0040819033567636165,2026-03-02,78.992,2026-06-12,121.1,open,102,100.0,153.3067,53.3067,0.533067,True,108.3621,8.3621,0.083621,0.449446,True
trail_10,2026-03-01,ANET,0.522,0.004068109760342109,2026-03-02,129.3,2026-03-26,122.55,trail,24,100.0,94.7796,-5.2204,-0.052204,False,94.2411,-5.7589,-0.057589,0.005385,True
trail_10,2026-03-01,CATY,0.535,0.0034471149559875958,2026-03-02,49.8678,2026-06-12,60.98,open,102,100.0,122.2834,22.2834,0.222834,True,108.3621,8.3621,0.083621,0.139213,True
trail_10,2026-03-15,XOM,0.803,0.03804589572661854,2026-03-16,156.17,2026-04-10,151.4818,trail,25,100.0,96.998,-3.002,-0.03002,False,101.8363,1.8363,0.018363,-0.048383,False
trail_10,2026-03-15,CVX,0.818,0.03668982511207175,2026-03-16,195.0535,2026-04-10,186.8387,trail,25,100.0,95.7885,-4.2115,-0.042115,False,101.8363,1.8363,0.018363,-0.060479,False
trail_10,2026-03-15,EOG,0.763,0.03383622155626265,2026-03-16,133.4737,2026-04-14,132.5607,trail,29,100.0,99.316,-0.684,-0.00684,False,104.0845,4.0845,0.040845,-0.047685,False
trail_10,2026-03-15,LRN,0.686,0.02936477084138156,2026-03-16,82.97,2026-05-07,91.66,trail,52,100.0,110.4737,10.4737,0.104737,False,109.648,9.648,0.09648,0.008257,True
trail_10,2026-03-15,LRCX,0.611,0.028668042649483194,2026-03-16,219.4,2026-03-26,211.62,trail,10,100.0,96.454,-3.546,-0.03546,False,96.685,-3.315,-0.03315,-0.00231,False
trail_10,2026-03-15,CLH,0.722,0.022345375861720473,2026-03-16,289.37,2026-05-28,280.71,trail,73,100.0,97.0073,-2.9927,-0.029927,False,113.0982,13.0982,0.130982,-0.160909,False
trail_10,2026-03-15,TSM,0.62,0.01911648936619903,2026-03-16,338.4814,2026-06-12,423.93,open,88,100.0,125.2447,25.2447,0.252447,True,111.1722,11.1722,0.111722,0.140725,True
trail_10,2026-03-15,MCK,0.607,0.017290331804341585,2026-03-16,942.2082,2026-04-21,841.3198,trail,36,100.0,89.2923,-10.7077,-0.107077,False,105.5263,5.5263,0.055263,-0.16234,False
trail_10,2026-03-15,VSEC,0.573,0.015290316229254586,2026-03-16,193.9927,2026-03-26,173.4919,trail,10,100.0,89.4322,-10.5678,-0.105678,False,96.685,-3.315,-0.03315,-0.072528,False
trail_10,2026-03-15,MPWR,0.563,0.010954135345922822,2026-03-16,1075.2502,2026-03-30,1000.34,trail,14,100.0,93.0332,-6.9668,-0.069668,False,94.7186,-5.2814,-0.052814,-0.016854,False
trail_10,2026-03-15,CHRW,0.54,0.00651124522702351,2026-03-16,169.8981,2026-05-04,160.6897,trail,49,100.0,94.58,-5.42,-0.0542,False,107.6141,7.6141,0.076141,-0.130341,False
trail_10,2026-03-15,CM,0.539,0.002863956875920337,2026-03-16,96.7317,2026-06-12,113.46,open,88,100.0,117.2935,17.2935,0.172935,True,111.1722,11.1722,0.111722,0.061212,True
trail_10,2026-03-15,BK,0.526,0.00237370603909115,2026-03-16,114.9238,2026-06-12,143.98,open,88,100.0,125.283,25.283,0.25283,True,111.1722,11.1722,0.111722,0.141107,True
trail_10,2026-03-15,TAXI,0.655,0.0011599831889008705,2026-03-16,51.0712,2026-06-12,51.161,open,88,100.0,100.1758,0.1758,0.001758,True,111.1722,11.1722,0.111722,-0.109965,False
trail_10,2026-04-01,XOM,0.766,0.03492553739707405,2026-04-01,159.6961,2026-04-17,145.4527,trail,16,100.0,91.081,-8.919,-0.08919,False,108.3786,8.3786,0.083786,-0.172976,False
trail_10,2026-04-01,GEV,0.65,0.03060240378069623,2026-04-01,894.78,2026-05-18,1012.25,trail,47,100.0,113.1284,13.1284,0.131284,False,112.7297,12.7297,0.127297,0.003987,True
trail_10,2026-04-01,PFE,0.655,0.01589219361043903,2026-04-01,28.0864,2026-06-12,26.21,open,72,100.0,93.3192,-6.6808,-0.066808,True,113.2028,13.2028,0.132028,-0.198836,False
trail_10,2026-04-01,LIN,0.678,0.015131516683941637,2026-04-01,492.2733,2026-06-12,523.57,open,72,100.0,106.3576,6.3576,0.063576,True,113.2028,13.2028,0.132028,-0.068452,False
trail_10,2026-04-01,MRK,0.635,0.013387782833931938,2026-04-01,120.84,2026-04-27,110.23,trail,26,100.0,91.2198,-8.7802,-0.087802,False,109.1463,9.1463,0.091463,-0.179265,False
trail_10,2026-04-01,CB,0.596,0.00720128604103798,2026-04-01,326.1424,2026-06-12,328.14,open,72,100.0,100.6125,0.6125,0.006125,True,113.2028,13.2028,0.132028,-0.125903,False
trail_10,2026-04-01,LRCX,0.524,0.005315064908312683,2026-04-01,222.01,2026-06-05,303.28,trail,65,100.0,136.6065,36.6065,0.366065,False,112.5618,12.5618,0.125618,0.240447,True
trail_10,2026-04-01,CMI,0.501,0.0002393251882624181,2026-04-01,548.3677,2026-05-21,636.78,trail,50,100.0,116.1228,16.1228,0.161228,False,113.3508,13.3508,0.133508,0.02772,True
trail_10,2026-04-15,FN,0.603,0.03521710213596174,2026-04-15,685.81,2026-04-28,637.74,trail,13,100.0,92.9908,-7.0092,-0.070092,False,101.6787,1.6787,0.016787,-0.086879,False
trail_10,2026-04-15,BP,0.744,0.03410182513076987,2026-04-15,45.5984,2026-05-27,41.65,trail,42,100.0,91.341,-8.659,-0.08659,False,107.2178,7.2178,0.072178,-0.158768,False
trail_10,2026-04-15,AMAT,0.604,0.023629208962523407,2026-04-15,393.7705,2026-06-12,567.25,open,58,100.0,144.056,44.056,0.44056,True,105.9734,5.9734,0.059734,0.380826,True
trail_10,2026-04-15,NTIOF,0.71,0.022835561624853895,2026-04-15,146.13,2026-06-12,150.14,open,58,100.0,102.7441,2.7441,0.027441,True,105.9734,5.9734,0.059734,-0.032292,False
trail_10,2026-04-15,LIN,0.699,0.017231528440444954,2026-04-15,496.3704,2026-06-12,523.57,open,58,100.0,105.4797,5.4797,0.054797,True,105.9734,5.9734,0.059734,-0.004937,False
trail_10,2026-04-15,KLAC,0.573,0.016707238082562137,2026-04-15,174.5882,2026-05-01,172.406,trail,16,100.0,98.7501,-1.2499,-0.012499,False,102.9588,2.9588,0.029588,-0.042087,False
trail_10,2026-04-15,BWXT,0.574,0.015417393197066476,2026-04-15,238.1012,2026-04-29,207.8018,trail,14,100.0,87.2746,-12.7254,-0.127254,False,101.663,1.663,0.01663,-0.143884,False
trail_10,2026-04-15,CSCO,0.592,0.013797357072864003,2026-04-15,82.36,2026-06-12,121.1,open,58,100.0,147.0374,47.0374,0.470374,True,105.9734,5.9734,0.059734,0.41064,True
trail_10,2026-04-15,BMO,0.614,0.012741621115089696,2026-04-15,148.2849,2026-06-12,168.3,open,58,100.0,113.4977,13.4977,0.134977,True,105.9734,5.9734,0.059734,0.075244,True
trail_10,2026-04-15,MRK,0.604,0.00979164944517441,2026-04-15,117.9,2026-06-12,119.05,open,58,100.0,100.9754,0.9754,0.009754,True,105.9734,5.9734,0.059734,-0.04998,False
trail_10,2026-04-15,AMZN,0.563,0.008303766630499698,2026-04-15,248.5,2026-06-05,246.03,trail,51,100.0,99.006,-0.994,-0.00994,False,105.3733,5.3733,0.053733,-0.063673,False
trail_10,2026-04-15,AIG,0.599,0.008225140059918035,2026-04-15,77.09,2026-06-12,75.74,open,58,100.0,98.2488,-1.7512,-0.017512,True,105.9734,5.9734,0.059734,-0.077246,False
trail_10,2026-04-15,KO,0.603,0.006779044199133111,2026-04-15,75.31,2026-06-12,82.62,open,58,100.0,109.7066,9.7066,0.097066,True,105.9734,5.9734,0.059734,0.037332,True
trail_10,2026-04-15,VOO,0.576,0.004397742302924668,2026-04-15,643.45,2026-06-12,681.95,open,58,100.0,105.9834,5.9834,0.059834,True,105.9734,5.9734,0.059734,0.0001,True
trail_10,2026-04-15,VTI,0.569,0.00412074894045511,2026-04-15,345.24,2026-06-12,366.36,open,58,100.0,106.1175,6.1175,0.061175,True,105.9734,5.9734,0.059734,0.001441,True
trail_10,2026-04-15,GSKPX,0.569,0.0039814879946986625,2026-04-15,29.16,2026-06-12,30.33,open,58,100.0,104.0123,4.0123,0.040123,True,105.9734,5.9734,0.059734,-0.01961,False
trail_10,2026-04-15,MIAX,0.529,0.003296843319774645,2026-04-15,44.22,2026-05-26,49.21,trail,41,100.0,111.2845,11.2845,0.112845,False,107.2363,7.2363,0.072363,0.040481,True
trail_10,2026-04-15,MCD,0.539,0.0021952529293947087,2026-04-15,304.1969,2026-05-08,273.8924,trail,23,100.0,90.0379,-9.9621,-0.099621,False,105.3833,5.3833,0.053833,-0.153454,False
trail_10,2026-04-15,TFC,0.522,0.002157929077388765,2026-04-15,49.0716,2026-06-12,51.66,open,58,100.0,105.2748,5.2748,0.052748,True,105.9734,5.9734,0.059734,-0.006986,False
trail_10,2026-04-15,MCHP,0.511,0.0019577279061053776,2026-04-15,74.118,2026-05-19,91.3515,trail,34,100.0,123.2514,23.2514,0.232514,False,104.8276,4.8276,0.048276,0.184239,True
trail_10,2026-04-15,TAXI,0.5,1.8940674895162601e-06,2026-04-15,50.9795,2026-06-12,51.161,open,58,100.0,100.356,0.356,0.00356,True,105.9734,5.9734,0.059734,-0.056173,False
trail_10,2026-05-01,GLW,0.617,0.03621862459714831,2026-05-01,158.0178,2026-05-18,178.2768,trail,17,100.0,112.8207,12.8207,0.128207,False,102.4977,2.4977,0.024977,0.103229,True
trail_10,2026-05-01,AVGO,0.695,0.03609461198419606,2026-05-01,421.28,2026-06-04,418.91,trail,34,100.0,99.4374,-0.5626,-0.005626,False,105.0565,5.0565,0.050565,-0.056191,False
trail_10,2026-05-01,CEG,0.613,0.02465794499064211,2026-05-01,307.3325,2026-05-13,274.4636,trail,12,100.0,89.3051,-10.6949,-0.106949,False,103.0056,3.0056,0.030056,-0.137005,False
trail_10,2026-05-01,IBIT,0.618,0.023575204300949837,2026-05-01,44.47,2026-05-28,41.56,trail,27,100.0,93.4563,-6.5437,-0.065437,False,104.711,4.711,0.04711,-0.112548,False
trail_10,2026-05-01,VNOM,0.67,0.02141278216140985,2026-05-01,49.1983,2026-05-27,44.85,trail,26,100.0,91.1616,-8.8384,-0.088384,False,104.1365,4.1365,0.041365,-0.129749,False
trail_10,2026-05-01,DMLP,0.694,0.01755676541215334,2026-05-01,27.495,2026-06-12,26.71,open,42,100.0,97.1449,-2.8551,-0.028551,True,102.9279,2.9279,0.029279,-0.05783,False
trail_10,2026-05-01,CSCO,0.585,0.01299407576149747,2026-05-01,91.85,2026-06-12,121.1,open,42,100.0,131.8454,31.8454,0.318454,True,102.9279,2.9279,0.029279,0.289175,True
trail_10,2026-05-01,EPD,0.64,0.011496655905207431,2026-05-01,38.03,2026-06-12,37.25,open,42,100.0,97.949,-2.051,-0.02051,True,102.9279,2.9279,0.029279,-0.049789,False
trail_10,2026-05-01,C,0.576,0.010850752182865353,2026-05-01,126.84,2026-06-12,139.83,open,42,100.0,110.2412,10.2412,0.102412,True,102.9279,2.9279,0.029279,0.073133,True
trail_10,2026-05-01,FDX,0.592,0.009775482610038244,2026-05-01,317.22,2026-06-12,338.31,open,42,100.0,106.6484,6.6484,0.066484,True,102.9279,2.9279,0.029279,0.037205,True
trail_10,2026-05-01,IWF,0.611,0.00903498049278939,2026-05-01,120.05,2026-06-12,121.61,open,42,100.0,101.2995,1.2995,0.012995,True,102.9279,2.9279,0.029279,-0.016285,False
trail_10,2026-05-01,TOST,0.543,0.007371454307641301,2026-05-01,29.11,2026-05-08,25.05,trail,7,100.0,86.0529,-13.9471,-0.139471,False,102.3548,2.3548,0.023548,-0.163019,False
trail_10,2026-05-01,MSFT,0.558,0.006266768973713921,2026-05-01,413.5443,2026-06-08,411.74,trail,38,100.0,99.5637,-0.4363,-0.004363,False,102.5768,2.5768,0.025768,-0.030131,False
trail_10,2026-05-01,IWD,0.611,0.005958274655136986,2026-05-01,230.86,2026-06-12,242.13,open,42,100.0,104.8817,4.8817,0.048817,True,102.9279,2.9279,0.029279,0.019538,True
trail_10,2026-05-01,ASML,0.535,0.005760938094678814,2026-05-01,1427.02,2026-06-12,1863.55,open,42,100.0,130.5903,30.5903,0.305903,True,102.9279,2.9279,0.029279,0.276624,True
trail_10,2026-05-01,GS,0.537,0.004547885135632201,2026-05-01,919.6569,2026-06-12,1062.75,open,42,100.0,115.5594,15.5594,0.155594,True,102.9279,2.9279,0.029279,0.126315,True
trail_10,2026-05-01,PTA,0.563,0.003300700110281829,2026-05-01,19.491,2026-06-12,19.21,open,42,100.0,98.5581,-1.4419,-0.014419,True,102.9279,2.9279,0.029279,-0.043698,False
trail_10,2026-05-01,UHAL,0.524,0.0026707444969220617,2026-05-01,51.6,2026-06-12,62.38,open,42,100.0,120.8915,20.8915,0.208915,True,102.9279,2.9279,0.029279,0.179636,True
trail_10,2026-05-01,DBEU,0.542,0.0026350784325825938,2026-05-01,50.64,2026-06-12,52.87,open,42,100.0,104.4036,4.4036,0.044036,True,102.9279,2.9279,0.029279,0.014757,True
trail_10,2026-05-01,AAPL,0.522,0.001901222976041561,2026-05-01,279.8821,2026-06-12,291.13,open,42,100.0,104.0188,4.0188,0.040188,True,102.9279,2.9279,0.029279,0.010909,True
trail_10,2026-05-01,FTSL,0.611,0.001662416355150187,2026-05-01,44.8852,2026-06-12,44.92,open,42,100.0,100.0775,0.0775,0.000775,True,102.9279,2.9279,0.029279,-0.028504,False
trail_10,2026-05-01,TJX,0.522,0.0015764281639014666,2026-05-01,156.318,2026-06-12,168.41,open,42,100.0,107.7355,7.7355,0.077355,True,102.9279,2.9279,0.029279,0.048076,True
trail_10,2026-05-01,SCIO,0.563,0.0006236032459800978,2026-05-01,20.5846,2026-06-12,20.68,open,42,100.0,100.4635,0.4635,0.004635,True,102.9279,2.9279,0.029279,-0.024644,False
trail_10,2026-05-01,FTCB,0.501,1.7963639638018947e-05,2026-05-01,20.8642,2026-06-12,20.88,open,42,100.0,100.0758,0.0758,0.000758,True,102.9279,2.9279,0.029279,-0.028521,False
trail_10,2026-05-15,INTC,0.757,0.10488240126651616,2026-05-15,108.77,2026-06-01,109.33,trail,17,100.0,100.5149,0.5149,0.005149,False,102.6205,2.6205,0.026205,-0.021057,False
trail_10,2026-05-15,MRVL,0.783,0.09507384983444234,2026-05-15,176.89,2026-06-05,263.47,trail,21,100.0,148.9457,48.9457,0.489457,False,99.7808,-0.2192,-0.002192,0.491648,True
trail_10,2026-05-15,AMD,0.763,0.08809886640354714,2026-05-15,424.1,2026-06-05,466.38,trail,21,100.0,109.9693,9.9693,0.099693,False,99.7808,-0.2192,-0.002192,0.101885,True
trail_10,2026-05-15,AESI,0.683,0.05431291739122801,2026-05-15,18.87,2026-05-28,17.02,trail,13,100.0,90.1961,-9.8039,-0.098039,False,102.0875,2.0875,0.020875,-0.118914,False
trail_10,2026-05-15,CSCO,0.777,0.048690032003987804,2026-05-15,118.21,2026-06-12,121.1,open,28,100.0,102.4448,2.4448,0.024448,True,100.349,0.349,0.00349,0.020958,True
trail_10,2026-05-15,KEYS,0.666,0.04102265868910093,2026-05-15,349.01,2026-06-12,350.67,open,28,100.0,100.4756,0.4756,0.004756,True,100.349,0.349,0.00349,0.001266,True
trail_10,2026-05-15,UNH,0.737,0.03748812196543483,2026-05-15,393.85,2026-06-12,408.52,open,28,100.0,103.7248,3.7248,0.037248,True,100.349,0.349,0.00349,0.033757,True
trail_10,2026-05-15,COIN,0.54,0.01051572315065763,2026-05-15,195.43,2026-05-27,173.78,trail,12,100.0,88.9219,-11.0781,-0.110781,False,101.5274,1.5274,0.015274,-0.126055,False
trail_10,2026-05-15,P,0.542,0.008685746944579131,2026-05-15,81.18,2026-05-28,73.04,trail,13,100.0,89.9729,-10.0271,-0.100271,False,102.0875,2.0875,0.020875,-0.121146,False
trail_10,2026-05-15,MSFT,0.565,0.007064089952703689,2026-05-15,421.0081,2026-06-08,411.74,trail,24,100.0,97.7986,-2.2014,-0.022014,False,100.0068,0.0068,6.8e-05,-0.022082,False
trail_10,2026-05-15,GSKPX,0.567,0.0038729385661464555,2026-05-15,30.0,2026-06-12,30.33,open,28,100.0,101.1,1.1,0.011,True,100.349,0.349,0.00349,0.00751,True
trail_10,2026-05-15,INTU,0.511,0.0023913682357852295,2026-05-15,393.0,2026-05-21,307.07,trail,6,100.0,78.1349,-21.8651,-0.218651,False,100.4803,0.4803,0.004803,-0.223454,False
trail_10,2026-05-15,CELFX,0.936,0.002270348314550086,2026-05-15,10.86,2026-06-12,10.89,open,28,100.0,100.2762,0.2762,0.002762,True,100.349,0.349,0.00349,-0.000728,False
trail_10,2026-05-15,V,0.522,0.001981586205703545,2026-05-15,325.75,2026-06-12,322.39,open,28,100.0,98.9685,-1.0315,-0.010315,True,100.349,0.349,0.00349,-0.013805,False
trail_10,2026-05-15,NSIT,0.506,0.0019175601583640844,2026-05-15,88.9,2026-06-12,111.05,open,28,100.0,124.9156,24.9156,0.249156,True,100.349,0.349,0.00349,0.245666,True
trail_10,2026-05-15,ADP,0.505,0.0006936938298256479,2026-05-15,212.865,2026-06-12,226.21,open,28,100.0,106.2692,6.2692,0.062692,True,100.349,0.349,0.00349,0.059202,True
trail_10,2026-05-15,CARR,0.501,7.51463128476626e-05,2026-05-15,64.67,2026-06-12,69.91,open,28,100.0,108.1027,8.1027,0.081027,True,100.349,0.349,0.00349,0.077536,True
trail_10,2026-06-01,AMD,0.832,0.1177375889659602,2026-06-01,510.13,2026-06-05,466.38,trail,4,100.0,91.4238,-8.5762,-0.085762,False,97.2328,-2.7672,-0.027672,-0.058091,False
trail_10,2026-06-01,IFNNY,0.812,0.08687127296602792,2026-06-01,93.89,2026-06-05,85.02,trail,4,100.0,90.5528,-9.4472,-0.094472,False,97.2328,-2.7672,-0.027672,-0.066801,False
trail_10,2026-06-01,TXN,0.716,0.049561145078502955,2026-06-01,293.2,2026-06-12,301.12,open,11,100.0,102.7012,2.7012,0.027012,True,97.7865,-2.2135,-0.022135,0.049147,True
trail_10,2026-06-01,GS,0.726,0.029785735898509413,2026-06-01,1048.58,2026-06-12,1062.75,open,11,100.0,101.3514,1.3514,0.013514,True,97.7865,-2.2135,-0.022135,0.035648,True
trail_10,2026-06-01,AAPL,0.717,0.021055134333178405,2026-06-01,306.31,2026-06-12,291.13,open,11,100.0,95.0442,-4.9558,-0.049558,True,97.7865,-2.2135,-0.022135,-0.027423,False
trail_10,2026-06-01,IHG,0.655,0.019603243393615966,2026-06-01,155.01,2026-06-12,167.12,open,11,100.0,107.8124,7.8124,0.078124,True,97.7865,-2.2135,-0.022135,0.100259,True
trail_10,2026-06-01,CBZ,0.591,0.018760381823742067,2026-06-01,34.68,2026-06-12,35.26,open,11,100.0,101.6724,1.6724,0.016724,True,97.7865,-2.2135,-0.022135,0.038859,True
trail_10,2026-06-01,FCX,0.559,0.012447437317679944,2026-06-01,67.04,2026-06-05,63.37,trail,4,100.0,94.5257,-5.4743,-0.054743,False,97.2328,-2.7672,-0.027672,-0.027072,False
trail_10,2026-06-01,NTES,0.563,0.006500383215039651,2026-06-01,122.5468,2026-06-12,125.82,open,11,100.0,102.671,2.671,0.02671,True,97.7865,-2.2135,-0.022135,0.048844,True
trail_10,2026-06-01,SPG,0.577,0.0062111578216952346,2026-06-01,200.5004,2026-06-12,219.04,open,11,100.0,109.2467,9.2467,0.092467,True,97.7865,-2.2135,-0.022135,0.114601,True
trail_10,2026-06-01,JPM,0.546,0.0036065717105784323,2026-06-01,296.58,2026-06-12,320.72,open,11,100.0,108.1395,8.1395,0.081395,True,97.7865,-2.2135,-0.022135,0.103529,True
trail_15,2025-10-01,OPEN,0.69,0.2293874565983436,2025-10-01,8.06,2025-10-10,7.57,trail,9,100.0,93.9206,-6.0794,-0.060794,False,97.6917,-2.3083,-0.023083,-0.037711,False
trail_15,2025-10-01,GOOGL,0.815,0.03962102293863001,2025-10-01,244.4218,2026-03-24,290.2666,trail,174,100.0,118.7565,18.7565,0.187565,False,98.272,-1.728,-0.01728,0.204845,True
trail_15,2025-10-01,AAPL,0.705,0.023013427768410644,2025-10-01,254.7293,2026-04-01,255.3947,time,182,100.0,100.2612,0.2612,0.002612,False,98.5819,-1.4181,-0.014181,0.016793,True
trail_15,2025-10-01,AVGO,0.63,0.021312589148331673,2025-10-01,332.0568,2025-12-15,338.4511,trail,75,100.0,101.9257,1.9257,0.019257,False,101.8371,1.8371,0.018371,0.000886,True
trail_15,2025-10-01,ORCL,0.564,0.01911171614543239,2025-10-01,286.7472,2025-10-30,255.321,trail,29,100.0,89.0405,-10.9595,-0.109595,False,101.7025,1.7025,0.017025,-0.12662,False
trail_15,2025-10-01,NVDA,0.64,0.01657848381301541,2025-10-01,187.0015,2025-12-12,174.8068,trail,72,100.0,93.4788,-6.5212,-0.065212,False,101.9912,1.9912,0.019912,-0.085124,False
trail_15,2025-10-01,UNH,0.59,0.01613386457493915,2025-10-01,343.3049,2025-11-18,309.0828,trail,48,100.0,90.0316,-9.9684,-0.099684,False,98.7478,-1.2522,-0.012522,-0.087163,False
trail_15,2025-10-01,QCOM,0.558,0.005837998218980012,2025-10-01,163.9813,2026-01-20,152.5238,trail,111,100.0,93.0129,-6.9871,-0.069871,False,101.6654,1.6654,0.016654,-0.086524,False
trail_15,2025-10-01,MCD,0.571,0.0038929745373337266,2025-10-01,295.0667,2026-04-01,305.22,time,182,100.0,103.441,3.441,0.03441,False,98.5819,-1.4181,-0.014181,0.048591,True
trail_15,2025-10-15,APP,0.701,0.05842853859795616,2025-10-15,602.3,2025-11-17,539.27,trail,33,100.0,89.5351,-10.4649,-0.104649,False,100.0752,0.0752,0.000752,-0.105401,False
trail_15,2025-10-15,GOOGL,0.764,0.0334579677821798,2025-10-15,250.5398,2026-03-24,290.2666,trail,160,100.0,115.8565,15.8565,0.158565,False,98.7566,-1.2434,-0.012434,0.170999,True
trail_15,2025-10-15,UNH,0.628,0.024777015049093132,2025-10-15,355.9706,2025-11-19,304.6572,trail,35,100.0,85.5849,-14.4151,-0.144151,False,99.6181,-0.3819,-0.003819,-0.140332,False
trail_15,2025-10-15,AVGO,0.629,0.024640450287666038,2025-10-15,349.925,2025-12-15,338.4511,trail,61,100.0,96.721,-3.279,-0.03279,False,102.3393,2.3393,0.023393,-0.056182,False
trail_15,2025-10-15,ORCL,0.573,0.02183245555792146,2025-10-15,301.7656,2025-10-30,255.321,trail,15,100.0,84.6091,-15.3909,-0.153909,False,102.204,2.204,0.02204,-0.175949,False
trail_15,2025-10-15,AAPL,0.662,0.01831919500630419,2025-10-15,248.6366,2026-04-15,266.1848,time,182,100.0,107.0578,7.0578,0.070578,False,105.8264,5.8264,0.058264,0.012314,True
trail_15,2025-10-15,BNS,0.7,0.015341549964374757,2025-10-15,64.51,2026-04-15,75.36,time,182,100.0,116.8191,16.8191,0.168191,False,105.8264,5.8264,0.058264,0.109927,True
trail_15,2025-10-15,BMO,0.705,0.014683117560095438,2025-10-15,127.226,2026-04-15,148.2849,time,182,100.0,116.5523,16.5523,0.165523,False,105.8264,5.8264,0.058264,0.107259,True
trail_15,2025-10-15,RY,0.682,0.011911176685284408,2025-10-15,145.7814,2026-04-15,174.753,time,182,100.0,119.8733,19.8733,0.198733,False,105.8264,5.8264,0.058264,0.140469,True
trail_15,2025-10-15,NVDA,0.553,0.0059242896379094745,2025-10-15,179.6009,2025-12-12,174.8068,trail,58,100.0,97.3307,-2.6693,-0.026693,False,102.4941,2.4941,0.024941,-0.051634,False
trail_15,2025-10-15,VTEB,0.868,0.005454044279670889,2025-10-15,49.2284,2026-04-15,49.9808,time,182,100.0,101.5283,1.5283,0.015283,False,105.8264,5.8264,0.058264,-0.042981,False
trail_15,2025-10-15,PANW,0.537,0.004117751213195353,2025-10-15,206.7,2025-11-20,185.07,trail,36,100.0,89.5356,-10.4644,-0.104644,False,98.0997,-1.9003,-0.019003,-0.085642,False
trail_15,2025-10-15,MCD,0.566,0.003697736306313537,2025-10-15,299.7109,2026-04-15,304.1969,time,182,100.0,101.4968,1.4968,0.014968,False,105.8264,5.8264,0.058264,-0.043296,False
trail_15,2025-10-15,TAXI,0.863,0.0034427910684382557,2025-10-15,50.0788,2026-04-15,50.9795,time,182,100.0,101.7985,1.7985,0.017985,False,105.8264,5.8264,0.058264,-0.040279,False
trail_15,2025-10-15,NFLX,0.535,0.002749620721958168,2025-10-15,120.329,2025-11-21,104.31,trail,37,100.0,86.6873,-13.3127,-0.133127,False,99.0769,-0.9231,-0.009231,-0.123896,False
trail_15,2025-10-15,QCOM,0.522,0.0026281224125908054,2025-10-15,160.5143,2026-01-20,152.5238,trail,97,100.0,95.022,-4.978,-0.04978,False,102.1667,2.1667,0.021667,-0.071447,False
trail_15,2025-10-15,NDAQ,0.53,0.002238266349144924,2025-10-15,88.7516,2026-02-05,84.9354,trail,113,100.0,95.7001,-4.2999,-0.042999,False,102.1727,2.1727,0.021727,-0.064726,False
trail_15,2025-10-15,ARTFX,0.683,0.001968274562438088,2025-10-15,8.8297,2026-04-15,8.9549,time,182,100.0,101.4183,1.4183,0.014183,False,105.8264,5.8264,0.058264,-0.044081,False
trail_15,2025-10-15,ALLY,0.515,0.0016171899950139235,2025-10-15,38.8523,2026-02-27,39.1735,trail,135,100.0,100.8267,0.8267,0.008267,False,103.4348,3.4348,0.034348,-0.026081,False
trail_15,2025-10-15,FFRHX,0.624,0.0013426506546234673,2025-10-15,8.7488,2026-04-15,8.8926,time,182,100.0,101.6441,1.6441,0.016441,False,105.8264,5.8264,0.058264,-0.041823,False
trail_15,2025-10-15,PRI,0.505,0.0006300259955809295,2025-10-15,264.396,2026-04-15,272.1331,time,182,100.0,102.9263,2.9263,0.029263,False,105.8264,5.8264,0.058264,-0.029001,False
trail_15,2025-10-15,META,0.502,0.00040808863388885896,2025-10-15,716.3519,2025-11-03,636.6453,trail,19,100.0,88.8733,-11.1267,-0.111267,False,102.7316,2.7316,0.027316,-0.138584,False
trail_15,2025-11-01,IREN,0.78,0.1397974723454134,2025-11-03,67.75,2025-11-07,62.38,trail,4,100.0,92.0738,-7.9262,-0.079262,False,98.1898,-1.8102,-0.018102,-0.06116,False
trail_15,2025-11-01,RGTI,0.719,0.11766122432550219,2025-11-03,39.12,2025-11-10,33.08,trail,7,100.0,84.5603,-15.4397,-0.154397,False,99.7219,-0.2781,-0.002781,-0.151616,False
trail_15,2025-11-01,STX,0.731,0.06257412777287108,2025-11-03,264.3939,2025-11-20,239.453,trail,17,100.0,90.5668,-9.4332,-0.094332,False,95.4913,-4.5087,-0.045087,-0.049245,False
trail_15,2025-11-01,ASML,0.788,0.04626850619545708,2025-11-03,1063.0927,2026-03-06,1289.9824,trail,123,100.0,121.3424,21.3424,0.213424,False,98.6869,-1.3131,-0.013131,0.226556,True
trail_15,2025-11-01,GOOGL,0.797,0.040357928383258024,2025-11-03,283.1659,2026-03-24,290.2666,trail,141,100.0,102.5076,2.5076,0.025076,False,96.1306,-3.8694,-0.038694,0.06377,True
trail_15,2025-11-01,PANW,0.806,0.03340558497171364,2025-11-03,219.23,2025-11-20,185.07,trail,17,100.0,84.4182,-15.5818,-0.155818,False,95.4913,-4.5087,-0.045087,-0.110731,False
trail_15,2025-11-01,CAH,0.635,0.022630401263354694,2025-11-03,189.2881,2026-04-30,192.88,trail,178,100.0,101.8976,1.8976,0.018976,False,105.7676,5.7676,0.057676,-0.0387,False
trail_15,2025-11-01,AAPL,0.697,0.019917442446432787,2025-11-03,268.291,2026-05-04,276.5752,time,182,100.0,103.0878,3.0878,0.030878,False,105.6719,5.6719,0.056719,-0.025841,False
trail_15,2025-11-01,AMZN,0.582,0.010690847945075577,2025-11-03,254.0,2026-02-06,210.32,trail,95,100.0,82.8032,-17.1968,-0.171968,False,101.364,1.364,0.01364,-0.185608,False
trail_15,2025-11-01,DT,0.596,0.010574735764151244,2025-11-03,50.48,2026-01-02,42.35,trail,60,100.0,83.8946,-16.1054,-0.161054,False,100.2705,0.2705,0.002705,-0.163759,False
trail_15,2025-11-01,NTES,0.578,0.010359263230304894,2025-11-03,138.321,2026-02-04,119.5063,trail,93,100.0,86.3978,-13.6022,-0.136022,False,100.7138,0.7138,0.007138,-0.14316,False
trail_15,2025-11-01,BHP,0.598,0.009136258231976058,2025-11-03,55.0656,2026-03-13,68.74,trail,130,100.0,124.8329,24.8329,0.248329,False,97.2059,-2.7941,-0.027941,0.276269,True
trail_15,2025-11-01,IT,0.563,0.009057717868606208,2025-11-03,245.92,2026-01-29,212.7,trail,87,100.0,86.4915,-13.5085,-0.135085,False,101.8659,1.8659,0.018659,-0.153744,False
trail_15,2025-11-01,IVV,0.686,0.008663993936173453,2025-11-03,682.4503,2026-05-04,721.39,time,182,100.0,105.7059,5.7059,0.057059,False,105.6719,5.6719,0.056719,0.00034,True
trail_15,2025-11-01,PLTR,0.546,0.007237454716573666,2025-11-03,207.18,2025-11-06,175.05,trail,3,100.0,84.4918,-15.5082,-0.155082,False,98.0932,-1.9068,-0.019068,-0.136014,False
trail_15,2025-11-01,NVS,0.596,0.007045106145806557,2025-11-03,120.2015,2026-05-04,144.62,time,182,100.0,120.3147,20.3147,0.203147,False,105.6719,5.6719,0.056719,0.146428,True
trail_15,2025-11-01,AMGN,0.56,0.00517310223722367,2025-11-03,289.9872,2026-05-01,327.3481,trail,179,100.0,112.8836,12.8836,0.128836,False,106.0604,6.0604,0.060604,0.068232,True
trail_15,2025-11-01,SMR,0.509,0.0043885149721552,2025-11-03,40.83,2025-11-06,32.46,trail,3,100.0,79.5004,-20.4996,-0.204996,False,98.0932,-1.9068,-0.019068,-0.185928,False
trail_15,2025-11-01,HUM,0.523,0.0039805795449141534,2025-11-03,277.5548,2025-11-10,236.4055,trail,7,100.0,85.1743,-14.8257,-0.148257,False,99.7219,-0.2781,-0.002781,-0.145476,False
trail_15,2025-11-01,CVX,0.553,0.003563084820371376,2025-11-03,149.4936,2026-05-04,190.5349,time,182,100.0,127.4535,27.4535,0.274535,False,105.6719,5.6719,0.056719,0.217816,True
trail_15,2025-11-01,WTRG,0.528,0.001954128108640152,2025-11-03,37.0615,2026-05-04,37.6035,time,182,100.0,101.4625,1.4625,0.014625,False,105.6719,5.6719,0.056719,-0.042094,False
trail_15,2025-11-15,CLS,0.678,0.05627955159882636,2025-11-17,309.37,2025-12-16,288.87,trail,29,100.0,93.3736,-6.6264,-0.066264,False,101.983,1.983,0.01983,-0.086093,False
trail_15,2025-11-15,GOOGL,0.752,0.03530521894685412,2025-11-17,284.4634,2026-03-24,290.2666,trail,127,100.0,102.0401,2.0401,0.020401,False,98.6824,-1.3176,-0.013176,0.033576,True
trail_15,2025-11-15,APP,0.599,0.024701965356474398,2025-11-17,539.27,2026-01-02,618.32,trail,46,100.0,114.6587,14.6587,0.146587,False,102.9322,2.9322,0.029322,0.117265,True
trail_15,2025-11-15,TSM,0.652,0.0239374212222474,2025-11-17,279.8052,2026-03-26,325.3481,trail,129,100.0,116.2766,16.2766,0.162766,False,97.4602,-2.5398,-0.025398,0.188165,True
trail_15,2025-11-15,AAPL,0.708,0.02166581970239001,2025-11-17,266.964,2026-05-18,297.84,time,182,100.0,111.5656,11.5656,0.115656,False,111.5952,11.5952,0.115952,-0.000296,False
trail_15,2025-11-15,HURN,0.643,0.020778770260122537,2025-11-17,160.53,2026-02-09,154.06,trail,84,100.0,95.9696,-4.0304,-0.040304,False,104.5564,4.5564,0.045564,-0.085868,False
trail_15,2025-11-15,NVT,0.636,0.019920721490759075,2025-11-17,103.7412,2026-05-18,160.69,time,182,100.0,154.895,54.895,0.54895,False,111.5952,11.5952,0.115952,0.432998,True
trail_15,2025-11-15,EQT,0.635,0.017112727069472422,2025-11-17,58.7086,2026-01-09,50.8032,trail,53,100.0,86.5345,-13.4655,-0.134655,False,104.5745,4.5745,0.045745,-0.180399,False
trail_15,2025-11-15,HOOD,0.539,0.00927981941485534,2025-11-17,115.97,2025-12-15,115.26,trail,28,100.0,99.3878,-0.6122,-0.006122,False,102.2624,2.2624,0.022624,-0.028746,False
trail_15,2025-11-15,PLTR,0.549,0.009246275571362483,2025-11-17,171.25,2026-01-28,157.35,trail,72,100.0,91.8832,-8.1168,-0.081168,False,104.7779,4.7779,0.047779,-0.128947,False
trail_15,2025-11-15,FTGC,0.655,0.008290408531735016,2025-11-17,22.8577,2026-05-18,30.04,time,182,100.0,131.4216,31.4216,0.314216,False,111.5952,11.5952,0.115952,0.198264,True
trail_15,2025-11-15,NVDA,0.553,0.00729763026351038,2025-11-17,186.3623,2026-03-30,164.9777,trail,133,100.0,88.5253,-11.4747,-0.114747,False,95.478,-4.522,-0.04522,-0.069527,False
trail_15,2025-11-15,EIPI,0.613,0.004056996619204778,2025-11-17,19.2807,2026-05-18,22.4854,time,182,100.0,116.6217,16.6217,0.166217,False,111.5952,11.5952,0.115952,0.050265,True
trail_15,2025-11-15,FIVE,0.522,0.003267863317467423,2025-11-17,147.72,2026-05-11,208.15,trail,175,100.0,140.9085,40.9085,0.409085,False,111.6934,11.6934,0.116934,0.292151,True
trail_15,2025-11-15,SHOP,0.51,0.001985678794187651,2025-11-17,139.93,2026-01-20,144.5,trail,64,100.0,103.2659,3.2659,0.032659,False,102.09,2.09,0.0209,0.01176,True
trail_15,2025-11-15,LCII,0.503,0.0004382065275045921,2025-11-17,101.831,2026-02-27,130.6134,trail,102,100.0,128.2649,28.2649,0.282649,False,103.3571,3.3571,0.033571,0.249078,True
trail_15,2025-11-15,INTU,0.504,0.00032432260678261216,2025-11-17,642.806,2026-01-14,564.8544,trail,58,100.0,87.8732,-12.1268,-0.121268,False,104.0155,4.0155,0.040155,-0.161423,False
trail_15,2025-12-01,BE,0.611,0.0585272446027576,2025-12-01,98.93,2025-12-10,101.29,trail,9,100.0,102.3855,2.3855,0.023855,False,101.0731,1.0731,0.010731,0.013124,True
trail_15,2025-12-01,GOOGL,0.761,0.03561989869414828,2025-12-01,314.2751,2026-03-24,290.2666,trail,113,100.0,92.3607,-7.6393,-0.076393,False,96.5645,-3.4355,-0.034355,-0.042038,False
trail_15,2025-12-01,CLS,0.588,0.0265020626649084,2025-12-01,318.37,2025-12-16,288.87,trail,15,100.0,90.7341,-9.2659,-0.092659,False,99.7942,-0.2058,-0.002058,-0.090602,False
trail_15,2025-12-01,VALE,0.756,0.02345420463186243,2025-12-01,12.0522,2026-03-13,14.68,trail,102,100.0,121.8039,21.8039,0.218039,False,97.6446,-2.3554,-0.023554,0.241593,True
trail_15,2025-12-01,UTHR,0.67,0.0232719000907311,2025-12-01,479.95,2026-06-01,544.62,time,182,100.0,113.4743,13.4743,0.134743,False,112.1406,12.1406,0.121406,0.013337,True
trail_15,2025-12-01,TMO,0.669,0.021795384397548023,2025-12-01,584.1329,2026-02-05,541.8243,trail,66,100.0,92.757,-7.243,-0.07243,False,99.9048,-0.0952,-0.000952,-0.071478,False
trail_15,2025-12-01,AAPL,0.706,0.02107372554380138,2025-12-01,282.575,2026-06-01,306.31,time,182,100.0,108.3995,8.3995,0.083995,False,112.1406,12.1406,0.121406,-0.037411,False
trail_15,2025-12-01,AZTA,0.578,0.017765656280792408,2025-12-01,34.86,2026-02-04,28.49,trail,65,100.0,81.7269,-18.2731,-0.182731,False,101.1683,1.1683,0.011683,-0.194414,False
trail_15,2025-12-01,BABA,0.586,0.016567850209439516,2025-12-01,162.7652,2026-02-26,146.7027,trail,87,100.0,90.1315,-9.8685,-0.098685,False,101.6268,1.6268,0.016268,-0.114953,False
trail_15,2025-12-01,CSCO,0.667,0.016163221168648878,2025-12-01,75.2276,2026-06-01,121.33,time,182,100.0,161.2838,61.2838,0.612838,False,112.1406,12.1406,0.121406,0.491432,True
trail_15,2025-12-01,BCS,0.642,0.015753242254312738,2025-12-01,22.4804,2026-03-03,23.07,trail,92,100.0,102.6225,2.6225,0.026225,False,100.3043,0.3043,0.003043,0.023182,True
trail_15,2025-12-01,APP,0.553,0.012563167199420855,2025-12-01,623.59,2026-01-02,618.32,trail,32,100.0,99.1549,-0.8451,-0.008451,False,100.7231,0.7231,0.007231,-0.015682,False
trail_15,2025-12-01,AXP,0.613,0.012428016302265865,2025-12-01,358.3784,2026-02-23,320.2276,trail,84,100.0,89.3546,-10.6454,-0.106454,False,100.6081,0.6081,0.006081,-0.112534,False
trail_15,2025-12-01,AZN,0.604,0.012309997124248406,2025-12-01,179.1721,2026-06-01,179.71,time,182,100.0,100.3002,0.3002,0.003002,False,112.1406,12.1406,0.121406,-0.118404,False
trail_15,2025-12-01,APG,0.608,0.012146470411791288,2025-12-01,38.98,2026-05-19,41.14,trail,169,100.0,105.5413,5.5413,0.055413,False,108.4728,8.4728,0.084728,-0.029315,False
trail_15,2025-12-01,AVGO,0.563,0.011784329856131759,2025-12-01,384.536,2025-12-15,338.4511,trail,14,100.0,88.0154,-11.9846,-0.119846,False,100.0676,0.0676,0.000676,-0.120522,False
trail_15,2025-12-01,CCJ,0.547,0.011406938483085938,2025-12-01,87.53,2026-02-05,109.28,trail,66,100.0,124.8486,24.8486,0.248486,False,99.9048,-0.0952,-0.000952,0.249438,True
trail_15,2025-12-01,GS,0.604,0.01063361906273852,2025-12-01,799.1141,2026-03-06,817.8157,trail,95,100.0,102.3403,2.3403,0.023403,False,99.1322,-0.8678,-0.008678,0.032081,True
trail_15,2025-12-01,AVAV,0.538,0.007557422017004489,2025-12-01,257.8,2025-12-12,239.0,trail,11,100.0,92.7075,-7.2925,-0.072925,False,100.219,0.219,0.00219,-0.075115,False
trail_15,2025-12-01,DELL,0.542,0.007356997271979582,2025-12-01,131.109,2026-01-08,117.6199,trail,38,100.0,89.7116,-10.2884,-0.102884,False,101.6578,1.6578,0.016578,-0.119462,False
trail_15,2025-12-01,NVDA,0.551,0.007266196212135423,2025-12-01,179.6908,2026-03-30,164.9777,trail,119,100.0,91.812,-8.188,-0.08188,False,93.4288,-6.5712,-0.065712,-0.016169,False
trail_15,2025-12-01,RY,0.641,0.006847532378551069,2025-12-01,151.8499,2026-06-01,188.56,time,182,100.0,124.1753,24.1753,0.241753,False,112.1406,12.1406,0.121406,0.120346,True
trail_15,2025-12-01,ALIZY,0.565,0.004259569486146919,2025-12-01,41.0057,2026-06-01,43.64,time,182,100.0,106.4243,6.4243,0.064243,False,112.1406,12.1406,0.121406,-0.057163,False
trail_15,2025-12-01,UNM,0.54,0.0032053032342449495,2025-12-01,74.3044,2026-06-01,83.43,time,182,100.0,112.2814,12.2814,0.122814,False,112.1406,12.1406,0.121406,0.001407,True
trail_15,2025-12-01,FTNT,0.522,0.0020973130373636018,2025-12-01,81.82,2026-06-01,147.14,time,182,100.0,179.8338,79.8338,0.798338,False,112.1406,12.1406,0.121406,0.676931,True
trail_15,2025-12-01,UNH,0.512,0.0016000716658375325,2025-12-01,318.5747,2026-01-27,280.5192,trail,57,100.0,88.0544,-11.9456,-0.119456,False,102.5394,2.5394,0.025394,-0.14485,False
trail_15,2025-12-15,COHR,0.65,0.04872310673953528,2025-12-15,178.45,2026-03-05,253.87,trail,80,100.0,142.2639,42.2639,0.422639,False,100.3809,0.3809,0.003809,0.41883,True
trail_15,2025-12-15,ISRG,0.667,0.02704103960034132,2025-12-15,559.52,2026-02-02,496.73,trail,49,100.0,88.7779,-11.2221,-0.112221,False,102.4584,2.4584,0.024584,-0.136805,False
trail_15,2025-12-15,JNJ,0.849,0.0257925018263514,2025-12-15,211.8193,2026-06-12,240.87,open,179,100.0,113.7149,13.7149,0.137149,True,109.5843,9.5843,0.095843,0.041305,True
trail_15,2025-12-15,IDEXY,0.671,0.02314438485659931,2025-12-15,15.7861,2026-03-20,14.1741,trail,95,100.0,89.7883,-10.2117,-0.102117,False,95.8182,-4.1818,-0.041818,-0.060299,False
trail_15,2025-12-15,TMO,0.686,0.023104214491500796,2025-12-15,575.3412,2026-02-05,541.8243,trail,52,100.0,94.1744,-5.8256,-0.058256,False,99.8373,-0.1627,-0.001627,-0.056628,False
trail_15,2025-12-15,KDP,0.629,0.015194011358456772,2025-12-15,28.7362,2026-03-24,25.9805,trail,99,100.0,90.4105,-9.5895,-0.095895,False,96.4992,-3.5008,-0.035008,-0.060887,False
trail_15,2025-12-15,HAYW,0.565,0.008380840037055526,2025-12-15,15.97,2026-03-12,14.28,trail,87,100.0,89.4177,-10.5823,-0.105823,False,98.1341,-1.8659,-0.018659,-0.087164,False
trail_15,2025-12-15,TM,0.579,0.008112709600623269,2025-12-15,214.81,2026-03-13,210.84,trail,88,100.0,98.1519,-1.8481,-0.018481,False,97.5786,-2.4214,-0.024214,0.005732,True
trail_15,2025-12-15,COF,0.567,0.0076505511710902585,2025-12-15,237.8748,2026-01-23,215.5465,trail,39,100.0,90.6134,-9.3866,-0.093866,False,101.5478,1.5478,0.015478,-0.109344,False
trail_15,2025-12-15,CVCO,0.53,0.005818001802332828,2025-12-15,598.17,2026-01-30,492.02,trail,46,100.0,82.2542,-17.7458,-0.177458,False,101.9515,1.9515,0.019515,-0.196973,False
trail_15,2025-12-15,BCE,0.562,0.0044992398452330384,2025-12-15,23.3155,2026-06-12,24.59,open,179,100.0,105.4665,5.4665,0.054665,True,109.5843,9.5843,0.095843,-0.041178,False
trail_15,2025-12-15,IFF,0.545,0.004420901058443061,2025-12-15,63.4031,2026-03-11,68.3165,trail,86,100.0,107.7495,7.7495,0.077495,False,99.6472,-0.3528,-0.003528,0.081022,True
trail_15,2025-12-15,MET,0.54,0.003290334085508162,2025-12-15,81.3985,2026-03-12,68.2669,trail,87,100.0,83.8675,-16.1325,-0.161325,False,98.1341,-1.8659,-0.018659,-0.142666,False
trail_15,2025-12-15,BMO,0.541,0.0024284140937009813,2025-12-15,131.0053,2026-06-12,168.3,open,179,100.0,128.4681,28.4681,0.284681,True,109.5843,9.5843,0.095843,0.188837,True
trail_15,2025-12-15,APO,0.515,0.00218718150967101,2025-12-15,145.6186,2026-02-03,125.8034,trail,50,100.0,86.3924,-13.6076,-0.136076,False,101.592,1.592,0.01592,-0.151996,False
trail_15,2025-12-15,AXAHY,0.53,0.0019219659426228386,2025-12-15,45.237,2026-06-12,47.43,open,179,100.0,104.8479,4.8479,0.048479,True,109.5843,9.5843,0.095843,-0.047365,False
trail_15,2025-12-15,CRM,0.513,0.0018825669232021003,2025-12-15,252.883,2026-01-20,218.9559,trail,36,100.0,86.5839,-13.4161,-0.134161,False,99.8314,-0.1686,-0.001686,-0.132475,False
trail_15,2025-12-15,D,0.526,0.0015603968386634914,2025-12-15,58.622,2026-06-12,67.91,open,179,100.0,115.8439,15.8439,0.158439,True,109.5843,9.5843,0.095843,0.062595,True
trail_15,2025-12-15,VTEB,0.662,0.0012976467163468008,2025-12-15,49.3864,2026-06-12,50.3,open,179,100.0,101.8499,1.8499,0.018499,True,109.5843,9.5843,0.095843,-0.077344,False
trail_15,2025-12-15,CL,0.513,0.0010452028353857834,2025-12-15,78.459,2026-03-26,83.6203,trail,101,100.0,106.5784,6.5784,0.065784,False,95.304,-4.696,-0.04696,0.112744,True
trail_15,2025-12-15,UNH,0.505,0.0006469968858975328,2025-12-15,338.4687,2026-01-27,280.5192,trail,43,100.0,82.8789,-17.1211,-0.171211,False,102.4702,2.4702,0.024702,-0.195912,False
trail_15,2026-01-01,GOOGL,0.708,0.028974689822372612,2026-01-02,314.7403,2026-03-24,290.2666,trail,81,100.0,92.2242,-7.7758,-0.077758,False,95.8713,-4.1287,-0.041287,-0.036471,False
trail_15,2026-01-01,WFC,0.655,0.01720484420415236,2026-01-02,94.1959,2026-02-27,80.987,trail,56,100.0,85.9772,-14.0228,-0.140228,False,100.4128,0.4128,0.004128,-0.144356,False
trail_15,2026-01-01,PUK,0.655,0.01299341603508597,2026-01-02,31.2264,2026-03-20,28.1472,trail,77,100.0,90.1391,-9.8609,-0.098609,False,95.1946,-4.8054,-0.048054,-0.050556,False
trail_15,2026-01-01,NVDA,0.501,0.00026891810838791663,2026-01-02,188.6199,2026-03-30,164.9777,trail,87,100.0,87.4657,-12.5343,-0.125343,False,92.7582,-7.2418,-0.072418,-0.052925,False
trail_15,2026-01-01,VZ,0.502,0.00024508398959999234,2026-01-02,39.2388,2026-06-12,48.11,open,161,100.0,122.6083,22.6083,0.226083,True,108.8713,8.8713,0.088713,0.13737,True
trail_15,2026-01-15,AA,0.74,0.06375577153647383,2026-01-15,63.6039,2026-03-20,56.3598,trail,64,100.0,88.6106,-11.3894,-0.113894,False,93.9474,-6.0526,-0.060526,-0.053367,False
trail_15,2026-01-15,DLTR,0.763,0.042553304039172346,2026-01-15,141.21,2026-01-28,119.1,trail,13,100.0,84.3425,-15.6575,-0.156575,False,100.4594,0.4594,0.004594,-0.161169,False
trail_15,2026-01-15,GOOGL,0.763,0.0342303112398914,2026-01-15,332.3474,2026-03-24,290.2666,trail,68,100.0,87.3383,-12.6617,-0.126617,False,94.6151,-5.3849,-0.053849,-0.072768,False
trail_15,2026-01-15,CNC,0.643,0.030825705095671507,2026-01-15,47.27,2026-02-05,39.92,trail,21,100.0,84.451,-15.549,-0.15549,False,97.888,-2.112,-0.02112,-0.13437,False
trail_15,2026-01-15,GS,0.748,0.03079086959876176,2026-01-15,966.4916,2026-03-06,817.8157,trail,50,100.0,84.6169,-15.3831,-0.153831,False,97.1311,-2.8689,-0.028689,-0.125141,False
trail_15,2026-01-15,BMY,0.722,0.030129828379739543,2026-01-15,56.0421,2026-06-12,57.13,open,148,100.0,101.9411,1.9411,0.019411,True,107.4448,7.4448,0.074448,-0.055036,False
trail_15,2026-01-15,DY,0.667,0.027113827655952827,2026-01-15,365.65,2026-03-06,357.07,trail,50,100.0,97.6535,-2.3465,-0.023465,False,97.1311,-2.8689,-0.028689,0.005224,True
trail_15,2026-01-15,C,0.698,0.022122469354102225,2026-01-15,116.3008,2026-06-12,139.83,open,148,100.0,120.2314,20.2314,0.202314,True,107.4448,7.4448,0.074448,0.127866,True
trail_15,2026-01-15,DOV,0.686,0.021146833831949374,2026-01-15,204.8861,2026-06-12,217.43,open,148,100.0,106.1224,6.1224,0.061224,True,107.4448,7.4448,0.074448,-0.013224,False
trail_15,2026-01-15,PUK,0.739,0.01995139177227845,2026-01-15,31.4633,2026-03-20,28.1472,trail,64,100.0,89.4605,-10.5395,-0.105395,False,93.9474,-6.0526,-0.060526,-0.044869,False
trail_15,2026-01-15,TSM,0.64,0.017887244268596447,2026-01-15,339.8841,2026-03-26,325.3481,trail,70,100.0,95.7232,-4.2768,-0.042768,False,93.4433,-6.5567,-0.065567,0.0228,True
trail_15,2026-01-15,PRU,0.736,0.01777338322649835,2026-01-15,113.3272,2026-03-06,95.8141,trail,50,100.0,84.5464,-15.4536,-0.154536,False,97.1311,-2.8689,-0.028689,-0.125846,False
trail_15,2026-01-15,DRI,0.652,0.016883595240862803,2026-01-15,212.6926,2026-06-12,211.47,open,148,100.0,99.4252,-0.5748,-0.005748,True,107.4448,7.4448,0.074448,-0.080196,False
trail_15,2026-01-15,ACN,0.641,0.01649994310430447,2026-01-15,285.3501,2026-02-03,239.1817,trail,19,100.0,83.8204,-16.1796,-0.161796,False,99.6085,-0.3915,-0.003915,-0.157881,False
trail_15,2026-01-15,DVN,0.607,0.01525786063257284,2026-01-15,36.1313,2026-04-17,44.23,trail,92,100.0,122.4147,22.4147,0.224147,False,102.866,2.866,0.02866,0.195487,True
trail_15,2026-01-15,BA,0.604,0.015204637769681728,2026-01-15,247.74,2026-03-11,214.1,trail,55,100.0,86.4212,-13.5788,-0.135788,False,97.7017,-2.2983,-0.022983,-0.112804,False
trail_15,2026-01-15,DE,0.622,0.013910627533078035,2026-01-15,513.538,2026-03-20,558.0977,trail,64,100.0,108.677,8.677,0.08677,False,93.9474,-6.0526,-0.060526,0.147296,True
trail_15,2026-01-15,CVX,0.608,0.01061473002867519,2026-01-15,163.0569,2026-06-12,187.22,open,148,100.0,114.8188,14.8188,0.148188,True,107.4448,7.4448,0.074448,0.073741,True
trail_15,2026-01-15,GLOB,0.565,0.010529960645238035,2026-01-15,67.48,2026-02-03,58.09,trail,19,100.0,86.0848,-13.9152,-0.139152,False,99.6085,-0.3915,-0.003915,-0.135238,False
trail_15,2026-01-15,DHR,0.629,0.010237461665582037,2026-01-15,239.3797,2026-03-03,203.576,trail,47,100.0,85.0431,-14.9569,-0.149569,False,98.2795,-1.7205,-0.017205,-0.132364,False
trail_15,2026-01-15,XLV,0.67,0.010071041931917657,2026-01-15,156.3174,2026-06-12,153.81,open,148,100.0,98.396,-1.604,-0.01604,True,107.4448,7.4448,0.074448,-0.090488,False
trail_15,2026-01-15,CSCO,0.595,0.008131598839709264,2026-01-15,74.8444,2026-06-12,121.1,open,148,100.0,161.8023,61.8023,0.618023,True,107.4448,7.4448,0.074448,0.543575,True
trail_15,2026-01-15,XLP,0.607,0.005705955768826154,2026-01-15,81.909,2026-06-12,85.82,open,148,100.0,104.7749,4.7749,0.047749,True,107.4448,7.4448,0.074448,-0.026699,False
trail_15,2026-01-15,JPM,0.558,0.005349863138754518,2026-01-15,307.6854,2026-06-12,320.72,open,148,100.0,104.2364,4.2364,0.042364,True,107.4448,7.4448,0.074448,-0.032084,False
trail_15,2026-01-15,CF,0.547,0.005186351560295899,2026-01-15,85.7899,2026-04-17,112.2218,trail,92,100.0,130.8101,30.8101,0.308101,False,102.866,2.866,0.02866,0.279441,True
trail_15,2026-01-15,MMM,0.553,0.0038065619159644015,2026-01-15,169.4593,2026-03-18,144.3335,trail,62,100.0,85.173,-14.827,-0.14827,False,95.5492,-4.4508,-0.044508,-0.103762,False
trail_15,2026-01-15,WM,0.545,0.0033152346543994238,2026-01-15,218.0443,2026-06-12,219.45,open,148,100.0,100.6447,0.6447,0.006447,True,107.4448,7.4448,0.074448,-0.068001,False
trail_15,2026-02-01,XOM,0.768,0.026895450873499982,2026-02-02,136.5567,2026-05-08,143.5954,trail,95,100.0,105.1544,5.1544,0.051544,False,106.3595,6.3595,0.063595,-0.012051,False
trail_15,2026-02-01,GOOGL,0.698,0.023655762915464784,2026-02-02,343.2432,2026-03-24,290.2666,trail,50,100.0,84.5659,-15.4341,-0.154341,False,94.1838,-5.8162,-0.058162,-0.09618,False
trail_15,2026-02-01,SWK,0.641,0.020869873371719416,2026-02-02,77.4534,2026-03-05,76.2595,trail,31,100.0,98.4586,-1.5414,-0.015414,False,97.9724,-2.0276,-0.020276,0.004862,True
trail_15,2026-02-01,WMT,0.695,0.018627466313953178,2026-02-02,123.5701,2026-06-02,113.06,trail,120,100.0,91.4946,-8.5054,-0.085054,False,109.5245,9.5245,0.095245,-0.180299,False
trail_15,2026-02-01,HON,0.697,0.01840010449909313,2026-02-02,225.1982,2026-04-29,209.1506,trail,86,100.0,92.874,-7.126,-0.07126,False,102.6047,2.6047,0.026047,-0.097307,False
trail_15,2026-02-01,UPS,0.67,0.01770643565188945,2026-02-02,106.9505,2026-03-09,98.2833,trail,35,100.0,91.896,-8.104,-0.08104,False,97.5353,-2.4647,-0.024647,-0.056393,False
trail_15,2026-02-01,LLY,0.633,0.01607878281450903,2026-02-02,1040.599,2026-03-17,928.7512,trail,43,100.0,89.2516,-10.7484,-0.107484,False,96.4596,-3.5404,-0.035404,-0.07208,False
trail_15,2026-02-01,FMAO,0.599,0.013710352159686856,2026-02-02,27.4446,2026-03-09,24.828,trail,35,100.0,90.4659,-9.5341,-0.095341,False,97.5353,-2.4647,-0.024647,-0.070694,False
trail_15,2026-02-01,T,0.611,0.009840774341263403,2026-02-02,26.0276,2026-05-15,24.03,trail,102,100.0,92.3251,-7.6749,-0.076749,False,106.583,6.583,0.06583,-0.142579,False
trail_15,2026-02-01,AB,0.591,0.009621310156236351,2026-02-02,40.0429,2026-06-12,36.44,open,130,100.0,91.0023,-8.9977,-0.089977,True,106.955,6.955,0.06955,-0.159527,False
trail_15,2026-02-01,EOG,0.591,0.008690715112313008,2026-02-02,107.5748,2026-06-12,136.65,open,130,100.0,127.0279,27.0279,0.270279,True,106.955,6.955,0.06955,0.200729,True
trail_15,2026-02-01,WPC,0.622,0.008621028664059338,2026-02-02,67.4337,2026-06-12,76.71,open,130,100.0,113.7562,13.7562,0.137562,True,106.955,6.955,0.06955,0.068012,True
trail_15,2026-02-01,PG,0.563,0.004660474033558737,2026-02-02,152.0451,2026-04-07,140.244,trail,64,100.0,92.2384,-7.7616,-0.077616,False,95.0548,-4.9452,-0.049452,-0.028164,False
trail_15,2026-02-01,IBM,0.529,0.0028134367203185295,2026-02-02,310.6593,2026-02-12,257.6239,trail,10,100.0,82.9281,-17.0719,-0.170719,False,97.9667,-2.0333,-0.020333,-0.150386,False
trail_15,2026-02-01,PEG,0.531,0.0019245449253115776,2026-02-02,78.9831,2026-06-12,79.7,open,130,100.0,100.9077,0.9077,0.009077,True,106.955,6.955,0.06955,-0.060473,False
trail_15,2026-02-15,MCHP,0.737,0.052470292748030056,2026-02-17,78.086,2026-03-06,64.4465,trail,17,100.0,82.5328,-17.4672,-0.174672,False,98.4667,-1.5333,-0.015333,-0.15934,False
trail_15,2026-02-15,AMKR,0.652,0.04844861404706413,2026-02-17,46.6979,2026-03-06,41.4837,trail,17,100.0,88.8343,-11.1657,-0.111657,False,98.4667,-1.5333,-0.015333,-0.096324,False
trail_15,2026-02-15,BNPQY,0.835,0.03805293164442869,2026-02-17,53.5223,2026-03-13,46.8029,trail,24,100.0,87.4455,-12.5545,-0.125545,False,96.9891,-3.0109,-0.030109,-0.095436,False
trail_15,2026-02-15,MPWR,0.703,0.037079454311589766,2026-02-17,1170.8392,2026-03-06,1021.1184,trail,17,100.0,87.2125,-12.7875,-0.127875,False,98.4667,-1.5333,-0.015333,-0.112542,False
trail_15,2026-02-15,LRN,0.702,0.03242458632865586,2026-02-17,83.78,2026-06-12,97.71,open,115,100.0,116.6269,16.6269,0.166269,True,108.9223,8.9223,0.089223,0.077046,True
trail_15,2026-02-15,IFF,0.719,0.028192771647188808,2026-02-17,82.2542,2026-03-11,68.3165,trail,22,100.0,83.0554,-16.9446,-0.169446,False,99.0452,-0.9548,-0.009548,-0.159898,False
trail_15,2026-02-15,JNJ,0.815,0.024574184813608735,2026-02-17,240.6592,2026-06-12,240.87,open,115,100.0,100.0876,0.0876,0.000876,True,108.9223,8.9223,0.089223,-0.088347,False
trail_15,2026-02-15,VSEC,0.611,0.024190731819262012,2026-02-17,213.244,2026-03-17,191.5238,trail,28,100.0,89.8144,-10.1856,-0.101856,False,98.2339,-1.7661,-0.017661,-0.084195,False
trail_15,2026-02-15,AME,0.777,0.023237630674112886,2026-02-17,232.9601,2026-06-12,227.12,open,115,100.0,97.4931,-2.5069,-0.025069,True,108.9223,8.9223,0.089223,-0.114292,False
trail_15,2026-02-15,APG,0.686,0.0218446109536079,2026-02-17,44.43,2026-05-19,41.14,trail,91,100.0,92.5951,-7.4049,-0.074049,False,107.7446,7.7446,0.077446,-0.151495,False
trail_15,2026-02-15,GPC,0.683,0.019389738644943533,2026-02-17,123.2558,2026-03-13,104.6004,trail,24,100.0,84.8645,-15.1355,-0.151355,False,96.9891,-3.0109,-0.030109,-0.121246,False
trail_15,2026-02-15,GGFPX,0.813,0.018751127554431868,2026-02-17,19.98,2026-06-12,20.26,open,115,100.0,101.4014,1.4014,0.014014,True,108.9223,8.9223,0.089223,-0.075209,False
trail_15,2026-02-15,BDX,0.667,0.01873817770683739,2026-02-17,175.0205,2026-03-19,155.4342,trail,30,100.0,88.8092,-11.1908,-0.111908,False,96.6244,-3.3756,-0.033756,-0.078153,False
trail_15,2026-02-15,FCFS,0.667,0.018692253249575685,2026-02-17,183.1413,2026-06-12,224.89,open,115,100.0,122.7959,22.7959,0.227959,True,108.9223,8.9223,0.089223,0.138736,True
trail_15,2026-02-15,CRS,0.602,0.018353571852208317,2026-02-17,374.705,2026-06-12,561.49,open,115,100.0,149.8485,49.8485,0.498485,True,108.9223,8.9223,0.089223,0.409263,True
trail_15,2026-02-15,ETN,0.619,0.016440333053757916,2026-02-17,389.1975,2026-06-12,391.39,open,115,100.0,100.5633,0.5633,0.005633,True,108.9223,8.9223,0.089223,-0.083589,False
trail_15,2026-02-15,COST,0.671,0.015739388199377036,2026-02-17,1010.5836,2026-06-12,982.35,open,115,100.0,97.2062,-2.7938,-0.027938,True,108.9223,8.9223,0.089223,-0.117161,False
trail_15,2026-02-15,C,0.611,0.014678054409518415,2026-02-17,113.2443,2026-06-12,139.83,open,115,100.0,123.4764,23.4764,0.234764,True,108.9223,8.9223,0.089223,0.145541,True
trail_15,2026-02-15,BNS,0.678,0.013358119928098988,2026-02-17,76.22,2026-06-12,83.99,open,115,100.0,110.1942,10.1942,0.101942,True,108.9223,8.9223,0.089223,0.012719,True
trail_15,2026-02-15,PG,0.638,0.011176325815261512,2026-02-17,158.3576,2026-04-07,140.244,trail,49,100.0,88.5616,-11.4384,-0.114384,False,96.8032,-3.1968,-0.031968,-0.082416,False
trail_15,2026-02-15,CME,0.635,0.010471524828660428,2026-02-17,294.6227,2026-06-01,256.4305,trail,104,100.0,87.0369,-12.9631,-0.129631,False,111.3878,11.3878,0.113878,-0.243509,False
trail_15,2026-02-15,AMGN,0.578,0.009848330455648702,2026-02-17,370.5617,2026-05-01,327.3481,trail,73,100.0,88.3383,-11.6617,-0.116617,False,105.8239,5.8239,0.058239,-0.174855,False
trail_15,2026-02-15,MCK,0.563,0.009183041733393793,2026-02-17,944.6395,2026-04-21,841.3198,trail,63,100.0,89.0625,-10.9375,-0.109375,False,103.3906,3.3906,0.033906,-0.143281,False
trail_15,2026-02-15,BAX,0.547,0.00873343085135092,2026-02-17,20.719,2026-03-06,17.6808,trail,17,100.0,85.336,-14.664,-0.14664,False,98.4667,-1.5333,-0.015333,-0.131307,False
trail_15,2026-02-15,GOOGL,0.583,0.008711767214752975,2026-02-17,301.6273,2026-06-12,359.68,open,115,100.0,119.2465,19.2465,0.192465,True,108.9223,8.9223,0.089223,0.103242,True
trail_15,2026-02-15,MS,0.577,0.00871018890922226,2026-02-17,170.6231,2026-06-12,214.04,open,115,100.0,125.4461,25.4461,0.254461,True,108.9223,8.9223,0.089223,0.165238,True
trail_15,2026-02-15,AMP,0.573,0.008187406871713598,2026-02-17,467.0742,2026-06-12,459.13,open,115,100.0,98.2992,-1.7008,-0.017008,True,108.9223,8.9223,0.089223,-0.106231,False
trail_15,2026-02-15,AEE,0.615,0.007759143917778433,2026-02-17,109.0257,2026-06-12,109.0,open,115,100.0,99.9764,-0.0236,-0.000236,True,108.9223,8.9223,0.089223,-0.089458,False
trail_15,2026-02-15,META,0.558,0.007731692495405396,2026-02-17,638.7431,2026-03-26,547.54,trail,37,100.0,85.7215,-14.2785,-0.142785,False,94.7282,-5.2718,-0.052718,-0.090068,False
trail_15,2026-02-15,AEP,0.604,0.0071701004190225515,2026-02-17,129.301,2026-06-12,129.23,open,115,100.0,99.9451,-0.0549,-0.000549,True,108.9223,8.9223,0.089223,-0.089772,False
trail_15,2026-02-15,RSG,0.591,0.005573465868895955,2026-02-17,220.5635,2026-06-12,209.91,open,115,100.0,95.1699,-4.8301,-0.048301,True,108.9223,8.9223,0.089223,-0.137524,False
trail_15,2026-02-15,OTIS,0.551,0.0035653407260500813,2026-02-17,91.8833,2026-03-18,78.0571,trail,29,100.0,84.9524,-15.0476,-0.150476,False,96.8632,-3.1368,-0.031368,-0.119108,False
trail_15,2026-02-15,GIS,0.537,0.0032830943301909166,2026-02-17,44.2137,2026-03-18,36.9661,trail,29,100.0,83.6076,-16.3924,-0.163924,False,96.8632,-3.1368,-0.031368,-0.132555,False
trail_15,2026-02-15,XEL,0.53,0.0019512271273744997,2026-02-17,80.1575,2026-06-12,79.22,open,115,100.0,98.8304,-1.1696,-0.011696,True,108.9223,8.9223,0.089223,-0.100919,False
trail_15,2026-02-15,JPM,0.519,0.0017192259503580054,2026-02-17,305.5662,2026-06-12,320.72,open,115,100.0,104.9593,4.9593,0.049593,True,108.9223,8.9223,0.089223,-0.03963,False
trail_15,2026-02-15,FCN,0.505,0.0007631821381117732,2026-02-17,160.23,2026-05-12,151.25,trail,84,100.0,94.3956,-5.6044,-0.056044,False,108.398,8.398,0.08398,-0.140025,False
trail_15,2026-02-15,NVDA,0.504,0.0005425555635849566,2026-02-17,184.7447,2026-03-30,164.9777,trail,41,100.0,89.3004,-10.6996,-0.106996,False,92.8016,-7.1984,-0.071984,-0.035012,False
trail_15,2026-03-01,MU,0.703,0.06241040698476197,2026-03-02,412.4967,2026-03-25,381.9296,trail,23,100.0,92.5897,-7.4103,-0.074103,False,95.9547,-4.0453,-0.040453,-0.03365,False
trail_15,2026-03-01,AEIS,0.751,0.05507254865808253,2026-03-02,340.3149,2026-03-30,298.1979,trail,28,100.0,87.6241,-12.3759,-0.123759,False,92.3243,-7.6757,-0.076757,-0.047002,False
trail_15,2026-03-01,WPM,0.703,0.048680095954026115,2026-03-02,165.2111,2026-03-13,139.4405,trail,11,100.0,84.4014,-15.5986,-0.155986,False,96.4903,-3.5097,-0.035097,-0.120889,False
trail_15,2026-03-01,LRCX,0.682,0.04527807643948378,2026-03-02,230.7236,2026-03-30,199.93,trail,28,100.0,86.6535,-13.3465,-0.133465,False,92.3243,-7.6757,-0.076757,-0.056709,False
trail_15,2026-03-01,GEV,0.676,0.04305250605534461,2026-03-02,880.6475,2026-05-29,968.32,trail,88,100.0,109.9555,9.9555,0.099555,False,110.514,10.514,0.10514,-0.005585,False
trail_15,2026-03-01,FNV,0.691,0.037704063897752604,2026-03-02,276.8742,2026-03-19,230.5623,trail,17,100.0,83.2733,-16.7267,-0.167267,False,96.1275,-3.8725,-0.038725,-0.128542,False
trail_15,2026-03-01,BE,0.585,0.035762215783097684,2026-03-02,166.0,2026-03-06,135.19,trail,4,100.0,81.4398,-18.5602,-0.185602,False,97.9603,-2.0397,-0.020397,-0.165205,False
trail_15,2026-03-01,ASML,0.67,0.0315938067387147,2026-03-02,1420.4375,2026-06-12,1863.55,open,102,100.0,131.1955,31.1955,0.311955,True,108.3621,8.3621,0.083621,0.228334,True
trail_15,2026-03-01,VSAT,0.599,0.03127816324714905,2026-03-02,47.24,2026-03-30,43.72,trail,28,100.0,92.5487,-7.4513,-0.074513,False,92.3243,-7.6757,-0.076757,0.002243,True
trail_15,2026-03-01,CF,0.701,0.028192262094403064,2026-03-02,103.8759,2026-04-17,112.2218,trail,46,100.0,108.0345,8.0345,0.080345,False,103.7442,3.7442,0.037442,0.042903,True
trail_15,2026-03-01,CMCSA,0.717,0.025526532275422342,2026-03-02,30.4657,2026-04-29,26.76,trail,58,100.0,87.8364,-12.1636,-0.121636,False,103.9546,3.9546,0.039546,-0.161182,False
trail_15,2026-03-01,CP,0.705,0.02370031410425777,2026-03-02,89.2035,2026-06-12,90.08,open,102,100.0,100.9826,0.9826,0.009826,True,108.3621,8.3621,0.083621,-0.073795,False
trail_15,2026-03-01,AME,0.775,0.023495206249842804,2026-03-02,241.0773,2026-06-12,227.12,open,102,100.0,94.2105,-5.7895,-0.057895,True,108.3621,8.3621,0.083621,-0.141516,False
trail_15,2026-03-01,GILD,0.67,0.022665149427693043,2026-03-02,149.1828,2026-06-09,125.5,trail,99,100.0,84.125,-15.875,-0.15875,False,107.6755,7.6755,0.076755,-0.235505,False
trail_15,2026-03-01,GE,0.641,0.01992938990808968,2026-03-02,345.2371,2026-03-19,291.61,trail,17,100.0,84.4666,-15.5334,-0.155334,False,96.1275,-3.8725,-0.038725,-0.116609,False
trail_15,2026-03-01,CB,0.705,0.01766139938000566,2026-03-02,340.6882,2026-06-12,328.14,open,102,100.0,96.3168,-3.6832,-0.036832,True,108.3621,8.3621,0.083621,-0.120453,False
trail_15,2026-03-01,CME,0.697,0.017558981038457766,2026-03-02,317.1933,2026-06-01,256.4305,trail,91,100.0,80.8436,-19.1564,-0.191564,False,110.8149,10.8149,0.108149,-0.299713,False
trail_15,2026-03-01,PG,0.701,0.017341542895583206,2026-03-02,162.288,2026-06-12,149.61,open,102,100.0,92.188,-7.812,-0.07812,True,108.3621,8.3621,0.083621,-0.161741,False
trail_15,2026-03-01,WMT,0.646,0.015735160121782554,2026-03-02,126.5981,2026-06-02,113.06,trail,92,100.0,89.3062,-10.6938,-0.106938,False,110.9654,10.9654,0.109654,-0.216592,False
trail_15,2026-03-01,SAN,0.603,0.013559717874000787,2026-03-02,11.8143,2026-06-12,12.87,open,102,100.0,108.9354,8.9354,0.089354,True,108.3621,8.3621,0.083621,0.005733,True
trail_15,2026-03-01,COST,0.623,0.011247405916743336,2026-03-02,1001.3171,2026-06-12,982.35,open,102,100.0,98.1058,-1.8942,-0.018942,True,108.3621,8.3621,0.083621,-0.102563,False
trail_15,2026-03-01,RY,0.639,0.009693996475719224,2026-03-02,167.4729,2026-06-12,199.54,open,102,100.0,119.1477,19.1477,0.191477,True,108.3621,8.3621,0.083621,0.107856,True
trail_15,2026-03-01,C,0.558,0.007882317303774089,2026-03-02,110.9253,2026-06-12,139.83,open,102,100.0,126.0578,26.0578,0.260578,True,108.3621,8.3621,0.083621,0.176957,True
trail_15,2026-03-01,BIIB,0.553,0.006980523639081637,2026-03-02,188.05,2026-06-12,200.05,open,102,100.0,106.3813,6.3813,0.063813,True,108.3621,8.3621,0.083621,-0.019808,False
trail_15,2026-03-01,ICE,0.561,0.00671454228883861,2026-03-02,164.2494,2026-06-02,142.38,trail,92,100.0,86.6852,-13.3148,-0.133148,False,110.9654,10.9654,0.109654,-0.242802,False
trail_15,2026-03-01,SCHW,0.542,0.0042522121804315915,2026-03-02,95.1486,2026-06-12,91.1,open,102,100.0,95.745,-4.255,-0.04255,True,108.3621,8.3621,0.083621,-0.126171,False
trail_15,2026-03-01,CSCO,0.531,0.0040819033567636165,2026-03-02,78.992,2026-06-12,121.1,open,102,100.0,153.3067,53.3067,0.533067,True,108.3621,8.3621,0.083621,0.449446,True
trail_15,2026-03-01,ANET,0.522,0.004068109760342109,2026-03-02,129.3,2026-03-30,116.13,trail,28,100.0,89.8144,-10.1856,-0.101856,False,92.3243,-7.6757,-0.076757,-0.0251,False
trail_15,2026-03-01,CATY,0.535,0.0034471149559875958,2026-03-02,49.8678,2026-06-12,60.98,open,102,100.0,122.2834,22.2834,0.222834,True,108.3621,8.3621,0.083621,0.139213,True
trail_15,2026-03-15,XOM,0.803,0.03804589572661854,2026-03-16,156.17,2026-05-08,143.5954,trail,53,100.0,91.9481,-8.0519,-0.080519,False,110.5532,10.5532,0.105532,-0.186051,False
trail_15,2026-03-15,CVX,0.818,0.03668982511207175,2026-03-16,195.0535,2026-06-12,187.22,open,88,100.0,95.9839,-4.0161,-0.040161,True,111.1722,11.1722,0.111722,-0.151883,False
trail_15,2026-03-15,EOG,0.763,0.03383622155626265,2026-03-16,133.4737,2026-06-12,136.65,open,88,100.0,102.3797,2.3797,0.023797,True,111.1722,11.1722,0.111722,-0.087925,False
trail_15,2026-03-15,LRN,0.686,0.02936477084138156,2026-03-16,82.97,2026-06-12,97.71,open,88,100.0,117.7655,17.7655,0.177655,True,111.1722,11.1722,0.111722,0.065932,True
trail_15,2026-03-15,LRCX,0.611,0.028668042649483194,2026-03-16,219.4,2026-03-30,199.93,trail,14,100.0,91.1258,-8.8742,-0.088742,False,94.7186,-5.2814,-0.052814,-0.035928,False
trail_15,2026-03-15,CLH,0.722,0.022345375861720473,2026-03-16,289.37,2026-06-12,287.78,open,88,100.0,99.4505,-0.5495,-0.005495,True,111.1722,11.1722,0.111722,-0.117217,False
trail_15,2026-03-15,TSM,0.62,0.01911648936619903,2026-03-16,338.4814,2026-06-12,423.93,open,88,100.0,125.2447,25.2447,0.252447,True,111.1722,11.1722,0.111722,0.140725,True
trail_15,2026-03-15,MCK,0.607,0.017290331804341585,2026-03-16,942.2082,2026-05-05,800.1253,trail,50,100.0,84.9202,-15.0798,-0.150798,False,108.4774,8.4774,0.084774,-0.235572,False
trail_15,2026-03-15,VSEC,0.573,0.015290316229254586,2026-03-16,193.9927,2026-04-22,182.85,trail,37,100.0,94.2561,-5.7439,-0.057439,False,106.595,6.595,0.06595,-0.123388,False
trail_15,2026-03-15,MPWR,0.563,0.010954135345922822,2026-03-16,1075.2502,2026-06-12,1577.3199,open,88,100.0,146.6933,46.6933,0.466933,True,111.1722,11.1722,0.111722,0.35521,True
trail_15,2026-03-15,CHRW,0.54,0.00651124522702351,2026-03-16,169.8981,2026-05-14,159.2347,trail,59,100.0,93.7236,-6.2764,-0.062764,False,112.1345,12.1345,0.121345,-0.184109,False
trail_15,2026-03-15,CM,0.539,0.002863956875920337,2026-03-16,96.7317,2026-06-12,113.46,open,88,100.0,117.2935,17.2935,0.172935,True,111.1722,11.1722,0.111722,0.061212,True
trail_15,2026-03-15,BK,0.526,0.00237370603909115,2026-03-16,114.9238,2026-06-12,143.98,open,88,100.0,125.283,25.283,0.25283,True,111.1722,11.1722,0.111722,0.141107,True
trail_15,2026-03-15,TAXI,0.655,0.0011599831889008705,2026-03-16,51.0712,2026-06-12,51.161,open,88,100.0,100.1758,0.1758,0.001758,True,111.1722,11.1722,0.111722,-0.109965,False
trail_15,2026-04-01,XOM,0.766,0.03492553739707405,2026-04-01,159.6961,2026-06-12,147.01,open,72,100.0,92.0561,-7.9439,-0.079439,True,113.2028,13.2028,0.132028,-0.211467,False
trail_15,2026-04-01,GEV,0.65,0.03060240378069623,2026-04-01,894.78,2026-05-29,968.32,trail,58,100.0,108.2188,8.2188,0.082188,False,115.4508,15.4508,0.154508,-0.07232,False
trail_15,2026-04-01,PFE,0.655,0.01589219361043903,2026-04-01,28.0864,2026-06-12,26.21,open,72,100.0,93.3192,-6.6808,-0.066808,True,113.2028,13.2028,0.132028,-0.198836,False
trail_15,2026-04-01,LIN,0.678,0.015131516683941637,2026-04-01,492.2733,2026-06-12,523.57,open,72,100.0,106.3576,6.3576,0.063576,True,113.2028,13.2028,0.132028,-0.068452,False
trail_15,2026-04-01,MRK,0.635,0.013387782833931938,2026-04-01,120.84,2026-06-12,119.05,open,72,100.0,98.5187,-1.4813,-0.014813,True,113.2028,13.2028,0.132028,-0.146841,False
trail_15,2026-04-01,CB,0.596,0.00720128604103798,2026-04-01,326.1424,2026-06-12,328.14,open,72,100.0,100.6125,0.6125,0.006125,True,113.2028,13.2028,0.132028,-0.125903,False
trail_15,2026-04-01,LRCX,0.524,0.005315064908312683,2026-04-01,222.01,2026-06-12,366.81,open,72,100.0,165.2223,65.2223,0.652223,True,113.2028,13.2028,0.132028,0.520195,True
trail_15,2026-04-01,CMI,0.501,0.0002393251882624181,2026-04-01,548.3677,2026-06-12,659.58,open,72,100.0,120.2806,20.2806,0.202806,True,113.2028,13.2028,0.132028,0.070778,True
trail_15,2026-04-15,FN,0.603,0.03521710213596174,2026-04-15,685.81,2026-06-01,622.36,trail,47,100.0,90.7482,-9.2518,-0.092518,False,108.3721,8.3721,0.083721,-0.17624,False
trail_15,2026-04-15,BP,0.744,0.03410182513076987,2026-04-15,45.5984,2026-06-12,42.78,open,58,100.0,93.8191,-6.1809,-0.061809,True,105.9734,5.9734,0.059734,-0.121543,False
trail_15,2026-04-15,AMAT,0.604,0.023629208962523407,2026-04-15,393.7705,2026-06-12,567.25,open,58,100.0,144.056,44.056,0.44056,True,105.9734,5.9734,0.059734,0.380826,True
trail_15,2026-04-15,NTIOF,0.71,0.022835561624853895,2026-04-15,146.13,2026-06-12,150.14,open,58,100.0,102.7441,2.7441,0.027441,True,105.9734,5.9734,0.059734,-0.032292,False
trail_15,2026-04-15,LIN,0.699,0.017231528440444954,2026-04-15,496.3704,2026-06-12,523.57,open,58,100.0,105.4797,5.4797,0.054797,True,105.9734,5.9734,0.059734,-0.004937,False
trail_15,2026-04-15,KLAC,0.573,0.016707238082562137,2026-04-15,174.5882,2026-06-12,254.54,open,58,100.0,145.7945,45.7945,0.457945,True,105.9734,5.9734,0.059734,0.398212,True
trail_15,2026-04-15,BWXT,0.574,0.015417393197066476,2026-04-15,238.1012,2026-05-18,201.67,trail,33,100.0,84.6993,-15.3007,-0.153007,False,105.5305,5.5305,0.055305,-0.208312,False
trail_15,2026-04-15,CSCO,0.592,0.013797357072864003,2026-04-15,82.36,2026-06-12,121.1,open,58,100.0,147.0374,47.0374,0.470374,True,105.9734,5.9734,0.059734,0.41064,True
trail_15,2026-04-15,BMO,0.614,0.012741621115089696,2026-04-15,148.2849,2026-06-12,168.3,open,58,100.0,113.4977,13.4977,0.134977,True,105.9734,5.9734,0.059734,0.075244,True
trail_15,2026-04-15,MRK,0.604,0.00979164944517441,2026-04-15,117.9,2026-06-12,119.05,open,58,100.0,100.9754,0.9754,0.009754,True,105.9734,5.9734,0.059734,-0.04998,False
trail_15,2026-04-15,AMZN,0.563,0.008303766630499698,2026-04-15,248.5,2026-06-12,238.55,open,58,100.0,95.996,-4.004,-0.04004,True,105.9734,5.9734,0.059734,-0.099774,False
trail_15,2026-04-15,AIG,0.599,0.008225140059918035,2026-04-15,77.09,2026-06-12,75.74,open,58,100.0,98.2488,-1.7512,-0.017512,True,105.9734,5.9734,0.059734,-0.077246,False
trail_15,2026-04-15,KO,0.603,0.006779044199133111,2026-04-15,75.31,2026-06-12,82.62,open,58,100.0,109.7066,9.7066,0.097066,True,105.9734,5.9734,0.059734,0.037332,True
trail_15,2026-04-15,VOO,0.576,0.004397742302924668,2026-04-15,643.45,2026-06-12,681.95,open,58,100.0,105.9834,5.9834,0.059834,True,105.9734,5.9734,0.059734,0.0001,True
trail_15,2026-04-15,VTI,0.569,0.00412074894045511,2026-04-15,345.24,2026-06-12,366.36,open,58,100.0,106.1175,6.1175,0.061175,True,105.9734,5.9734,0.059734,0.001441,True
trail_15,2026-04-15,GSKPX,0.569,0.0039814879946986625,2026-04-15,29.16,2026-06-12,30.33,open,58,100.0,104.0123,4.0123,0.040123,True,105.9734,5.9734,0.059734,-0.01961,False
trail_15,2026-04-15,MIAX,0.529,0.003296843319774645,2026-04-15,44.22,2026-05-28,47.76,trail,43,100.0,108.0054,8.0054,0.080054,False,107.8092,7.8092,0.078092,0.001962,True
trail_15,2026-04-15,MCD,0.539,0.0021952529293947087,2026-04-15,304.1969,2026-06-12,284.81,open,58,100.0,93.6269,-6.3731,-0.063731,True,105.9734,5.9734,0.059734,-0.123465,False
trail_15,2026-04-15,TFC,0.522,0.002157929077388765,2026-04-15,49.0716,2026-06-12,51.66,open,58,100.0,105.2748,5.2748,0.052748,True,105.9734,5.9734,0.059734,-0.006986,False
trail_15,2026-04-15,MCHP,0.511,0.0019577279061053776,2026-04-15,74.118,2026-06-12,95.24,open,58,100.0,128.4978,28.4978,0.284978,True,105.9734,5.9734,0.059734,0.225244,True
trail_15,2026-04-15,TAXI,0.5,1.8940674895162601e-06,2026-04-15,50.9795,2026-06-12,51.161,open,58,100.0,100.356,0.356,0.00356,True,105.9734,5.9734,0.059734,-0.056173,False
trail_15,2026-05-01,GLW,0.617,0.03621862459714831,2026-05-01,158.0178,2026-05-19,175.5609,trail,18,100.0,111.102,11.102,0.11102,False,101.815,1.815,0.01815,0.09287,True
trail_15,2026-05-01,AVGO,0.695,0.03609461198419606,2026-05-01,421.28,2026-06-05,385.73,trail,35,100.0,91.5614,-8.4386,-0.084386,False,102.3451,2.3451,0.023451,-0.107837,False
trail_15,2026-05-01,CEG,0.613,0.02465794499064211,2026-05-01,307.3325,2026-05-15,267.2,trail,14,100.0,86.9417,-13.0583,-0.130583,False,102.5699,2.5699,0.025699,-0.156282,False
trail_15,2026-05-01,IBIT,0.618,0.023575204300949837,2026-05-01,44.47,2026-06-02,38.05,trail,32,100.0,85.5633,-14.4367,-0.144367,False,105.4007,5.4007,0.054007,-0.198374,False
trail_15,2026-05-01,VNOM,0.67,0.02141278216140985,2026-05-01,49.1983,2026-06-12,44.38,open,42,100.0,90.2063,-9.7937,-0.097937,True,102.9279,2.9279,0.029279,-0.127216,False
trail_15,2026-05-01,DMLP,0.694,0.01755676541215334,2026-05-01,27.495,2026-06-12,26.71,open,42,100.0,97.1449,-2.8551,-0.028551,True,102.9279,2.9279,0.029279,-0.05783,False
trail_15,2026-05-01,CSCO,0.585,0.01299407576149747,2026-05-01,91.85,2026-06-12,121.1,open,42,100.0,131.8454,31.8454,0.318454,True,102.9279,2.9279,0.029279,0.289175,True
trail_15,2026-05-01,EPD,0.64,0.011496655905207431,2026-05-01,38.03,2026-06-12,37.25,open,42,100.0,97.949,-2.051,-0.02051,True,102.9279,2.9279,0.029279,-0.049789,False
trail_15,2026-05-01,C,0.576,0.010850752182865353,2026-05-01,126.84,2026-06-12,139.83,open,42,100.0,110.2412,10.2412,0.102412,True,102.9279,2.9279,0.029279,0.073133,True
trail_15,2026-05-01,FDX,0.592,0.009775482610038244,2026-05-01,317.22,2026-06-12,338.31,open,42,100.0,106.6484,6.6484,0.066484,True,102.9279,2.9279,0.029279,0.037205,True
trail_15,2026-05-01,IWF,0.611,0.00903498049278939,2026-05-01,120.05,2026-06-12,121.61,open,42,100.0,101.2995,1.2995,0.012995,True,102.9279,2.9279,0.029279,-0.016285,False
trail_15,2026-05-01,TOST,0.543,0.007371454307641301,2026-05-01,29.11,2026-05-11,24.19,trail,10,100.0,83.0986,-16.9014,-0.169014,False,102.5879,2.5879,0.025879,-0.194893,False
trail_15,2026-05-01,MSFT,0.558,0.006266768973713921,2026-05-01,413.5443,2026-06-11,390.34,trail,41,100.0,94.3889,-5.6111,-0.056111,False,102.3742,2.3742,0.023742,-0.079853,False
trail_15,2026-05-01,IWD,0.611,0.005958274655136986,2026-05-01,230.86,2026-06-12,242.13,open,42,100.0,104.8817,4.8817,0.048817,True,102.9279,2.9279,0.029279,0.019538,True
trail_15,2026-05-01,ASML,0.535,0.005760938094678814,2026-05-01,1427.02,2026-06-12,1863.55,open,42,100.0,130.5903,30.5903,0.305903,True,102.9279,2.9279,0.029279,0.276624,True
trail_15,2026-05-01,GS,0.537,0.004547885135632201,2026-05-01,919.6569,2026-06-12,1062.75,open,42,100.0,115.5594,15.5594,0.155594,True,102.9279,2.9279,0.029279,0.126315,True
trail_15,2026-05-01,PTA,0.563,0.003300700110281829,2026-05-01,19.491,2026-06-12,19.21,open,42,100.0,98.5581,-1.4419,-0.014419,True,102.9279,2.9279,0.029279,-0.043698,False
trail_15,2026-05-01,UHAL,0.524,0.0026707444969220617,2026-05-01,51.6,2026-06-12,62.38,open,42,100.0,120.8915,20.8915,0.208915,True,102.9279,2.9279,0.029279,0.179636,True
trail_15,2026-05-01,DBEU,0.542,0.0026350784325825938,2026-05-01,50.64,2026-06-12,52.87,open,42,100.0,104.4036,4.4036,0.044036,True,102.9279,2.9279,0.029279,0.014757,True
trail_15,2026-05-01,AAPL,0.522,0.001901222976041561,2026-05-01,279.8821,2026-06-12,291.13,open,42,100.0,104.0188,4.0188,0.040188,True,102.9279,2.9279,0.029279,0.010909,True
trail_15,2026-05-01,FTSL,0.611,0.001662416355150187,2026-05-01,44.8852,2026-06-12,44.92,open,42,100.0,100.0775,0.0775,0.000775,True,102.9279,2.9279,0.029279,-0.028504,False
trail_15,2026-05-01,TJX,0.522,0.0015764281639014666,2026-05-01,156.318,2026-06-12,168.41,open,42,100.0,107.7355,7.7355,0.077355,True,102.9279,2.9279,0.029279,0.048076,True
trail_15,2026-05-01,SCIO,0.563,0.0006236032459800978,2026-05-01,20.5846,2026-06-12,20.68,open,42,100.0,100.4635,0.4635,0.004635,True,102.9279,2.9279,0.029279,-0.024644,False
trail_15,2026-05-01,FTCB,0.501,1.7963639638018947e-05,2026-05-01,20.8642,2026-06-12,20.88,open,42,100.0,100.0758,0.0758,0.000758,True,102.9279,2.9279,0.029279,-0.028521,False
trail_15,2026-05-15,INTC,0.757,0.10488240126651616,2026-05-15,108.77,2026-06-05,99.17,trail,21,100.0,91.174,-8.826,-0.08826,False,99.7808,-0.2192,-0.002192,-0.086068,False
trail_15,2026-05-15,MRVL,0.783,0.09507384983444234,2026-05-15,176.89,2026-06-05,263.47,trail,21,100.0,148.9457,48.9457,0.489457,False,99.7808,-0.2192,-0.002192,0.491648,True
trail_15,2026-05-15,AMD,0.763,0.08809886640354714,2026-05-15,424.1,2026-06-10,452.4,trail,26,100.0,106.673,6.673,0.06673,False,98.1412,-1.8588,-0.018588,0.085318,True
trail_15,2026-05-15,AESI,0.683,0.05431291739122801,2026-05-15,18.87,2026-05-29,16.69,trail,14,100.0,88.4473,-11.5527,-0.115527,False,102.3418,2.3418,0.023418,-0.138945,False
trail_15,2026-05-15,CSCO,0.777,0.048690032003987804,2026-05-15,118.21,2026-06-12,121.1,open,28,100.0,102.4448,2.4448,0.024448,True,100.349,0.349,0.00349,0.020958,True
trail_15,2026-05-15,KEYS,0.666,0.04102265868910093,2026-05-15,349.01,2026-06-12,350.67,open,28,100.0,100.4756,0.4756,0.004756,True,100.349,0.349,0.00349,0.001266,True
trail_15,2026-05-15,UNH,0.737,0.03748812196543483,2026-05-15,393.85,2026-06-12,408.52,open,28,100.0,103.7248,3.7248,0.037248,True,100.349,0.349,0.00349,0.033757,True
trail_15,2026-05-15,COIN,0.54,0.01051572315065763,2026-05-15,195.43,2026-06-03,163.22,trail,19,100.0,83.5184,-16.4816,-0.164816,False,102.0388,2.0388,0.020388,-0.185204,False
trail_15,2026-05-15,P,0.542,0.008685746944579131,2026-05-15,81.18,2026-05-28,73.04,trail,13,100.0,89.9729,-10.0271,-0.100271,False,102.0875,2.0875,0.020875,-0.121146,False
trail_15,2026-05-15,MSFT,0.565,0.007064089952703689,2026-05-15,421.0081,2026-06-11,390.34,trail,27,100.0,92.7155,-7.2845,-0.072845,False,99.8092,-0.1908,-0.001908,-0.070937,False
trail_15,2026-05-15,GSKPX,0.567,0.0038729385661464555,2026-05-15,30.0,2026-06-12,30.33,open,28,100.0,101.1,1.1,0.011,True,100.349,0.349,0.00349,0.00751,True
trail_15,2026-05-15,INTU,0.511,0.0023913682357852295,2026-05-15,393.0,2026-05-21,307.07,trail,6,100.0,78.1349,-21.8651,-0.218651,False,100.4803,0.4803,0.004803,-0.223454,False
trail_15,2026-05-15,CELFX,0.936,0.002270348314550086,2026-05-15,10.86,2026-06-12,10.89,open,28,100.0,100.2762,0.2762,0.002762,True,100.349,0.349,0.00349,-0.000728,False
trail_15,2026-05-15,V,0.522,0.001981586205703545,2026-05-15,325.75,2026-06-12,322.39,open,28,100.0,98.9685,-1.0315,-0.010315,True,100.349,0.349,0.00349,-0.013805,False
trail_15,2026-05-15,NSIT,0.506,0.0019175601583640844,2026-05-15,88.9,2026-06-12,111.05,open,28,100.0,124.9156,24.9156,0.249156,True,100.349,0.349,0.00349,0.245666,True
trail_15,2026-05-15,ADP,0.505,0.0006936938298256479,2026-05-15,212.865,2026-06-12,226.21,open,28,100.0,106.2692,6.2692,0.062692,True,100.349,0.349,0.00349,0.059202,True
trail_15,2026-05-15,CARR,0.501,7.51463128476626e-05,2026-05-15,64.67,2026-06-12,69.91,open,28,100.0,108.1027,8.1027,0.081027,True,100.349,0.349,0.00349,0.077536,True
trail_15,2026-06-01,AMD,0.832,0.1177375889659602,2026-06-01,510.13,2026-06-10,452.4,trail,9,100.0,88.6833,-11.3167,-0.113167,False,95.635,-4.365,-0.04365,-0.069518,False
trail_15,2026-06-01,IFNNY,0.812,0.08687127296602792,2026-06-01,93.89,2026-06-05,85.02,trail,4,100.0,90.5528,-9.4472,-0.094472,False,97.2328,-2.7672,-0.027672,-0.066801,False
trail_15,2026-06-01,TXN,0.716,0.049561145078502955,2026-06-01,293.2,2026-06-12,301.12,open,11,100.0,102.7012,2.7012,0.027012,True,97.7865,-2.2135,-0.022135,0.049147,True
trail_15,2026-06-01,GS,0.726,0.029785735898509413,2026-06-01,1048.58,2026-06-12,1062.75,open,11,100.0,101.3514,1.3514,0.013514,True,97.7865,-2.2135,-0.022135,0.035648,True
trail_15,2026-06-01,AAPL,0.717,0.021055134333178405,2026-06-01,306.31,2026-06-12,291.13,open,11,100.0,95.0442,-4.9558,-0.049558,True,97.7865,-2.2135,-0.022135,-0.027423,False
trail_15,2026-06-01,IHG,0.655,0.019603243393615966,2026-06-01,155.01,2026-06-12,167.12,open,11,100.0,107.8124,7.8124,0.078124,True,97.7865,-2.2135,-0.022135,0.100259,True
trail_15,2026-06-01,CBZ,0.591,0.018760381823742067,2026-06-01,34.68,2026-06-12,35.26,open,11,100.0,101.6724,1.6724,0.016724,True,97.7865,-2.2135,-0.022135,0.038859,True
trail_15,2026-06-01,FCX,0.559,0.012447437317679944,2026-06-01,67.04,2026-06-12,68.41,open,11,100.0,102.0436,2.0436,0.020436,True,97.7865,-2.2135,-0.022135,0.04257,True
trail_15,2026-06-01,NTES,0.563,0.006500383215039651,2026-06-01,122.5468,2026-06-12,125.82,open,11,100.0,102.671,2.671,0.02671,True,97.7865,-2.2135,-0.022135,0.048844,True
trail_15,2026-06-01,SPG,0.577,0.0062111578216952346,2026-06-01,200.5004,2026-06-12,219.04,open,11,100.0,109.2467,9.2467,0.092467,True,97.7865,-2.2135,-0.022135,0.114601,True
trail_15,2026-06-01,JPM,0.546,0.0036065717105784323,2026-06-01,296.58,2026-06-12,320.72,open,11,100.0,108.1395,8.1395,0.081395,True,97.7865,-2.2135,-0.022135,0.103529,True
trail_20,2025-10-01,OPEN,0.69,0.2293874565983436,2025-10-01,8.06,2025-10-13,7.27,trail,12,100.0,90.1985,-9.8015,-0.098015,False,99.1907,-0.8093,-0.008093,-0.089922,False
trail_20,2025-10-01,GOOGL,0.815,0.03962102293863001,2025-10-01,244.4218,2026-03-27,274.1762,trail,177,100.0,112.1734,12.1734,0.121734,False,95.3999,-4.6001,-0.046001,0.167735,True
trail_20,2025-10-01,AAPL,0.705,0.023013427768410644,2025-10-01,254.7293,2026-04-01,255.3947,time,182,100.0,100.2612,0.2612,0.002612,False,98.5819,-1.4181,-0.014181,0.016793,True
trail_20,2025-10-01,AVGO,0.63,0.021312589148331673,2025-10-01,332.0568,2025-12-17,324.7162,trail,77,100.0,97.7894,-2.2106,-0.022106,False,100.4413,0.4413,0.004413,-0.026519,False
trail_20,2025-10-01,ORCL,0.564,0.01911171614543239,2025-10-01,286.7472,2025-11-04,246.6543,trail,34,100.0,86.018,-13.982,-0.13982,False,101.0158,1.0158,0.010158,-0.149978,False
trail_20,2025-10-01,NVDA,0.64,0.01657848381301541,2025-10-01,187.0015,2026-03-30,164.9777,trail,180,100.0,88.2227,-11.7773,-0.117773,False,95.0809,-4.9191,-0.049191,-0.068583,False
trail_20,2025-10-01,UNH,0.59,0.01613386457493915,2025-10-01,343.3049,2026-01-27,280.5192,trail,118,100.0,81.7114,-18.2886,-0.182886,False,104.3526,4.3526,0.043526,-0.226412,False
trail_20,2025-10-01,QCOM,0.558,0.005837998218980012,2025-10-01,163.9813,2026-02-03,145.7029,trail,125,100.0,88.8534,-11.1466,-0.111466,False,103.4584,3.4584,0.034584,-0.14605,False
trail_20,2025-10-01,MCD,0.571,0.0038929745373337266,2025-10-01,295.0667,2026-04-01,305.22,time,182,100.0,103.441,3.441,0.03441,False,98.5819,-1.4181,-0.014181,0.048591,True
trail_20,2025-10-15,APP,0.701,0.05842853859795616,2025-10-15,602.3,2025-11-20,520.82,trail,36,100.0,86.4719,-13.5281,-0.135281,False,98.0997,-1.9003,-0.019003,-0.116279,False
trail_20,2025-10-15,GOOGL,0.764,0.0334579677821798,2025-10-15,250.5398,2026-03-27,274.1762,trail,163,100.0,109.4342,9.4342,0.094342,False,95.8703,-4.1297,-0.041297,0.135639,True
trail_20,2025-10-15,UNH,0.628,0.024777015049093132,2025-10-15,355.9706,2026-01-27,280.5192,trail,104,100.0,78.804,-21.196,-0.21196,False,104.8672,4.8672,0.048672,-0.260632,False
trail_20,2025-10-15,AVGO,0.629,0.024640450287666038,2025-10-15,349.925,2025-12-17,324.7162,trail,63,100.0,92.796,-7.204,-0.07204,False,100.9366,0.9366,0.009366,-0.081407,False
trail_20,2025-10-15,ORCL,0.573,0.02183245555792146,2025-10-15,301.7656,2025-11-04,246.6543,trail,20,100.0,81.737,-18.263,-0.18263,False,101.5139,1.5139,0.015139,-0.197769,False
trail_20,2025-10-15,AAPL,0.662,0.01831919500630419,2025-10-15,248.6366,2026-04-15,266.1848,time,182,100.0,107.0578,7.0578,0.070578,False,105.8264,5.8264,0.058264,0.012314,True
trail_20,2025-10-15,BNS,0.7,0.015341549964374757,2025-10-15,64.51,2026-04-15,75.36,time,182,100.0,116.8191,16.8191,0.168191,False,105.8264,5.8264,0.058264,0.109927,True
trail_20,2025-10-15,BMO,0.705,0.014683117560095438,2025-10-15,127.226,2026-04-15,148.2849,time,182,100.0,116.5523,16.5523,0.165523,False,105.8264,5.8264,0.058264,0.107259,True
trail_20,2025-10-15,RY,0.682,0.011911176685284408,2025-10-15,145.7814,2026-04-15,174.753,time,182,100.0,119.8733,19.8733,0.198733,False,105.8264,5.8264,0.058264,0.140469,True
trail_20,2025-10-15,NVDA,0.553,0.0059242896379094745,2025-10-15,179.6009,2026-03-30,164.9777,trail,166,100.0,91.8579,-8.1421,-0.081421,False,95.5498,-4.4502,-0.044502,-0.036918,False
trail_20,2025-10-15,VTEB,0.868,0.005454044279670889,2025-10-15,49.2284,2026-04-15,49.9808,time,182,100.0,101.5283,1.5283,0.015283,False,105.8264,5.8264,0.058264,-0.042981,False
trail_20,2025-10-15,PANW,0.537,0.004117751213195353,2025-10-15,206.7,2026-01-29,176.2,trail,106,100.0,85.2443,-14.7557,-0.147557,False,104.6486,4.6486,0.046486,-0.194042,False
trail_20,2025-10-15,MCD,0.566,0.003697736306313537,2025-10-15,299.7109,2026-04-15,304.1969,time,182,100.0,101.4968,1.4968,0.014968,False,105.8264,5.8264,0.058264,-0.043296,False
trail_20,2025-10-15,TAXI,0.863,0.0034427910684382557,2025-10-15,50.0788,2026-04-15,50.9795,time,182,100.0,101.7985,1.7985,0.017985,False,105.8264,5.8264,0.058264,-0.040279,False
trail_20,2025-10-15,NFLX,0.535,0.002749620721958168,2025-10-15,120.329,2025-12-08,96.79,trail,54,100.0,80.4378,-19.5622,-0.195622,False,102.7752,2.7752,0.027752,-0.223374,False
trail_20,2025-10-15,QCOM,0.522,0.0026281224125908054,2025-10-15,160.5143,2026-02-03,145.7029,trail,111,100.0,90.7726,-9.2274,-0.092274,False,103.9685,3.9685,0.039685,-0.13196,False
trail_20,2025-10-15,NDAQ,0.53,0.002238266349144924,2025-10-15,88.7516,2026-02-11,79.8796,trail,119,100.0,90.0036,-9.9964,-0.099964,False,104.3349,4.3349,0.043349,-0.143314,False
trail_20,2025-10-15,ARTFX,0.683,0.001968274562438088,2025-10-15,8.8297,2026-04-15,8.9549,time,182,100.0,101.4183,1.4183,0.014183,False,105.8264,5.8264,0.058264,-0.044081,False
trail_20,2025-10-15,ALLY,0.515,0.0016171899950139235,2025-10-15,38.8523,2026-03-10,37.1274,trail,146,100.0,95.5604,-4.4396,-0.044396,False,102.1064,2.1064,0.021064,-0.06546,False
trail_20,2025-10-15,FFRHX,0.624,0.0013426506546234673,2025-10-15,8.7488,2026-04-15,8.8926,time,182,100.0,101.6441,1.6441,0.016441,False,105.8264,5.8264,0.058264,-0.041823,False
trail_20,2025-10-15,PRI,0.505,0.0006300259955809295,2025-10-15,264.396,2026-04-15,272.1331,time,182,100.0,102.9263,2.9263,0.029263,False,105.8264,5.8264,0.058264,-0.029001,False
trail_20,2025-10-15,META,0.502,0.00040808863388885896,2025-10-15,716.3519,2025-11-18,596.6921,trail,34,100.0,83.2959,-16.7041,-0.167041,False,99.2348,-0.7652,-0.007652,-0.159388,False
trail_20,2025-11-01,IREN,0.78,0.1397974723454134,2025-11-03,67.75,2025-11-10,60.17,trail,7,100.0,88.8118,-11.1882,-0.111882,False,99.7219,-0.2781,-0.002781,-0.109101,False
trail_20,2025-11-01,RGTI,0.719,0.11766122432550219,2025-11-03,39.12,2025-11-12,28.3,trail,9,100.0,72.3415,-27.6585,-0.276585,False,100.0059,0.0059,5.9e-05,-0.276643,False
trail_20,2025-11-01,STX,0.731,0.06257412777287108,2025-11-03,264.3939,2026-03-06,352.1856,trail,123,100.0,133.2049,33.2049,0.332049,False,98.6869,-1.3131,-0.013131,0.34518,True
trail_20,2025-11-01,ASML,0.788,0.04626850619545708,2025-11-03,1063.0927,2026-05-04,1386.21,time,182,100.0,130.3941,30.3941,0.303941,False,105.6719,5.6719,0.056719,0.247222,True
trail_20,2025-11-01,GOOGL,0.797,0.040357928383258024,2025-11-03,283.1659,2026-03-27,274.1762,trail,144,100.0,96.8253,-3.1747,-0.031747,False,93.3211,-6.6789,-0.066789,0.035042,True
trail_20,2025-11-01,PANW,0.806,0.03340558497171364,2025-11-03,219.23,2026-02-03,166.24,trail,92,100.0,75.829,-24.171,-0.24171,False,101.204,1.204,0.01204,-0.25375,False
trail_20,2025-11-01,CAH,0.635,0.022630401263354694,2025-11-03,189.2881,2026-05-04,197.06,time,182,100.0,104.1058,4.1058,0.041058,False,105.6719,5.6719,0.056719,-0.015661,False
trail_20,2025-11-01,AAPL,0.697,0.019917442446432787,2025-11-03,268.291,2026-05-04,276.5752,time,182,100.0,103.0878,3.0878,0.030878,False,105.6719,5.6719,0.056719,-0.025841,False
trail_20,2025-11-01,AMZN,0.582,0.010690847945075577,2025-11-03,254.0,2026-02-12,199.6,trail,101,100.0,78.5827,-21.4173,-0.214173,False,99.9917,-0.0083,-8.3e-05,-0.21409,False
trail_20,2025-11-01,DT,0.596,0.010574735764151244,2025-11-03,50.48,2026-01-14,39.98,trail,72,100.0,79.1997,-20.8003,-0.208003,False,101.3258,1.3258,0.013258,-0.221261,False
trail_20,2025-11-01,NTES,0.578,0.010359263230304894,2025-11-03,138.321,2026-02-23,114.5059,trail,112,100.0,82.7828,-17.2172,-0.172172,False,100.1561,0.1561,0.001561,-0.173733,False
trail_20,2025-11-01,BHP,0.598,0.009136258231976058,2025-11-03,55.0656,2026-05-04,77.87,time,182,100.0,141.4131,41.4131,0.414131,False,105.6719,5.6719,0.056719,0.357412,True
trail_20,2025-11-01,IT,0.563,0.009057717868606208,2025-11-03,245.92,2026-02-02,202.4,trail,91,100.0,82.3032,-17.6968,-0.176968,False,102.067,2.067,0.02067,-0.197638,False
trail_20,2025-11-01,IVV,0.686,0.008663993936173453,2025-11-03,682.4503,2026-05-04,721.39,time,182,100.0,105.7059,5.7059,0.057059,False,105.6719,5.6719,0.056719,0.00034,True
trail_20,2025-11-01,PLTR,0.546,0.007237454716573666,2025-11-03,207.18,2025-11-19,165.42,trail,16,100.0,79.8436,-20.1564,-0.201564,False,96.9693,-3.0307,-0.030307,-0.171257,False
trail_20,2025-11-01,NVS,0.596,0.007045106145806557,2025-11-03,120.2015,2026-05-04,144.62,time,182,100.0,120.3147,20.3147,0.203147,False,105.6719,5.6719,0.056719,0.146428,True
trail_20,2025-11-01,AMGN,0.56,0.00517310223722367,2025-11-03,289.9872,2026-05-04,321.4228,time,182,100.0,110.8403,10.8403,0.108403,False,105.6719,5.6719,0.056719,0.051684,True
trail_20,2025-11-01,SMR,0.509,0.0043885149721552,2025-11-03,40.83,2025-11-06,32.46,trail,3,100.0,79.5004,-20.4996,-0.204996,False,98.0932,-1.9068,-0.019068,-0.185928,False
trail_20,2025-11-01,HUM,0.523,0.0039805795449141534,2025-11-03,277.5548,2025-11-20,221.4033,trail,17,100.0,79.7692,-20.2308,-0.202308,False,95.4913,-4.5087,-0.045087,-0.15722,False
trail_20,2025-11-01,CVX,0.553,0.003563084820371376,2025-11-03,149.4936,2026-05-04,190.5349,time,182,100.0,127.4535,27.4535,0.274535,False,105.6719,5.6719,0.056719,0.217816,True
trail_20,2025-11-01,WTRG,0.528,0.001954128108640152,2025-11-03,37.0615,2026-05-04,37.6035,time,182,100.0,101.4625,1.4625,0.014625,False,105.6719,5.6719,0.056719,-0.042094,False
trail_20,2025-11-15,CLS,0.678,0.05627955159882636,2025-11-17,309.37,2025-12-17,275.83,trail,30,100.0,89.1586,-10.8414,-0.108414,False,100.8608,0.8608,0.008608,-0.117022,False
trail_20,2025-11-15,GOOGL,0.752,0.03530521894685412,2025-11-17,284.4634,2026-03-27,274.1762,trail,130,100.0,96.3837,-3.6163,-0.036163,False,95.7983,-4.2017,-0.042017,0.005854,True
trail_20,2025-11-15,APP,0.599,0.024701965356474398,2025-11-17,539.27,2026-01-16,568.76,trail,60,100.0,105.4685,5.4685,0.054685,False,104.2114,4.2114,0.042114,0.012571,True
trail_20,2025-11-15,TSM,0.652,0.0239374212222474,2025-11-17,279.8052,2026-05-18,395.0249,time,182,100.0,141.1786,41.1786,0.411786,False,111.5952,11.5952,0.115952,0.295833,True
trail_20,2025-11-15,AAPL,0.708,0.02166581970239001,2025-11-17,266.964,2026-05-18,297.84,time,182,100.0,111.5656,11.5656,0.115656,False,111.5952,11.5952,0.115952,-0.000296,False
trail_20,2025-11-15,HURN,0.643,0.020778770260122537,2025-11-17,160.53,2026-02-10,145.86,trail,85,100.0,90.8615,-9.1385,-0.091385,False,104.2807,4.2807,0.042807,-0.134191,False
trail_20,2025-11-15,NVT,0.636,0.019920721490759075,2025-11-17,103.7412,2026-05-18,160.69,time,182,100.0,154.895,54.895,0.54895,False,111.5952,11.5952,0.115952,0.432998,True
trail_20,2025-11-15,EQT,0.635,0.017112727069472422,2025-11-17,58.7086,2026-05-18,57.45,time,182,100.0,97.8562,-2.1438,-0.021438,False,111.5952,11.5952,0.115952,-0.137391,False
trail_20,2025-11-15,HOOD,0.539,0.00927981941485534,2025-11-17,115.97,2026-01-16,108.74,trail,60,100.0,93.7656,-6.2344,-0.062344,False,104.2114,4.2114,0.042114,-0.104457,False
trail_20,2025-11-15,PLTR,0.549,0.009246275571362483,2025-11-17,171.25,2026-01-29,151.86,trail,73,100.0,88.6774,-11.3226,-0.113226,False,104.57,4.57,0.0457,-0.158926,False
trail_20,2025-11-15,FTGC,0.655,0.008290408531735016,2025-11-17,22.8577,2026-05-18,30.04,time,182,100.0,131.4216,31.4216,0.314216,False,111.5952,11.5952,0.115952,0.198264,True
trail_20,2025-11-15,NVDA,0.553,0.00729763026351038,2025-11-17,186.3623,2026-05-18,222.0612,time,182,100.0,119.1556,19.1556,0.191556,False,111.5952,11.5952,0.115952,0.075604,True
trail_20,2025-11-15,EIPI,0.613,0.004056996619204778,2025-11-17,19.2807,2026-05-18,22.4854,time,182,100.0,116.6217,16.6217,0.166217,False,111.5952,11.5952,0.115952,0.050265,True
trail_20,2025-11-15,FIVE,0.522,0.003267863317467423,2025-11-17,147.72,2026-05-18,218.36,time,182,100.0,147.8202,47.8202,0.478202,False,111.5952,11.5952,0.115952,0.36225,True
trail_20,2025-11-15,SHOP,0.51,0.001985678794187651,2025-11-17,139.93,2026-01-26,136.31,trail,70,100.0,97.413,-2.587,-0.02587,False,104.3726,4.3726,0.043726,-0.069596,False
trail_20,2025-11-15,LCII,0.503,0.0004382065275045921,2025-11-17,101.831,2026-03-12,120.935,trail,115,100.0,118.7605,18.7605,0.187605,False,100.3543,0.3543,0.003543,0.184063,True
trail_20,2025-11-15,INTU,0.504,0.00032432260678261216,2025-11-17,642.806,2026-01-20,527.3204,trail,64,100.0,82.0342,-17.9658,-0.179658,False,102.09,2.09,0.0209,-0.200558,False
trail_20,2025-12-01,BE,0.611,0.0585272446027576,2025-12-01,98.93,2025-12-12,94.98,trail,11,100.0,96.0073,-3.9927,-0.039927,False,100.219,0.219,0.00219,-0.042118,False
trail_20,2025-12-01,GOOGL,0.761,0.03561989869414828,2025-12-01,314.2751,2026-03-27,274.1762,trail,116,100.0,87.2408,-12.7592,-0.127592,False,93.7423,-6.2577,-0.062577,-0.065014,False
trail_20,2025-12-01,CLS,0.588,0.0265020626649084,2025-12-01,318.37,2025-12-17,275.83,trail,16,100.0,86.6382,-13.3618,-0.133618,False,98.6961,-1.3039,-0.013039,-0.120579,False
trail_20,2025-12-01,VALE,0.756,0.02345420463186243,2025-12-01,12.0522,2026-06-01,16.3,time,182,100.0,135.2455,35.2455,0.352455,False,112.1406,12.1406,0.121406,0.231049,True
trail_20,2025-12-01,UTHR,0.67,0.0232719000907311,2025-12-01,479.95,2026-06-01,544.62,time,182,100.0,113.4743,13.4743,0.134743,False,112.1406,12.1406,0.121406,0.013337,True
trail_20,2025-12-01,TMO,0.669,0.021795384397548023,2025-12-01,584.1329,2026-02-12,509.3165,trail,73,100.0,87.1919,-12.8081,-0.128081,False,100.4429,0.4429,0.004429,-0.13251,False
trail_20,2025-12-01,AAPL,0.706,0.02107372554380138,2025-12-01,282.575,2026-06-01,306.31,time,182,100.0,108.3995,8.3995,0.083995,False,112.1406,12.1406,0.121406,-0.037411,False
trail_20,2025-12-01,AZTA,0.578,0.017765656280792408,2025-12-01,34.86,2026-02-04,28.49,trail,65,100.0,81.7269,-18.2731,-0.182731,False,101.1683,1.1683,0.011683,-0.194414,False
trail_20,2025-12-01,BABA,0.586,0.016567850209439516,2025-12-01,162.7652,2026-03-03,134.3561,trail,92,100.0,82.546,-17.454,-0.17454,False,100.3043,0.3043,0.003043,-0.177584,False
trail_20,2025-12-01,CSCO,0.667,0.016163221168648878,2025-12-01,75.2276,2026-06-01,121.33,time,182,100.0,161.2838,61.2838,0.612838,False,112.1406,12.1406,0.121406,0.491432,True
trail_20,2025-12-01,BCS,0.642,0.015753242254312738,2025-12-01,22.4804,2026-03-12,20.89,trail,101,100.0,92.9252,-7.0748,-0.070748,False,98.2004,-1.7996,-0.017996,-0.052752,False
trail_20,2025-12-01,APP,0.553,0.012563167199420855,2025-12-01,623.59,2026-01-16,568.76,trail,46,100.0,91.2074,-8.7926,-0.087926,False,101.9748,1.9748,0.019748,-0.107674,False
trail_20,2025-12-01,AXP,0.613,0.012428016302265865,2025-12-01,358.3784,2026-03-05,306.2419,trail,94,100.0,85.4521,-14.5479,-0.145479,False,100.4488,0.4488,0.004488,-0.149967,False
trail_20,2025-12-01,AZN,0.604,0.012309997124248406,2025-12-01,179.1721,2026-06-01,179.71,time,182,100.0,100.3002,0.3002,0.003002,False,112.1406,12.1406,0.121406,-0.118404,False
trail_20,2025-12-01,APG,0.608,0.012146470411791288,2025-12-01,38.98,2026-06-01,40.59,time,182,100.0,104.1303,4.1303,0.041303,False,112.1406,12.1406,0.121406,-0.080103,False
trail_20,2025-12-01,AVGO,0.563,0.011784329856131759,2025-12-01,384.536,2025-12-17,324.7162,trail,16,100.0,84.4436,-15.5564,-0.155564,False,98.6961,-1.3039,-0.013039,-0.142525,False
trail_20,2025-12-01,CCJ,0.547,0.011406938483085938,2025-12-01,87.53,2026-03-19,106.6,trail,108,100.0,121.7868,21.7868,0.217868,False,97.2775,-2.7225,-0.027225,0.245093,True
trail_20,2025-12-01,GS,0.604,0.01063361906273852,2025-12-01,799.1141,2026-06-01,1048.58,time,182,100.0,131.2178,31.2178,0.312178,False,112.1406,12.1406,0.121406,0.190772,True
trail_20,2025-12-01,AVAV,0.538,0.007557422017004489,2025-12-01,257.8,2025-12-17,229.1,trail,16,100.0,88.8673,-11.1327,-0.111327,False,98.6961,-1.3039,-0.013039,-0.098288,False
trail_20,2025-12-01,DELL,0.542,0.007356997271979582,2025-12-01,131.109,2026-01-20,110.7274,trail,50,100.0,84.4545,-15.5455,-0.155455,False,99.8989,-0.1011,-0.001011,-0.154444,False
trail_20,2025-12-01,NVDA,0.551,0.007266196212135423,2025-12-01,179.6908,2026-06-01,224.0988,time,182,100.0,124.7136,24.7136,0.247136,False,112.1406,12.1406,0.121406,0.125729,True
trail_20,2025-12-01,RY,0.641,0.006847532378551069,2025-12-01,151.8499,2026-06-01,188.56,time,182,100.0,124.1753,24.1753,0.241753,False,112.1406,12.1406,0.121406,0.120346,True
trail_20,2025-12-01,ALIZY,0.565,0.004259569486146919,2025-12-01,41.0057,2026-06-01,43.64,time,182,100.0,106.4243,6.4243,0.064243,False,112.1406,12.1406,0.121406,-0.057163,False
trail_20,2025-12-01,UNM,0.54,0.0032053032342449495,2025-12-01,74.3044,2026-06-01,83.43,time,182,100.0,112.2814,12.2814,0.122814,False,112.1406,12.1406,0.121406,0.001407,True
trail_20,2025-12-01,FTNT,0.522,0.0020973130373636018,2025-12-01,81.82,2026-06-01,147.14,time,182,100.0,179.8338,79.8338,0.798338,False,112.1406,12.1406,0.121406,0.676931,True
trail_20,2025-12-01,UNH,0.512,0.0016000716658375325,2025-12-01,318.5747,2026-01-27,280.5192,trail,57,100.0,88.0544,-11.9456,-0.119456,False,102.5394,2.5394,0.025394,-0.14485,False
trail_20,2025-12-15,COHR,0.65,0.04872310673953528,2025-12-15,178.45,2026-03-06,235.72,trail,81,100.0,132.093,32.093,0.32093,False,99.0652,-0.9348,-0.009348,0.330278,True
trail_20,2025-12-15,ISRG,0.667,0.02704103960034132,2025-12-15,559.52,2026-03-13,472.16,trail,88,100.0,84.3866,-15.6134,-0.156134,False,97.5786,-2.4214,-0.024214,-0.13192,False
trail_20,2025-12-15,JNJ,0.849,0.0257925018263514,2025-12-15,211.8193,2026-06-12,240.87,open,179,100.0,113.7149,13.7149,0.137149,True,109.5843,9.5843,0.095843,0.041305,True
trail_20,2025-12-15,IDEXY,0.671,0.02314438485659931,2025-12-15,15.7861,2026-06-12,16.2,open,179,100.0,102.6218,2.6218,0.026218,True,109.5843,9.5843,0.095843,-0.069625,False
trail_20,2025-12-15,TMO,0.686,0.023104214491500796,2025-12-15,575.3412,2026-02-12,509.3165,trail,59,100.0,88.5243,-11.4757,-0.114757,False,100.3751,0.3751,0.003751,-0.118508,False
trail_20,2025-12-15,KDP,0.629,0.015194011358456772,2025-12-15,28.7362,2026-06-12,31.71,open,179,100.0,110.3487,10.3487,0.103487,True,109.5843,9.5843,0.095843,0.007644,True
trail_20,2025-12-15,HAYW,0.565,0.008380840037055526,2025-12-15,15.97,2026-03-26,13.49,trail,101,100.0,84.4709,-15.5291,-0.155291,False,95.304,-4.696,-0.04696,-0.108332,False
trail_20,2025-12-15,TM,0.579,0.008112709600623269,2025-12-15,214.81,2026-04-23,196.08,trail,129,100.0,91.2807,-8.7193,-0.087193,False,104.6647,4.6647,0.046647,-0.13384,False
trail_20,2025-12-15,COF,0.567,0.0076505511710902585,2025-12-15,237.8748,2026-02-19,204.1835,trail,66,100.0,85.8365,-14.1635,-0.141635,False,100.848,0.848,0.00848,-0.150114,False
trail_20,2025-12-15,CVCO,0.53,0.005818001802332828,2025-12-15,598.17,2026-01-30,492.02,trail,46,100.0,82.2542,-17.7458,-0.177458,False,101.9515,1.9515,0.019515,-0.196973,False
trail_20,2025-12-15,BCE,0.562,0.0044992398452330384,2025-12-15,23.3155,2026-06-12,24.59,open,179,100.0,105.4665,5.4665,0.054665,True,109.5843,9.5843,0.095843,-0.041178,False
trail_20,2025-12-15,IFF,0.545,0.004420901058443061,2025-12-15,63.4031,2026-06-12,78.27,open,179,100.0,123.4482,23.4482,0.234482,True,109.5843,9.5843,0.095843,0.138638,True
trail_20,2025-12-15,MET,0.54,0.003290334085508162,2025-12-15,81.3985,2026-06-12,88.84,open,179,100.0,109.1421,9.1421,0.091421,True,109.5843,9.5843,0.095843,-0.004423,False
trail_20,2025-12-15,BMO,0.541,0.0024284140937009813,2025-12-15,131.0053,2026-06-12,168.3,open,179,100.0,128.4681,28.4681,0.284681,True,109.5843,9.5843,0.095843,0.188837,True
trail_20,2025-12-15,APO,0.515,0.00218718150967101,2025-12-15,145.6186,2026-02-19,117.843,trail,66,100.0,80.9258,-19.0742,-0.190742,False,100.848,0.848,0.00848,-0.199222,False
trail_20,2025-12-15,AXAHY,0.53,0.0019219659426228386,2025-12-15,45.237,2026-06-12,47.43,open,179,100.0,104.8479,4.8479,0.048479,True,109.5843,9.5843,0.095843,-0.047365,False
trail_20,2025-12-15,CRM,0.513,0.0018825669232021003,2025-12-15,252.883,2026-01-30,211.2152,trail,46,100.0,83.5229,-16.4771,-0.164771,False,101.9515,1.9515,0.019515,-0.184286,False
trail_20,2025-12-15,D,0.526,0.0015603968386634914,2025-12-15,58.622,2026-06-12,67.91,open,179,100.0,115.8439,15.8439,0.158439,True,109.5843,9.5843,0.095843,0.062595,True
trail_20,2025-12-15,VTEB,0.662,0.0012976467163468008,2025-12-15,49.3864,2026-06-12,50.3,open,179,100.0,101.8499,1.8499,0.018499,True,109.5843,9.5843,0.095843,-0.077344,False
trail_20,2025-12-15,CL,0.513,0.0010452028353857834,2025-12-15,78.459,2026-06-12,89.45,open,179,100.0,114.0086,14.0086,0.140086,True,109.5843,9.5843,0.095843,0.044243,True
trail_20,2025-12-15,UNH,0.505,0.0006469968858975328,2025-12-15,338.4687,2026-01-27,280.5192,trail,43,100.0,82.8789,-17.1211,-0.171211,False,102.4702,2.4702,0.024702,-0.195912,False
trail_20,2026-01-01,GOOGL,0.708,0.028974689822372612,2026-01-02,314.7403,2026-03-27,274.1762,trail,84,100.0,87.1119,-12.8881,-0.128881,False,93.0693,-6.9307,-0.069307,-0.059574,False
trail_20,2026-01-01,WFC,0.655,0.01720484420415236,2026-01-02,94.1959,2026-03-12,74.8222,trail,69,100.0,79.4326,-20.5674,-0.205674,False,97.4955,-2.5045,-0.025045,-0.180629,False
trail_20,2026-01-01,PUK,0.655,0.01299341603508597,2026-01-02,31.2264,2026-06-04,26.11,trail,153,100.0,83.615,-16.385,-0.16385,False,111.1228,11.1228,0.111228,-0.275078,False
trail_20,2026-01-01,NVDA,0.501,0.00026891810838791663,2026-01-02,188.6199,2026-06-12,205.19,open,161,100.0,108.7849,8.7849,0.087849,True,108.8713,8.8713,0.088713,-0.000864,False
trail_20,2026-01-01,VZ,0.502,0.00024508398959999234,2026-01-02,39.2388,2026-06-12,48.11,open,161,100.0,122.6083,22.6083,0.226083,True,108.8713,8.8713,0.088713,0.13737,True
trail_20,2026-01-15,AA,0.74,0.06375577153647383,2026-01-15,63.6039,2026-06-10,65.55,trail,146,100.0,103.0598,3.0598,0.030598,False,105.0808,5.0808,0.050808,-0.02021,False
trail_20,2026-01-15,DLTR,0.763,0.042553304039172346,2026-01-15,141.21,2026-03-12,111.7,trail,56,100.0,79.102,-20.898,-0.20898,False,96.2181,-3.7819,-0.037819,-0.17116,False
trail_20,2026-01-15,GOOGL,0.763,0.0342303112398914,2026-01-15,332.3474,2026-03-27,274.1762,trail,71,100.0,82.4969,-17.5031,-0.175031,False,91.8499,-8.1501,-0.081501,-0.09353,False
trail_20,2026-01-15,CNC,0.643,0.030825705095671507,2026-01-15,47.27,2026-03-10,36.4,trail,54,100.0,77.0044,-22.9956,-0.229956,False,97.8245,-2.1755,-0.021755,-0.2082,False
trail_20,2026-01-15,GS,0.748,0.03079086959876176,2026-01-15,966.4916,2026-06-12,1062.75,open,148,100.0,109.9596,9.9596,0.099596,True,107.4448,7.4448,0.074448,0.025148,True
trail_20,2026-01-15,BMY,0.722,0.030129828379739543,2026-01-15,56.0421,2026-06-12,57.13,open,148,100.0,101.9411,1.9411,0.019411,True,107.4448,7.4448,0.074448,-0.055036,False
trail_20,2026-01-15,DY,0.667,0.027113827655952827,2026-01-15,365.65,2026-03-20,336.38,trail,64,100.0,91.9951,-8.0049,-0.080049,False,93.9474,-6.0526,-0.060526,-0.019523,False
trail_20,2026-01-15,C,0.698,0.022122469354102225,2026-01-15,116.3008,2026-06-12,139.83,open,148,100.0,120.2314,20.2314,0.202314,True,107.4448,7.4448,0.074448,0.127866,True
trail_20,2026-01-15,DOV,0.686,0.021146833831949374,2026-01-15,204.8861,2026-06-12,217.43,open,148,100.0,106.1224,6.1224,0.061224,True,107.4448,7.4448,0.074448,-0.013224,False
trail_20,2026-01-15,PUK,0.739,0.01995139177227845,2026-01-15,31.4633,2026-06-04,26.11,trail,140,100.0,82.9855,-17.0145,-0.170145,False,109.6668,9.6668,0.096668,-0.266813,False
trail_20,2026-01-15,TSM,0.64,0.017887244268596447,2026-01-15,339.8841,2026-06-12,423.93,open,148,100.0,124.7278,24.7278,0.247278,True,107.4448,7.4448,0.074448,0.17283,True
trail_20,2026-01-15,PRU,0.736,0.01777338322649835,2026-01-15,113.3272,2026-06-12,108.5,open,148,100.0,95.7404,-4.2596,-0.042596,True,107.4448,7.4448,0.074448,-0.117043,False
trail_20,2026-01-15,DRI,0.652,0.016883595240862803,2026-01-15,212.6926,2026-06-12,211.47,open,148,100.0,99.4252,-0.5748,-0.005748,True,107.4448,7.4448,0.074448,-0.080196,False
trail_20,2026-01-15,ACN,0.641,0.01649994310430447,2026-01-15,285.3501,2026-02-12,220.1828,trail,28,100.0,77.1623,-22.8377,-0.228377,False,98.4153,-1.5847,-0.015847,-0.21253,False
trail_20,2026-01-15,DVN,0.607,0.01525786063257284,2026-01-15,36.1313,2026-06-12,45.31,open,148,100.0,125.4038,25.4038,0.254038,True,107.4448,7.4448,0.074448,0.17959,True
trail_20,2026-01-15,BA,0.604,0.015204637769681728,2026-01-15,247.74,2026-03-19,201.18,trail,63,100.0,81.2061,-18.7939,-0.187939,False,95.3138,-4.6862,-0.046862,-0.141077,False
trail_20,2026-01-15,DE,0.622,0.013910627533078035,2026-01-15,513.538,2026-06-12,577.48,open,148,100.0,112.4513,12.4513,0.124513,True,107.4448,7.4448,0.074448,0.050065,True
trail_20,2026-01-15,CVX,0.608,0.01061473002867519,2026-01-15,163.0569,2026-06-12,187.22,open,148,100.0,114.8188,14.8188,0.148188,True,107.4448,7.4448,0.074448,0.073741,True
trail_20,2026-01-15,GLOB,0.565,0.010529960645238035,2026-01-15,67.48,2026-02-11,55.47,trail,27,100.0,82.2021,-17.7979,-0.177979,False,99.9596,-0.0404,-0.000404,-0.177574,False
trail_20,2026-01-15,DHR,0.629,0.010237461665582037,2026-01-15,239.3797,2026-03-12,185.8638,trail,56,100.0,77.6439,-22.3561,-0.223561,False,96.2181,-3.7819,-0.037819,-0.185742,False
trail_20,2026-01-15,XLV,0.67,0.010071041931917657,2026-01-15,156.3174,2026-06-12,153.81,open,148,100.0,98.396,-1.604,-0.01604,True,107.4448,7.4448,0.074448,-0.090488,False
trail_20,2026-01-15,CSCO,0.595,0.008131598839709264,2026-01-15,74.8444,2026-06-12,121.1,open,148,100.0,161.8023,61.8023,0.618023,True,107.4448,7.4448,0.074448,0.543575,True
trail_20,2026-01-15,XLP,0.607,0.005705955768826154,2026-01-15,81.909,2026-06-12,85.82,open,148,100.0,104.7749,4.7749,0.047749,True,107.4448,7.4448,0.074448,-0.026699,False
trail_20,2026-01-15,JPM,0.558,0.005349863138754518,2026-01-15,307.6854,2026-06-12,320.72,open,148,100.0,104.2364,4.2364,0.042364,True,107.4448,7.4448,0.074448,-0.032084,False
trail_20,2026-01-15,CF,0.547,0.005186351560295899,2026-01-15,85.7899,2026-06-08,109.45,trail,144,100.0,127.5791,27.5791,0.275791,False,107.0783,7.0783,0.070783,0.205008,True
trail_20,2026-01-15,MMM,0.553,0.0038065619159644015,2026-01-15,169.4593,2026-06-12,158.32,open,148,100.0,93.4266,-6.5734,-0.065734,True,107.4448,7.4448,0.074448,-0.140182,False
trail_20,2026-01-15,WM,0.545,0.0033152346543994238,2026-01-15,218.0443,2026-06-12,219.45,open,148,100.0,100.6447,0.6447,0.006447,True,107.4448,7.4448,0.074448,-0.068001,False
trail_20,2026-02-01,XOM,0.768,0.026895450873499982,2026-02-02,136.5567,2026-06-12,147.01,open,130,100.0,107.6549,7.6549,0.076549,True,106.955,6.955,0.06955,0.006999,True
trail_20,2026-02-01,GOOGL,0.698,0.023655762915464784,2026-02-02,343.2432,2026-03-27,274.1762,trail,53,100.0,79.8781,-20.1219,-0.201219,False,91.4312,-8.5688,-0.085688,-0.115531,False
trail_20,2026-02-01,SWK,0.641,0.020869873371719416,2026-02-02,77.4534,2026-03-12,70.3382,trail,38,100.0,90.8136,-9.1864,-0.091864,False,95.7795,-4.2205,-0.042205,-0.049659,False
trail_20,2026-02-01,WMT,0.695,0.018627466313953178,2026-02-02,123.5701,2026-06-12,121.04,open,130,100.0,97.9525,-2.0475,-0.020475,True,106.955,6.955,0.06955,-0.090025,False
trail_20,2026-02-01,HON,0.697,0.01840010449909313,2026-02-02,225.1982,2026-06-12,220.31,open,130,100.0,97.8294,-2.1706,-0.021706,True,106.955,6.955,0.06955,-0.091256,False
trail_20,2026-02-01,UPS,0.67,0.01770643565188945,2026-02-02,106.9505,2026-06-12,108.1,open,130,100.0,101.0748,1.0748,0.010748,True,106.955,6.955,0.06955,-0.058802,False
trail_20,2026-02-01,LLY,0.633,0.01607878281450903,2026-02-02,1040.599,2026-03-27,876.7308,trail,53,100.0,84.2525,-15.7475,-0.157475,False,91.4312,-8.5688,-0.085688,-0.071787,False
trail_20,2026-02-01,FMAO,0.599,0.013710352159686856,2026-02-02,27.4446,2026-06-12,28.8,open,130,100.0,104.9388,4.9388,0.049388,True,106.955,6.955,0.06955,-0.020162,False
trail_20,2026-02-01,T,0.611,0.009840774341263403,2026-02-02,26.0276,2026-06-04,22.77,trail,122,100.0,87.4841,-12.5159,-0.125159,False,109.1669,9.1669,0.091669,-0.216828,False
trail_20,2026-02-01,AB,0.591,0.009621310156236351,2026-02-02,40.0429,2026-06-12,36.44,open,130,100.0,91.0023,-8.9977,-0.089977,True,106.955,6.955,0.06955,-0.159527,False
trail_20,2026-02-01,EOG,0.591,0.008690715112313008,2026-02-02,107.5748,2026-06-12,136.65,open,130,100.0,127.0279,27.0279,0.270279,True,106.955,6.955,0.06955,0.200729,True
trail_20,2026-02-01,WPC,0.622,0.008621028664059338,2026-02-02,67.4337,2026-06-12,76.71,open,130,100.0,113.7562,13.7562,0.137562,True,106.955,6.955,0.06955,0.068012,True
trail_20,2026-02-01,PG,0.563,0.004660474033558737,2026-02-02,152.0451,2026-06-12,149.61,open,130,100.0,98.3984,-1.6016,-0.016016,True,106.955,6.955,0.06955,-0.085566,False
trail_20,2026-02-01,IBM,0.529,0.0028134367203185295,2026-02-02,310.6593,2026-02-23,221.7182,trail,21,100.0,71.3702,-28.6298,-0.286298,False,98.1277,-1.8723,-0.018723,-0.267575,False
trail_20,2026-02-01,PEG,0.531,0.0019245449253115776,2026-02-02,78.9831,2026-06-12,79.7,open,130,100.0,100.9077,0.9077,0.009077,True,106.955,6.955,0.06955,-0.060473,False
trail_20,2026-02-15,MCHP,0.737,0.052470292748030056,2026-02-17,78.086,2026-03-12,62.4167,trail,23,100.0,79.9333,-20.0667,-0.200667,False,97.5412,-2.4588,-0.024588,-0.176079,False
trail_20,2026-02-15,AMKR,0.652,0.04844861404706413,2026-02-17,46.6979,2026-06-12,82.78,open,115,100.0,177.2672,77.2672,0.772672,True,108.9223,8.9223,0.089223,0.683449,True
trail_20,2026-02-15,BNPQY,0.835,0.03805293164442869,2026-02-17,53.5223,2026-06-12,56.0,open,115,100.0,104.6292,4.6292,0.046292,True,108.9223,8.9223,0.089223,-0.04293,False
trail_20,2026-02-15,MPWR,0.703,0.037079454311589766,2026-02-17,1170.8392,2026-06-12,1577.3199,open,115,100.0,134.717,34.717,0.34717,True,108.9223,8.9223,0.089223,0.257948,True
trail_20,2026-02-15,LRN,0.702,0.03242458632865586,2026-02-17,83.78,2026-06-12,97.71,open,115,100.0,116.6269,16.6269,0.166269,True,108.9223,8.9223,0.089223,0.077046,True
trail_20,2026-02-15,IFF,0.719,0.028192771647188808,2026-02-17,82.2542,2026-06-12,78.27,open,115,100.0,95.1562,-4.8438,-0.048438,True,108.9223,8.9223,0.089223,-0.137661,False
trail_20,2026-02-15,JNJ,0.815,0.024574184813608735,2026-02-17,240.6592,2026-06-12,240.87,open,115,100.0,100.0876,0.0876,0.000876,True,108.9223,8.9223,0.089223,-0.088347,False
trail_20,2026-02-15,VSEC,0.611,0.024190731819262012,2026-02-17,213.244,2026-03-20,177.2502,trail,31,100.0,83.1208,-16.8792,-0.168792,False,95.2393,-4.7607,-0.047607,-0.121184,False
trail_20,2026-02-15,AME,0.777,0.023237630674112886,2026-02-17,232.9601,2026-06-12,227.12,open,115,100.0,97.4931,-2.5069,-0.025069,True,108.9223,8.9223,0.089223,-0.114292,False
trail_20,2026-02-15,APG,0.686,0.0218446109536079,2026-02-17,44.43,2026-06-12,42.34,open,115,100.0,95.296,-4.704,-0.04704,True,108.9223,8.9223,0.089223,-0.136263,False
trail_20,2026-02-15,GPC,0.683,0.019389738644943533,2026-02-17,123.2558,2026-03-19,98.022,trail,30,100.0,79.5273,-20.4727,-0.204727,False,96.6244,-3.3756,-0.033756,-0.170971,False
trail_20,2026-02-15,GGFPX,0.813,0.018751127554431868,2026-02-17,19.98,2026-06-12,20.26,open,115,100.0,101.4014,1.4014,0.014014,True,108.9223,8.9223,0.089223,-0.075209,False
trail_20,2026-02-15,BDX,0.667,0.01873817770683739,2026-02-17,175.0205,2026-04-29,144.2928,trail,71,100.0,82.4433,-17.5567,-0.175567,False,104.492,4.492,0.04492,-0.220486,False
trail_20,2026-02-15,FCFS,0.667,0.018692253249575685,2026-02-17,183.1413,2026-06-12,224.89,open,115,100.0,122.7959,22.7959,0.227959,True,108.9223,8.9223,0.089223,0.138736,True
trail_20,2026-02-15,CRS,0.602,0.018353571852208317,2026-02-17,374.705,2026-06-12,561.49,open,115,100.0,149.8485,49.8485,0.498485,True,108.9223,8.9223,0.089223,0.409263,True
trail_20,2026-02-15,ETN,0.619,0.016440333053757916,2026-02-17,389.1975,2026-06-12,391.39,open,115,100.0,100.5633,0.5633,0.005633,True,108.9223,8.9223,0.089223,-0.083589,False
trail_20,2026-02-15,COST,0.671,0.015739388199377036,2026-02-17,1010.5836,2026-06-12,982.35,open,115,100.0,97.2062,-2.7938,-0.027938,True,108.9223,8.9223,0.089223,-0.117161,False
trail_20,2026-02-15,C,0.611,0.014678054409518415,2026-02-17,113.2443,2026-06-12,139.83,open,115,100.0,123.4764,23.4764,0.234764,True,108.9223,8.9223,0.089223,0.145541,True
trail_20,2026-02-15,BNS,0.678,0.013358119928098988,2026-02-17,76.22,2026-06-12,83.99,open,115,100.0,110.1942,10.1942,0.101942,True,108.9223,8.9223,0.089223,0.012719,True
trail_20,2026-02-15,PG,0.638,0.011176325815261512,2026-02-17,158.3576,2026-06-12,149.61,open,115,100.0,94.4761,-5.5239,-0.055239,True,108.9223,8.9223,0.089223,-0.144462,False
trail_20,2026-02-15,CME,0.635,0.010471524828660428,2026-02-17,294.6227,2026-06-02,249.2377,trail,105,100.0,84.5956,-15.4044,-0.154044,False,111.5391,11.5391,0.115391,-0.269435,False
trail_20,2026-02-15,AMGN,0.578,0.009848330455648702,2026-02-17,370.5617,2026-06-12,355.2,open,115,100.0,95.8545,-4.1455,-0.041455,True,108.9223,8.9223,0.089223,-0.130678,False
trail_20,2026-02-15,MCK,0.563,0.009183041733393793,2026-02-17,944.6395,2026-05-06,742.8486,trail,78,100.0,78.6383,-21.3617,-0.213617,False,107.7593,7.7593,0.077593,-0.291209,False
trail_20,2026-02-15,BAX,0.547,0.00873343085135092,2026-02-17,20.719,2026-03-10,17.4509,trail,21,100.0,84.2265,-15.7735,-0.157735,False,99.1697,-0.8303,-0.008303,-0.149431,False
trail_20,2026-02-15,GOOGL,0.583,0.008711767214752975,2026-02-17,301.6273,2026-06-12,359.68,open,115,100.0,119.2465,19.2465,0.192465,True,108.9223,8.9223,0.089223,0.103242,True
trail_20,2026-02-15,MS,0.577,0.00871018890922226,2026-02-17,170.6231,2026-06-12,214.04,open,115,100.0,125.4461,25.4461,0.254461,True,108.9223,8.9223,0.089223,0.165238,True
trail_20,2026-02-15,AMP,0.573,0.008187406871713598,2026-02-17,467.0742,2026-06-12,459.13,open,115,100.0,98.2992,-1.7008,-0.017008,True,108.9223,8.9223,0.089223,-0.106231,False
trail_20,2026-02-15,AEE,0.615,0.007759143917778433,2026-02-17,109.0257,2026-06-12,109.0,open,115,100.0,99.9764,-0.0236,-0.000236,True,108.9223,8.9223,0.089223,-0.089458,False
trail_20,2026-02-15,META,0.558,0.007731692495405396,2026-02-17,638.7431,2026-03-27,525.72,trail,38,100.0,82.3054,-17.6946,-0.176946,False,93.1129,-6.8871,-0.068871,-0.108076,False
trail_20,2026-02-15,AEP,0.604,0.0071701004190225515,2026-02-17,129.301,2026-06-12,129.23,open,115,100.0,99.9451,-0.0549,-0.000549,True,108.9223,8.9223,0.089223,-0.089772,False
trail_20,2026-02-15,RSG,0.591,0.005573465868895955,2026-02-17,220.5635,2026-06-12,209.91,open,115,100.0,95.1699,-4.8301,-0.048301,True,108.9223,8.9223,0.089223,-0.137524,False
trail_20,2026-02-15,OTIS,0.551,0.0035653407260500813,2026-02-17,91.8833,2026-05-08,74.3694,trail,80,100.0,80.939,-19.061,-0.19061,False,108.3158,8.3158,0.083158,-0.273768,False
trail_20,2026-02-15,GIS,0.537,0.0032830943301909166,2026-02-17,44.2137,2026-03-25,35.5696,trail,36,100.0,80.4493,-19.5507,-0.195507,False,96.4507,-3.5493,-0.035493,-0.160014,False
trail_20,2026-02-15,XEL,0.53,0.0019512271273744997,2026-02-17,80.1575,2026-06-12,79.22,open,115,100.0,98.8304,-1.1696,-0.011696,True,108.9223,8.9223,0.089223,-0.100919,False
trail_20,2026-02-15,JPM,0.519,0.0017192259503580054,2026-02-17,305.5662,2026-06-12,320.72,open,115,100.0,104.9593,4.9593,0.049593,True,108.9223,8.9223,0.089223,-0.03963,False
trail_20,2026-02-15,FCN,0.505,0.0007631821381117732,2026-02-17,160.23,2026-05-13,144.83,trail,85,100.0,90.3888,-9.6112,-0.096112,False,109.0045,9.0045,0.090045,-0.186157,False
trail_20,2026-02-15,NVDA,0.504,0.0005425555635849566,2026-02-17,184.7447,2026-06-12,205.19,open,115,100.0,111.0668,11.0668,0.110668,True,108.9223,8.9223,0.089223,0.021445,True
trail_20,2026-03-01,MU,0.703,0.06241040698476197,2026-03-02,412.4967,2026-03-26,355.3107,trail,24,100.0,86.1366,-13.8634,-0.138634,False,94.2411,-5.7589,-0.057589,-0.081044,False
trail_20,2026-03-01,AEIS,0.751,0.05507254865808253,2026-03-02,340.3149,2026-05-18,308.9645,trail,77,100.0,90.7878,-9.2122,-0.092122,False,107.9092,7.9092,0.079092,-0.171214,False
trail_20,2026-03-01,WPM,0.703,0.048680095954026115,2026-03-02,165.2111,2026-03-18,128.3546,trail,16,100.0,77.6913,-22.3087,-0.223087,False,96.365,-3.635,-0.03635,-0.186737,False
trail_20,2026-03-01,LRCX,0.682,0.04527807643948378,2026-03-02,230.7236,2026-06-12,366.81,open,102,100.0,158.9825,58.9825,0.589825,True,108.3621,8.3621,0.083621,0.506204,True
trail_20,2026-03-01,GEV,0.676,0.04305250605534461,2026-03-02,880.6475,2026-06-10,867.09,trail,100,100.0,98.4605,-1.5395,-0.015395,False,105.9779,5.9779,0.059779,-0.075174,False
trail_20,2026-03-01,FNV,0.691,0.037704063897752604,2026-03-02,276.8742,2026-06-05,218.2783,trail,95,100.0,78.8366,-21.1634,-0.211634,False,107.7485,7.7485,0.077485,-0.289119,False
trail_20,2026-03-01,BE,0.585,0.035762215783097684,2026-03-02,166.0,2026-03-27,133.24,trail,25,100.0,80.2651,-19.7349,-0.197349,False,92.6341,-7.3659,-0.073659,-0.12369,False
trail_20,2026-03-01,ASML,0.67,0.0315938067387147,2026-03-02,1420.4375,2026-06-12,1863.55,open,102,100.0,131.1955,31.1955,0.311955,True,108.3621,8.3621,0.083621,0.228334,True
trail_20,2026-03-01,VSAT,0.599,0.03127816324714905,2026-03-02,47.24,2026-06-05,67.18,trail,95,100.0,142.21,42.21,0.4221,False,107.7485,7.7485,0.077485,0.344615,True
trail_20,2026-03-01,CF,0.701,0.028192262094403064,2026-03-02,103.8759,2026-06-08,109.45,trail,98,100.0,105.3661,5.3661,0.053661,False,107.9925,7.9925,0.079925,-0.026264,False
trail_20,2026-03-01,CMCSA,0.717,0.025526532275422342,2026-03-02,30.4657,2026-05-11,25.03,trail,70,100.0,82.1578,-17.8422,-0.178422,False,108.0042,8.0042,0.080042,-0.258463,False
trail_20,2026-03-01,CP,0.705,0.02370031410425777,2026-03-02,89.2035,2026-06-12,90.08,open,102,100.0,100.9826,0.9826,0.009826,True,108.3621,8.3621,0.083621,-0.073795,False
trail_20,2026-03-01,AME,0.775,0.023495206249842804,2026-03-02,241.0773,2026-06-12,227.12,open,102,100.0,94.2105,-5.7895,-0.057895,True,108.3621,8.3621,0.083621,-0.141516,False
trail_20,2026-03-01,GILD,0.67,0.022665149427693043,2026-03-02,149.1828,2026-06-12,125.59,open,102,100.0,84.1853,-15.8147,-0.158147,True,108.3621,8.3621,0.083621,-0.241768,False
trail_20,2026-03-01,GE,0.641,0.01992938990808968,2026-03-02,345.2371,2026-03-30,273.25,trail,28,100.0,79.1485,-20.8515,-0.208515,False,92.3243,-7.6757,-0.076757,-0.131758,False
trail_20,2026-03-01,CB,0.705,0.01766139938000566,2026-03-02,340.6882,2026-06-12,328.14,open,102,100.0,96.3168,-3.6832,-0.036832,True,108.3621,8.3621,0.083621,-0.120453,False
trail_20,2026-03-01,CME,0.697,0.017558981038457766,2026-03-02,317.1933,2026-06-02,249.2377,trail,92,100.0,78.576,-21.424,-0.21424,False,110.9654,10.9654,0.109654,-0.323894,False
trail_20,2026-03-01,PG,0.701,0.017341542895583206,2026-03-02,162.288,2026-06-12,149.61,open,102,100.0,92.188,-7.812,-0.07812,True,108.3621,8.3621,0.083621,-0.161741,False
trail_20,2026-03-01,WMT,0.646,0.015735160121782554,2026-03-02,126.5981,2026-06-12,121.04,open,102,100.0,95.6097,-4.3903,-0.043903,True,108.3621,8.3621,0.083621,-0.127524,False
trail_20,2026-03-01,SAN,0.603,0.013559717874000787,2026-03-02,11.8143,2026-06-12,12.87,open,102,100.0,108.9354,8.9354,0.089354,True,108.3621,8.3621,0.083621,0.005733,True
trail_20,2026-03-01,COST,0.623,0.011247405916743336,2026-03-02,1001.3171,2026-06-12,982.35,open,102,100.0,98.1058,-1.8942,-0.018942,True,108.3621,8.3621,0.083621,-0.102563,False
trail_20,2026-03-01,RY,0.639,0.009693996475719224,2026-03-02,167.4729,2026-06-12,199.54,open,102,100.0,119.1477,19.1477,0.191477,True,108.3621,8.3621,0.083621,0.107856,True
trail_20,2026-03-01,C,0.558,0.007882317303774089,2026-03-02,110.9253,2026-06-12,139.83,open,102,100.0,126.0578,26.0578,0.260578,True,108.3621,8.3621,0.083621,0.176957,True
trail_20,2026-03-01,BIIB,0.553,0.006980523639081637,2026-03-02,188.05,2026-06-12,200.05,open,102,100.0,106.3813,6.3813,0.063813,True,108.3621,8.3621,0.083621,-0.019808,False
trail_20,2026-03-01,ICE,0.561,0.00671454228883861,2026-03-02,164.2494,2026-06-12,140.53,open,102,100.0,85.5589,-14.4411,-0.144411,True,108.3621,8.3621,0.083621,-0.228032,False
trail_20,2026-03-01,SCHW,0.542,0.0042522121804315915,2026-03-02,95.1486,2026-06-12,91.1,open,102,100.0,95.745,-4.255,-0.04255,True,108.3621,8.3621,0.083621,-0.126171,False
trail_20,2026-03-01,CSCO,0.531,0.0040819033567636165,2026-03-02,78.992,2026-06-12,121.1,open,102,100.0,153.3067,53.3067,0.533067,True,108.3621,8.3621,0.083621,0.449446,True
trail_20,2026-03-01,ANET,0.522,0.004068109760342109,2026-03-02,129.3,2026-05-07,141.75,trail,66,100.0,109.6288,9.6288,0.096288,False,106.8764,6.8764,0.068764,0.027524,True
trail_20,2026-03-01,CATY,0.535,0.0034471149559875958,2026-03-02,49.8678,2026-06-12,60.98,open,102,100.0,122.2834,22.2834,0.222834,True,108.3621,8.3621,0.083621,0.139213,True
trail_20,2026-03-15,XOM,0.803,0.03804589572661854,2026-03-16,156.17,2026-06-12,147.01,open,88,100.0,94.1346,-5.8654,-0.058654,True,111.1722,11.1722,0.111722,-0.170377,False
trail_20,2026-03-15,CVX,0.818,0.03668982511207175,2026-03-16,195.0535,2026-06-12,187.22,open,88,100.0,95.9839,-4.0161,-0.040161,True,111.1722,11.1722,0.111722,-0.151883,False
trail_20,2026-03-15,EOG,0.763,0.03383622155626265,2026-03-16,133.4737,2026-06-12,136.65,open,88,100.0,102.3797,2.3797,0.023797,True,111.1722,11.1722,0.111722,-0.087925,False
trail_20,2026-03-15,LRN,0.686,0.02936477084138156,2026-03-16,82.97,2026-06-12,97.71,open,88,100.0,117.7655,17.7655,0.177655,True,111.1722,11.1722,0.111722,0.065932,True
trail_20,2026-03-15,LRCX,0.611,0.028668042649483194,2026-03-16,219.4,2026-06-12,366.81,open,88,100.0,167.1878,67.1878,0.671878,True,111.1722,11.1722,0.111722,0.560155,True
trail_20,2026-03-15,CLH,0.722,0.022345375861720473,2026-03-16,289.37,2026-06-12,287.78,open,88,100.0,99.4505,-0.5495,-0.005495,True,111.1722,11.1722,0.111722,-0.117217,False
trail_20,2026-03-15,TSM,0.62,0.01911648936619903,2026-03-16,338.4814,2026-06-12,423.93,open,88,100.0,125.2447,25.2447,0.252447,True,111.1722,11.1722,0.111722,0.140725,True
trail_20,2026-03-15,MCK,0.607,0.017290331804341585,2026-03-16,942.2082,2026-05-06,742.8486,trail,51,100.0,78.8412,-21.1588,-0.211588,False,109.9852,9.9852,0.099852,-0.31144,False
trail_20,2026-03-15,VSEC,0.573,0.015290316229254586,2026-03-16,193.9927,2026-04-24,178.83,trail,39,100.0,92.1839,-7.8161,-0.078161,False,107.0041,7.0041,0.070041,-0.148203,False
trail_20,2026-03-15,MPWR,0.563,0.010954135345922822,2026-03-16,1075.2502,2026-06-12,1577.3199,open,88,100.0,146.6933,46.6933,0.466933,True,111.1722,11.1722,0.111722,0.35521,True
trail_20,2026-03-15,CHRW,0.54,0.00651124522702351,2026-03-16,169.8981,2026-06-12,193.74,open,88,100.0,114.033,14.033,0.14033,True,111.1722,11.1722,0.111722,0.028608,True
trail_20,2026-03-15,CM,0.539,0.002863956875920337,2026-03-16,96.7317,2026-06-12,113.46,open,88,100.0,117.2935,17.2935,0.172935,True,111.1722,11.1722,0.111722,0.061212,True
trail_20,2026-03-15,BK,0.526,0.00237370603909115,2026-03-16,114.9238,2026-06-12,143.98,open,88,100.0,125.283,25.283,0.25283,True,111.1722,11.1722,0.111722,0.141107,True
trail_20,2026-03-15,TAXI,0.655,0.0011599831889008705,2026-03-16,51.0712,2026-06-12,51.161,open,88,100.0,100.1758,0.1758,0.001758,True,111.1722,11.1722,0.111722,-0.109965,False
trail_20,2026-04-01,XOM,0.766,0.03492553739707405,2026-04-01,159.6961,2026-06-12,147.01,open,72,100.0,92.0561,-7.9439,-0.079439,True,113.2028,13.2028,0.132028,-0.211467,False
trail_20,2026-04-01,GEV,0.65,0.03060240378069623,2026-04-01,894.78,2026-06-10,867.09,trail,70,100.0,96.9054,-3.0946,-0.030946,False,110.7121,10.7121,0.107121,-0.138067,False
trail_20,2026-04-01,PFE,0.655,0.01589219361043903,2026-04-01,28.0864,2026-06-12,26.21,open,72,100.0,93.3192,-6.6808,-0.066808,True,113.2028,13.2028,0.132028,-0.198836,False
trail_20,2026-04-01,LIN,0.678,0.015131516683941637,2026-04-01,492.2733,2026-06-12,523.57,open,72,100.0,106.3576,6.3576,0.063576,True,113.2028,13.2028,0.132028,-0.068452,False
trail_20,2026-04-01,MRK,0.635,0.013387782833931938,2026-04-01,120.84,2026-06-12,119.05,open,72,100.0,98.5187,-1.4813,-0.014813,True,113.2028,13.2028,0.132028,-0.146841,False
trail_20,2026-04-01,CB,0.596,0.00720128604103798,2026-04-01,326.1424,2026-06-12,328.14,open,72,100.0,100.6125,0.6125,0.006125,True,113.2028,13.2028,0.132028,-0.125903,False
trail_20,2026-04-01,LRCX,0.524,0.005315064908312683,2026-04-01,222.01,2026-06-12,366.81,open,72,100.0,165.2223,65.2223,0.652223,True,113.2028,13.2028,0.132028,0.520195,True
trail_20,2026-04-01,CMI,0.501,0.0002393251882624181,2026-04-01,548.3677,2026-06-12,659.58,open,72,100.0,120.2806,20.2806,0.202806,True,113.2028,13.2028,0.132028,0.070778,True
trail_20,2026-04-15,FN,0.603,0.03521710213596174,2026-04-15,685.81,2026-06-09,586.0,trail,55,100.0,85.4464,-14.5536,-0.145536,False,105.3019,5.3019,0.053019,-0.198555,False
trail_20,2026-04-15,BP,0.744,0.03410182513076987,2026-04-15,45.5984,2026-06-12,42.78,open,58,100.0,93.8191,-6.1809,-0.061809,True,105.9734,5.9734,0.059734,-0.121543,False
trail_20,2026-04-15,AMAT,0.604,0.023629208962523407,2026-04-15,393.7705,2026-06-12,567.25,open,58,100.0,144.056,44.056,0.44056,True,105.9734,5.9734,0.059734,0.380826,True
trail_20,2026-04-15,NTIOF,0.71,0.022835561624853895,2026-04-15,146.13,2026-06-12,150.14,open,58,100.0,102.7441,2.7441,0.027441,True,105.9734,5.9734,0.059734,-0.032292,False
trail_20,2026-04-15,LIN,0.699,0.017231528440444954,2026-04-15,496.3704,2026-06-12,523.57,open,58,100.0,105.4797,5.4797,0.054797,True,105.9734,5.9734,0.059734,-0.004937,False
trail_20,2026-04-15,KLAC,0.573,0.016707238082562137,2026-04-15,174.5882,2026-06-12,254.54,open,58,100.0,145.7945,45.7945,0.457945,True,105.9734,5.9734,0.059734,0.398212,True
trail_20,2026-04-15,BWXT,0.574,0.015417393197066476,2026-04-15,238.1012,2026-06-01,188.39,trail,47,100.0,79.1218,-20.8782,-0.208782,False,108.3721,8.3721,0.083721,-0.292503,False
trail_20,2026-04-15,CSCO,0.592,0.013797357072864003,2026-04-15,82.36,2026-06-12,121.1,open,58,100.0,147.0374,47.0374,0.470374,True,105.9734,5.9734,0.059734,0.41064,True
trail_20,2026-04-15,BMO,0.614,0.012741621115089696,2026-04-15,148.2849,2026-06-12,168.3,open,58,100.0,113.4977,13.4977,0.134977,True,105.9734,5.9734,0.059734,0.075244,True
trail_20,2026-04-15,MRK,0.604,0.00979164944517441,2026-04-15,117.9,2026-06-12,119.05,open,58,100.0,100.9754,0.9754,0.009754,True,105.9734,5.9734,0.059734,-0.04998,False
trail_20,2026-04-15,AMZN,0.563,0.008303766630499698,2026-04-15,248.5,2026-06-12,238.55,open,58,100.0,95.996,-4.004,-0.04004,True,105.9734,5.9734,0.059734,-0.099774,False
trail_20,2026-04-15,AIG,0.599,0.008225140059918035,2026-04-15,77.09,2026-06-12,75.74,open,58,100.0,98.2488,-1.7512,-0.017512,True,105.9734,5.9734,0.059734,-0.077246,False
trail_20,2026-04-15,KO,0.603,0.006779044199133111,2026-04-15,75.31,2026-06-12,82.62,open,58,100.0,109.7066,9.7066,0.097066,True,105.9734,5.9734,0.059734,0.037332,True
trail_20,2026-04-15,VOO,0.576,0.004397742302924668,2026-04-15,643.45,2026-06-12,681.95,open,58,100.0,105.9834,5.9834,0.059834,True,105.9734,5.9734,0.059734,0.0001,True
trail_20,2026-04-15,VTI,0.569,0.00412074894045511,2026-04-15,345.24,2026-06-12,366.36,open,58,100.0,106.1175,6.1175,0.061175,True,105.9734,5.9734,0.059734,0.001441,True
trail_20,2026-04-15,GSKPX,0.569,0.0039814879946986625,2026-04-15,29.16,2026-06-12,30.33,open,58,100.0,104.0123,4.0123,0.040123,True,105.9734,5.9734,0.059734,-0.01961,False
trail_20,2026-04-15,MIAX,0.529,0.003296843319774645,2026-04-15,44.22,2026-06-02,42.51,trail,48,100.0,96.133,-3.867,-0.03867,False,108.5193,8.5193,0.085193,-0.123863,False
trail_20,2026-04-15,MCD,0.539,0.0021952529293947087,2026-04-15,304.1969,2026-06-12,284.81,open,58,100.0,93.6269,-6.3731,-0.063731,True,105.9734,5.9734,0.059734,-0.123465,False
trail_20,2026-04-15,TFC,0.522,0.002157929077388765,2026-04-15,49.0716,2026-06-12,51.66,open,58,100.0,105.2748,5.2748,0.052748,True,105.9734,5.9734,0.059734,-0.006986,False
trail_20,2026-04-15,MCHP,0.511,0.0019577279061053776,2026-04-15,74.118,2026-06-12,95.24,open,58,100.0,128.4978,28.4978,0.284978,True,105.9734,5.9734,0.059734,0.225244,True
trail_20,2026-04-15,TAXI,0.5,1.8940674895162601e-06,2026-04-15,50.9795,2026-06-12,51.161,open,58,100.0,100.356,0.356,0.00356,True,105.9734,5.9734,0.059734,-0.056173,False
trail_20,2026-05-01,GLW,0.617,0.03621862459714831,2026-05-01,158.0178,2026-06-12,179.2,open,42,100.0,113.4049,13.4049,0.134049,True,102.9279,2.9279,0.029279,0.10477,True
trail_20,2026-05-01,AVGO,0.695,0.03609461198419606,2026-05-01,421.28,2026-06-10,372.1,trail,40,100.0,88.3261,-11.6739,-0.116739,False,100.6633,0.6633,0.006633,-0.123372,False
trail_20,2026-05-01,CEG,0.613,0.02465794499064211,2026-05-01,307.3325,2026-06-05,254.83,trail,35,100.0,82.9167,-17.0833,-0.170833,False,102.3451,2.3451,0.023451,-0.194284,False
trail_20,2026-05-01,IBIT,0.618,0.023575204300949837,2026-05-01,44.47,2026-06-03,37.0,trail,33,100.0,83.2022,-16.7978,-0.167978,False,104.6611,4.6611,0.046611,-0.214589,False
trail_20,2026-05-01,VNOM,0.67,0.02141278216140985,2026-05-01,49.1983,2026-06-12,44.38,open,42,100.0,90.2063,-9.7937,-0.097937,True,102.9279,2.9279,0.029279,-0.127216,False
trail_20,2026-05-01,DMLP,0.694,0.01755676541215334,2026-05-01,27.495,2026-06-12,26.71,open,42,100.0,97.1449,-2.8551,-0.028551,True,102.9279,2.9279,0.029279,-0.05783,False
trail_20,2026-05-01,CSCO,0.585,0.01299407576149747,2026-05-01,91.85,2026-06-12,121.1,open,42,100.0,131.8454,31.8454,0.318454,True,102.9279,2.9279,0.029279,0.289175,True
trail_20,2026-05-01,EPD,0.64,0.011496655905207431,2026-05-01,38.03,2026-06-12,37.25,open,42,100.0,97.949,-2.051,-0.02051,True,102.9279,2.9279,0.029279,-0.049789,False
trail_20,2026-05-01,C,0.576,0.010850752182865353,2026-05-01,126.84,2026-06-12,139.83,open,42,100.0,110.2412,10.2412,0.102412,True,102.9279,2.9279,0.029279,0.073133,True
trail_20,2026-05-01,FDX,0.592,0.009775482610038244,2026-05-01,317.22,2026-06-12,338.31,open,42,100.0,106.6484,6.6484,0.066484,True,102.9279,2.9279,0.029279,0.037205,True
trail_20,2026-05-01,IWF,0.611,0.00903498049278939,2026-05-01,120.05,2026-06-12,121.61,open,42,100.0,101.2995,1.2995,0.012995,True,102.9279,2.9279,0.029279,-0.016285,False
trail_20,2026-05-01,TOST,0.543,0.007371454307641301,2026-05-01,29.11,2026-05-12,23.26,trail,11,100.0,79.9038,-20.0962,-0.200962,False,102.4325,2.4325,0.024325,-0.225287,False
trail_20,2026-05-01,MSFT,0.558,0.006266768973713921,2026-05-01,413.5443,2026-06-12,390.74,open,42,100.0,94.4856,-5.5144,-0.055144,True,102.9279,2.9279,0.029279,-0.084423,False
trail_20,2026-05-01,IWD,0.611,0.005958274655136986,2026-05-01,230.86,2026-06-12,242.13,open,42,100.0,104.8817,4.8817,0.048817,True,102.9279,2.9279,0.029279,0.019538,True
trail_20,2026-05-01,ASML,0.535,0.005760938094678814,2026-05-01,1427.02,2026-06-12,1863.55,open,42,100.0,130.5903,30.5903,0.305903,True,102.9279,2.9279,0.029279,0.276624,True
trail_20,2026-05-01,GS,0.537,0.004547885135632201,2026-05-01,919.6569,2026-06-12,1062.75,open,42,100.0,115.5594,15.5594,0.155594,True,102.9279,2.9279,0.029279,0.126315,True
trail_20,2026-05-01,PTA,0.563,0.003300700110281829,2026-05-01,19.491,2026-06-12,19.21,open,42,100.0,98.5581,-1.4419,-0.014419,True,102.9279,2.9279,0.029279,-0.043698,False
trail_20,2026-05-01,UHAL,0.524,0.0026707444969220617,2026-05-01,51.6,2026-06-12,62.38,open,42,100.0,120.8915,20.8915,0.208915,True,102.9279,2.9279,0.029279,0.179636,True
trail_20,2026-05-01,DBEU,0.542,0.0026350784325825938,2026-05-01,50.64,2026-06-12,52.87,open,42,100.0,104.4036,4.4036,0.044036,True,102.9279,2.9279,0.029279,0.014757,True
trail_20,2026-05-01,AAPL,0.522,0.001901222976041561,2026-05-01,279.8821,2026-06-12,291.13,open,42,100.0,104.0188,4.0188,0.040188,True,102.9279,2.9279,0.029279,0.010909,True
trail_20,2026-05-01,FTSL,0.611,0.001662416355150187,2026-05-01,44.8852,2026-06-12,44.92,open,42,100.0,100.0775,0.0775,0.000775,True,102.9279,2.9279,0.029279,-0.028504,False
trail_20,2026-05-01,TJX,0.522,0.0015764281639014666,2026-05-01,156.318,2026-06-12,168.41,open,42,100.0,107.7355,7.7355,0.077355,True,102.9279,2.9279,0.029279,0.048076,True
trail_20,2026-05-01,SCIO,0.563,0.0006236032459800978,2026-05-01,20.5846,2026-06-12,20.68,open,42,100.0,100.4635,0.4635,0.004635,True,102.9279,2.9279,0.029279,-0.024644,False
trail_20,2026-05-01,FTCB,0.501,1.7963639638018947e-05,2026-05-01,20.8642,2026-06-12,20.88,open,42,100.0,100.0758,0.0758,0.000758,True,102.9279,2.9279,0.029279,-0.028521,False
trail_20,2026-05-15,INTC,0.757,0.10488240126651616,2026-05-15,108.77,2026-06-12,124.57,open,28,100.0,114.5261,14.5261,0.145261,True,100.349,0.349,0.00349,0.14177,True
trail_20,2026-05-15,MRVL,0.783,0.09507384983444234,2026-05-15,176.89,2026-06-10,252.59,trail,26,100.0,142.795,42.795,0.42795,False,98.1412,-1.8588,-0.018588,0.446538,True
trail_20,2026-05-15,AMD,0.763,0.08809886640354714,2026-05-15,424.1,2026-06-12,511.57,open,28,100.0,120.6249,20.6249,0.206249,True,100.349,0.349,0.00349,0.202758,True
trail_20,2026-05-15,AESI,0.683,0.05431291739122801,2026-05-15,18.87,2026-06-12,16.97,open,28,100.0,89.9311,-10.0689,-0.100689,True,100.349,0.349,0.00349,-0.104179,False
trail_20,2026-05-15,CSCO,0.777,0.048690032003987804,2026-05-15,118.21,2026-06-12,121.1,open,28,100.0,102.4448,2.4448,0.024448,True,100.349,0.349,0.00349,0.020958,True
trail_20,2026-05-15,KEYS,0.666,0.04102265868910093,2026-05-15,349.01,2026-06-12,350.67,open,28,100.0,100.4756,0.4756,0.004756,True,100.349,0.349,0.00349,0.001266,True
trail_20,2026-05-15,UNH,0.737,0.03748812196543483,2026-05-15,393.85,2026-06-12,408.52,open,28,100.0,103.7248,3.7248,0.037248,True,100.349,0.349,0.00349,0.033757,True
trail_20,2026-05-15,COIN,0.54,0.01051572315065763,2026-05-15,195.43,2026-06-05,152.4,trail,21,100.0,77.9819,-22.0181,-0.220181,False,99.7808,-0.2192,-0.002192,-0.21799,False
trail_20,2026-05-15,P,0.542,0.008685746944579131,2026-05-15,81.18,2026-06-09,70.0,trail,25,100.0,86.2281,-13.7719,-0.137719,False,99.7132,-0.2868,-0.002868,-0.134851,False
trail_20,2026-05-15,MSFT,0.565,0.007064089952703689,2026-05-15,421.0081,2026-06-12,390.74,open,28,100.0,92.8106,-7.1894,-0.071894,True,100.349,0.349,0.00349,-0.075385,False
trail_20,2026-05-15,GSKPX,0.567,0.0038729385661464555,2026-05-15,30.0,2026-06-12,30.33,open,28,100.0,101.1,1.1,0.011,True,100.349,0.349,0.00349,0.00751,True
trail_20,2026-05-15,INTU,0.511,0.0023913682357852295,2026-05-15,393.0,2026-05-21,307.07,trail,6,100.0,78.1349,-21.8651,-0.218651,False,100.4803,0.4803,0.004803,-0.223454,False
trail_20,2026-05-15,CELFX,0.936,0.002270348314550086,2026-05-15,10.86,2026-06-12,10.89,open,28,100.0,100.2762,0.2762,0.002762,True,100.349,0.349,0.00349,-0.000728,False
trail_20,2026-05-15,V,0.522,0.001981586205703545,2026-05-15,325.75,2026-06-12,322.39,open,28,100.0,98.9685,-1.0315,-0.010315,True,100.349,0.349,0.00349,-0.013805,False
trail_20,2026-05-15,NSIT,0.506,0.0019175601583640844,2026-05-15,88.9,2026-06-12,111.05,open,28,100.0,124.9156,24.9156,0.249156,True,100.349,0.349,0.00349,0.245666,True
trail_20,2026-05-15,ADP,0.505,0.0006936938298256479,2026-05-15,212.865,2026-06-12,226.21,open,28,100.0,106.2692,6.2692,0.062692,True,100.349,0.349,0.00349,0.059202,True
trail_20,2026-05-15,CARR,0.501,7.51463128476626e-05,2026-05-15,64.67,2026-06-12,69.91,open,28,100.0,108.1027,8.1027,0.081027,True,100.349,0.349,0.00349,0.077536,True
trail_20,2026-06-01,AMD,0.832,0.1177375889659602,2026-06-01,510.13,2026-06-12,511.57,open,11,100.0,100.2823,0.2823,0.002823,True,97.7865,-2.2135,-0.022135,0.024957,True
trail_20,2026-06-01,IFNNY,0.812,0.08687127296602792,2026-06-01,93.89,2026-06-12,92.3,open,11,100.0,98.3065,-1.6935,-0.016935,True,97.7865,-2.2135,-0.022135,0.0052,True
trail_20,2026-06-01,TXN,0.716,0.049561145078502955,2026-06-01,293.2,2026-06-12,301.12,open,11,100.0,102.7012,2.7012,0.027012,True,97.7865,-2.2135,-0.022135,0.049147,True
trail_20,2026-06-01,GS,0.726,0.029785735898509413,2026-06-01,1048.58,2026-06-12,1062.75,open,11,100.0,101.3514,1.3514,0.013514,True,97.7865,-2.2135,-0.022135,0.035648,True
trail_20,2026-06-01,AAPL,0.717,0.021055134333178405,2026-06-01,306.31,2026-06-12,291.13,open,11,100.0,95.0442,-4.9558,-0.049558,True,97.7865,-2.2135,-0.022135,-0.027423,False
trail_20,2026-06-01,IHG,0.655,0.019603243393615966,2026-06-01,155.01,2026-06-12,167.12,open,11,100.0,107.8124,7.8124,0.078124,True,97.7865,-2.2135,-0.022135,0.100259,True
trail_20,2026-06-01,CBZ,0.591,0.018760381823742067,2026-06-01,34.68,2026-06-12,35.26,open,11,100.0,101.6724,1.6724,0.016724,True,97.7865,-2.2135,-0.022135,0.038859,True
trail_20,2026-06-01,FCX,0.559,0.012447437317679944,2026-06-01,67.04,2026-06-12,68.41,open,11,100.0,102.0436,2.0436,0.020436,True,97.7865,-2.2135,-0.022135,0.04257,True
trail_20,2026-06-01,NTES,0.563,0.006500383215039651,2026-06-01,122.5468,2026-06-12,125.82,open,11,100.0,102.671,2.671,0.02671,True,97.7865,-2.2135,-0.022135,0.048844,True
trail_20,2026-06-01,SPG,0.577,0.0062111578216952346,2026-06-01,200.5004,2026-06-12,219.04,open,11,100.0,109.2467,9.2467,0.092467,True,97.7865,-2.2135,-0.022135,0.114601,True
trail_20,2026-06-01,JPM,0.546,0.0036065717105784323,2026-06-01,296.58,2026-06-12,320.72,open,11,100.0,108.1395,8.1395,0.081395,True,97.7865,-2.2135,-0.022135,0.103529,True
stop8_take20,2025-10-01,OPEN,0.69,0.2293874565983436,2025-10-01,8.06,2025-10-13,7.27,stop,12,100.0,90.1985,-9.8015,-0.098015,False,99.1907,-0.8093,-0.008093,-0.089922,False
stop8_take20,2025-10-01,GOOGL,0.815,0.03962102293863001,2025-10-01,244.4218,2025-11-21,299.0748,take,51,100.0,122.3601,22.3601,0.223601,False,98.5908,-1.4092,-0.014092,0.237694,True
stop8_take20,2025-10-01,AAPL,0.705,0.023013427768410644,2025-10-01,254.7293,2026-04-01,255.3947,time,182,100.0,100.2612,0.2612,0.002612,False,98.5819,-1.4181,-0.014181,0.016793,True
stop8_take20,2025-10-01,AVGO,0.63,0.021312589148331673,2025-10-01,332.0568,2025-11-28,401.3485,take,58,100.0,120.8674,20.8674,0.208674,False,102.235,2.235,0.02235,0.186324,True
stop8_take20,2025-10-01,ORCL,0.564,0.01911171614543239,2025-10-01,286.7472,2025-10-30,255.321,stop,29,100.0,89.0405,-10.9595,-0.109595,False,101.7025,1.7025,0.017025,-0.12662,False
stop8_take20,2025-10-01,NVDA,0.64,0.01657848381301541,2025-10-01,187.0015,2025-12-17,170.7318,stop,77,100.0,91.2997,-8.7003,-0.087003,False,100.4413,0.4413,0.004413,-0.091417,False
stop8_take20,2025-10-01,UNH,0.59,0.01613386457493915,2025-10-01,343.3049,2025-11-18,309.0828,stop,48,100.0,90.0316,-9.9684,-0.099684,False,98.7478,-1.2522,-0.012522,-0.087163,False
stop8_take20,2025-10-01,QCOM,0.558,0.005837998218980012,2025-10-01,163.9813,2026-01-29,150.6923,stop,120,100.0,91.8961,-8.1039,-0.081039,False,104.1351,4.1351,0.041351,-0.12239,False
stop8_take20,2025-10-01,MCD,0.571,0.0038929745373337266,2025-10-01,295.0667,2026-04-01,305.22,time,182,100.0,103.441,3.441,0.03441,False,98.5819,-1.4181,-0.014181,0.048591,True
stop8_take20,2025-10-15,APP,0.701,0.05842853859795616,2025-10-15,602.3,2025-10-21,552.64,stop,6,100.0,91.7549,-8.2451,-0.082451,False,100.9201,0.9201,0.009201,-0.091651,False
stop8_take20,2025-10-15,GOOGL,0.764,0.0334579677821798,2025-10-15,250.5398,2025-11-24,317.9579,take,40,100.0,126.9091,26.9091,0.269091,False,100.5352,0.5352,0.005352,0.263739,True
stop8_take20,2025-10-15,UNH,0.628,0.024777015049093132,2025-10-15,355.9706,2025-11-04,326.0854,stop,20,100.0,91.6046,-8.3954,-0.083954,False,101.5139,1.5139,0.015139,-0.099093,False
stop8_take20,2025-10-15,AVGO,0.629,0.024640450287666038,2025-10-15,349.925,2026-01-23,319.38,stop,100,100.0,91.271,-8.729,-0.08729,False,103.9233,3.9233,0.039233,-0.126523,False
stop8_take20,2025-10-15,ORCL,0.573,0.02183245555792146,2025-10-15,301.7656,2025-10-20,275.4871,stop,5,100.0,91.2917,-8.7083,-0.087083,False,100.9216,0.9216,0.009216,-0.096298,False
stop8_take20,2025-10-15,AAPL,0.662,0.01831919500630419,2025-10-15,248.6366,2026-04-15,266.1848,time,182,100.0,107.0578,7.0578,0.070578,False,105.8264,5.8264,0.058264,0.012314,True
stop8_take20,2025-10-15,BNS,0.7,0.015341549964374757,2025-10-15,64.51,2026-02-09,77.63,take,117,100.0,120.3379,20.3379,0.203379,False,104.635,4.635,0.04635,0.157029,True
stop8_take20,2025-10-15,BMO,0.705,0.014683117560095438,2025-10-15,127.226,2026-04-15,148.2849,time,182,100.0,116.5523,16.5523,0.165523,False,105.8264,5.8264,0.058264,0.107259,True
stop8_take20,2025-10-15,RY,0.682,0.011911176685284408,2025-10-15,145.7814,2026-04-15,174.753,time,182,100.0,119.8733,19.8733,0.198733,False,105.8264,5.8264,0.058264,0.140469,True
stop8_take20,2025-10-15,NVDA,0.553,0.0059242896379094745,2025-10-15,179.6009,2026-03-30,164.9777,stop,166,100.0,91.8579,-8.1421,-0.081421,False,95.5498,-4.4502,-0.044502,-0.036918,False
stop8_take20,2025-10-15,VTEB,0.868,0.005454044279670889,2025-10-15,49.2284,2026-04-15,49.9808,time,182,100.0,101.5283,1.5283,0.015283,False,105.8264,5.8264,0.058264,-0.042981,False
stop8_take20,2025-10-15,PANW,0.537,0.004117751213195353,2025-10-15,206.7,2025-11-20,185.07,stop,36,100.0,89.5356,-10.4644,-0.104644,False,98.0997,-1.9003,-0.019003,-0.085642,False
stop8_take20,2025-10-15,MCD,0.566,0.003697736306313537,2025-10-15,299.7109,2026-04-15,304.1969,time,182,100.0,101.4968,1.4968,0.014968,False,105.8264,5.8264,0.058264,-0.043296,False
stop8_take20,2025-10-15,TAXI,0.863,0.0034427910684382557,2025-10-15,50.0788,2026-04-15,50.9795,time,182,100.0,101.7985,1.7985,0.017985,False,105.8264,5.8264,0.058264,-0.040279,False
stop8_take20,2025-10-15,NFLX,0.535,0.002749620721958168,2025-10-15,120.329,2025-10-24,109.469,stop,9,100.0,90.9747,-9.0253,-0.090253,False,101.8161,1.8161,0.018161,-0.108413,False
stop8_take20,2025-10-15,QCOM,0.522,0.0026281224125908054,2025-10-15,160.5143,2026-02-03,145.7029,stop,111,100.0,90.7726,-9.2274,-0.092274,False,103.9685,3.9685,0.039685,-0.13196,False
stop8_take20,2025-10-15,NDAQ,0.53,0.002238266349144924,2025-10-15,88.7516,2026-02-11,79.8796,stop,119,100.0,90.0036,-9.9964,-0.099964,False,104.3349,4.3349,0.043349,-0.143314,False
stop8_take20,2025-10-15,ARTFX,0.683,0.001968274562438088,2025-10-15,8.8297,2026-04-15,8.9549,time,182,100.0,101.4183,1.4183,0.014183,False,105.8264,5.8264,0.058264,-0.044081,False
stop8_take20,2025-10-15,ALLY,0.515,0.0016171899950139235,2025-10-15,38.8523,2026-03-16,35.717,stop,152,100.0,91.9302,-8.0698,-0.080698,False,100.8775,0.8775,0.008775,-0.089473,False
stop8_take20,2025-10-15,FFRHX,0.624,0.0013426506546234673,2025-10-15,8.7488,2026-04-15,8.8926,time,182,100.0,101.6441,1.6441,0.016441,False,105.8264,5.8264,0.058264,-0.041823,False
stop8_take20,2025-10-15,PRI,0.505,0.0006300259955809295,2025-10-15,264.396,2026-04-15,272.1331,time,182,100.0,102.9263,2.9263,0.029263,False,105.8264,5.8264,0.058264,-0.029001,False
stop8_take20,2025-10-15,META,0.502,0.00040808863388885896,2025-10-15,716.3519,2025-10-31,647.2675,stop,16,100.0,90.3561,-9.6439,-0.096439,False,102.5392,2.5392,0.025392,-0.121831,False
stop8_take20,2025-11-01,IREN,0.78,0.1397974723454134,2025-11-03,67.75,2025-11-10,60.17,stop,7,100.0,88.8118,-11.1882,-0.111882,False,99.7219,-0.2781,-0.002781,-0.109101,False
stop8_take20,2025-11-01,RGTI,0.719,0.11766122432550219,2025-11-03,39.12,2025-11-04,35.18,stop,1,100.0,89.9284,-10.0716,-0.100716,False,98.8146,-1.1854,-0.011854,-0.088862,False
stop8_take20,2025-11-01,STX,0.731,0.06257412777287108,2025-11-03,264.3939,2025-11-20,239.453,stop,17,100.0,90.5668,-9.4332,-0.094332,False,95.4913,-4.5087,-0.045087,-0.049245,False
stop8_take20,2025-11-01,ASML,0.788,0.04626850619545708,2025-11-03,1063.0927,2025-11-20,977.6124,stop,17,100.0,91.9593,-8.0407,-0.080407,False,95.4913,-4.5087,-0.045087,-0.03532,False
stop8_take20,2025-11-01,GOOGL,0.797,0.040357928383258024,2025-11-03,283.1659,2026-02-02,343.2432,take,91,100.0,121.2163,21.2163,0.212163,False,102.067,2.067,0.02067,0.191492,True
stop8_take20,2025-11-01,PANW,0.806,0.03340558497171364,2025-11-03,219.23,2025-11-18,201.0,stop,15,100.0,91.6845,-8.3155,-0.083155,False,96.5961,-3.4039,-0.034039,-0.049116,False
stop8_take20,2025-11-01,CAH,0.635,0.022630401263354694,2025-11-03,189.2881,2026-02-27,228.6757,take,116,100.0,120.8082,20.8082,0.208082,False,100.6844,0.6844,0.006844,0.201238,True
stop8_take20,2025-11-01,AAPL,0.697,0.019917442446432787,2025-11-03,268.291,2026-01-20,246.2425,stop,78,100.0,91.7819,-8.2181,-0.082181,False,99.4501,-0.5499,-0.005499,-0.076682,False
stop8_take20,2025-11-01,AMZN,0.582,0.010690847945075577,2025-11-03,254.0,2025-11-17,232.87,stop,14,100.0,91.6811,-8.3189,-0.083189,False,97.4142,-2.5858,-0.025858,-0.057331,False
stop8_take20,2025-11-01,DT,0.596,0.010574735764151244,2025-11-03,50.48,2025-11-06,46.06,stop,3,100.0,91.2441,-8.7559,-0.087559,False,98.0932,-1.9068,-0.019068,-0.068491,False
stop8_take20,2025-11-01,NTES,0.578,0.010359263230304894,2025-11-03,138.321,2026-01-30,126.8099,stop,88,100.0,91.678,-8.322,-0.08322,False,101.5621,1.5621,0.015621,-0.098841,False
stop8_take20,2025-11-01,BHP,0.598,0.009136258231976058,2025-11-03,55.0656,2026-01-23,66.216,take,81,100.0,120.2493,20.2493,0.202493,False,101.16,1.16,0.0116,0.190894,True
stop8_take20,2025-11-01,IT,0.563,0.009057717868606208,2025-11-03,245.92,2025-11-19,225.89,stop,16,100.0,91.8551,-8.1449,-0.081449,False,96.9693,-3.0307,-0.030307,-0.051142,False
stop8_take20,2025-11-01,IVV,0.686,0.008663993936173453,2025-11-03,682.4503,2026-05-04,721.39,time,182,100.0,105.7059,5.7059,0.057059,False,105.6719,5.6719,0.056719,0.00034,True
stop8_take20,2025-11-01,PLTR,0.546,0.007237454716573666,2025-11-03,207.18,2025-11-05,187.9,stop,2,100.0,90.6941,-9.3059,-0.093059,False,99.1571,-0.8429,-0.008429,-0.08463,False
stop8_take20,2025-11-01,NVS,0.596,0.007045106145806557,2025-11-03,120.2015,2026-01-26,144.7153,take,84,100.0,120.394,20.394,0.20394,False,101.6737,1.6737,0.016737,0.187203,True
stop8_take20,2025-11-01,AMGN,0.56,0.00517310223722367,2025-11-03,289.9872,2026-02-04,360.9543,take,93,100.0,124.4725,24.4725,0.244725,False,100.7138,0.7138,0.007138,0.237587,True
stop8_take20,2025-11-01,SMR,0.509,0.0043885149721552,2025-11-03,40.83,2025-11-04,35.63,stop,1,100.0,87.2643,-12.7357,-0.127357,False,98.8146,-1.1854,-0.011854,-0.115504,False
stop8_take20,2025-11-01,HUM,0.523,0.0039805795449141534,2025-11-03,277.5548,2025-11-06,248.9882,stop,3,100.0,89.7078,-10.2922,-0.102922,False,98.0932,-1.9068,-0.019068,-0.083854,False
stop8_take20,2025-11-01,CVX,0.553,0.003563084820371376,2025-11-03,149.4936,2026-02-11,182.3497,take,100,100.0,121.9783,21.9783,0.219783,False,101.5607,1.5607,0.015607,0.204176,True
stop8_take20,2025-11-01,WTRG,0.528,0.001954128108640152,2025-11-03,37.0615,2026-05-04,37.6035,time,182,100.0,101.4625,1.4625,0.014625,False,105.6719,5.6719,0.056719,-0.042094,False
stop8_take20,2025-11-15,CLS,0.678,0.05627955159882636,2025-11-17,309.37,2025-11-20,282.28,stop,3,100.0,91.2435,-8.7565,-0.087565,False,98.0261,-1.9739,-0.019739,-0.067826,False
stop8_take20,2025-11-15,GOOGL,0.752,0.03530521894685412,2025-11-17,284.4634,2026-02-02,343.2432,take,77,100.0,120.6634,20.6634,0.206634,False,104.7764,4.7764,0.047764,0.15887,True
stop8_take20,2025-11-15,APP,0.599,0.024701965356474398,2025-11-17,539.27,2025-12-02,653.0,take,15,100.0,121.0896,21.0896,0.210896,False,102.3826,2.3826,0.023826,0.18707,True
stop8_take20,2025-11-15,TSM,0.652,0.0239374212222474,2025-11-17,279.8052,2026-01-15,339.8841,take,59,100.0,121.4717,21.4717,0.214717,False,104.2988,4.2988,0.042988,0.171729,True
stop8_take20,2025-11-15,AAPL,0.708,0.02166581970239001,2025-11-17,266.964,2026-05-18,297.84,time,182,100.0,111.5656,11.5656,0.115656,False,111.5952,11.5952,0.115952,-0.000296,False
stop8_take20,2025-11-15,HURN,0.643,0.020778770260122537,2025-11-17,160.53,2026-02-10,145.86,stop,85,100.0,90.8615,-9.1385,-0.091385,False,104.2807,4.2807,0.042807,-0.134191,False
stop8_take20,2025-11-15,NVT,0.636,0.019920721490759075,2025-11-17,103.7412,2025-12-17,94.6717,stop,30,100.0,91.2576,-8.7424,-0.087424,False,100.8608,0.8608,0.008608,-0.096032,False
stop8_take20,2025-11-15,EQT,0.635,0.017112727069472422,2025-11-17,58.7086,2025-12-16,53.0207,stop,29,100.0,90.3116,-9.6884,-0.096884,False,101.983,1.983,0.01983,-0.116713,False
stop8_take20,2025-11-15,HOOD,0.539,0.00927981941485534,2025-11-17,115.97,2025-11-20,106.21,stop,3,100.0,91.584,-8.416,-0.08416,False,98.0261,-1.9739,-0.019739,-0.06442,False
stop8_take20,2025-11-15,PLTR,0.549,0.009246275571362483,2025-11-17,171.25,2025-11-20,155.745,stop,3,100.0,90.946,-9.054,-0.09054,False,98.0261,-1.9739,-0.019739,-0.070801,False
stop8_take20,2025-11-15,FTGC,0.655,0.008290408531735016,2025-11-17,22.8577,2026-03-06,27.5582,take,109,100.0,120.5638,20.5638,0.205638,False,101.3065,1.3065,0.013065,0.192573,True
stop8_take20,2025-11-15,NVDA,0.553,0.00729763026351038,2025-11-17,186.3623,2025-12-17,170.7318,stop,30,100.0,91.6128,-8.3872,-0.083872,False,100.8608,0.8608,0.008608,-0.09248,False
stop8_take20,2025-11-15,EIPI,0.613,0.004056996619204778,2025-11-17,19.2807,2026-05-18,22.4854,time,182,100.0,116.6217,16.6217,0.166217,False,111.5952,11.5952,0.115952,0.050265,True
stop8_take20,2025-11-15,FIVE,0.522,0.003267863317467423,2025-11-17,147.72,2025-12-11,181.41,take,24,100.0,122.8067,22.8067,0.228067,False,103.5303,3.5303,0.035303,0.192764,True
stop8_take20,2025-11-15,SHOP,0.51,0.001985678794187651,2025-11-17,139.93,2025-12-10,168.42,take,23,100.0,120.3602,20.3602,0.203602,False,103.2899,3.2899,0.032899,0.170703,True
stop8_take20,2025-11-15,LCII,0.503,0.0004382065275045921,2025-11-17,101.831,2026-01-06,123.9846,take,50,100.0,121.7553,21.7553,0.217553,False,104.234,4.234,0.04234,0.175213,True
stop8_take20,2025-11-15,INTU,0.504,0.00032432260678261216,2025-11-17,642.806,2026-01-14,564.8544,stop,58,100.0,87.8732,-12.1268,-0.121268,False,104.0155,4.0155,0.040155,-0.161423,False
stop8_take20,2025-12-01,BE,0.611,0.0585272446027576,2025-12-01,98.93,2025-12-05,119.18,take,4,100.0,120.469,20.469,0.20469,False,100.7967,0.7967,0.007967,0.196723,True
stop8_take20,2025-12-01,GOOGL,0.761,0.03561989869414828,2025-12-01,314.2751,2026-03-26,280.7523,stop,115,100.0,89.3333,-10.6667,-0.106667,False,95.3685,-4.6315,-0.046315,-0.060352,False
stop8_take20,2025-12-01,CLS,0.588,0.0265020626649084,2025-12-01,318.37,2025-12-16,288.87,stop,15,100.0,90.7341,-9.2659,-0.092659,False,99.7942,-0.2058,-0.002058,-0.090602,False
stop8_take20,2025-12-01,VALE,0.756,0.02345420463186243,2025-12-01,12.0522,2026-01-14,14.61,take,44,100.0,121.2231,21.2231,0.212231,False,101.7831,1.7831,0.017831,0.1944,True
stop8_take20,2025-12-01,UTHR,0.67,0.0232719000907311,2025-12-01,479.95,2026-03-30,588.36,take,119,100.0,122.5878,22.5878,0.225878,False,93.4288,-6.5712,-0.065712,0.291589,True
stop8_take20,2025-12-01,TMO,0.669,0.021795384397548023,2025-12-01,584.1329,2026-02-11,526.6494,stop,72,100.0,90.1592,-9.8408,-0.098408,False,102.019,2.019,0.02019,-0.118598,False
stop8_take20,2025-12-01,AAPL,0.706,0.02107372554380138,2025-12-01,282.575,2026-01-07,259.8472,stop,37,100.0,91.9569,-8.0431,-0.080431,False,101.6681,1.6681,0.016681,-0.097112,False
stop8_take20,2025-12-01,AZTA,0.578,0.017765656280792408,2025-12-01,34.86,2026-02-04,28.49,stop,65,100.0,81.7269,-18.2731,-0.182731,False,101.1683,1.1683,0.011683,-0.194414,False
stop8_take20,2025-12-01,BABA,0.586,0.016567850209439516,2025-12-01,162.7652,2025-12-15,148.7241,stop,14,100.0,91.3734,-8.6266,-0.086266,False,100.0676,0.0676,0.000676,-0.086942,False
stop8_take20,2025-12-01,CSCO,0.667,0.016163221168648878,2025-12-01,75.2276,2026-04-30,91.5,take,150,100.0,121.6308,21.6308,0.216308,False,106.2449,6.2449,0.062449,0.153859,True
stop8_take20,2025-12-01,BCS,0.642,0.015753242254312738,2025-12-01,22.4804,2026-02-02,27.184,take,63,100.0,120.9231,20.9231,0.209231,False,102.5277,2.5277,0.025277,0.183954,True
stop8_take20,2025-12-01,APP,0.553,0.012563167199420855,2025-12-01,623.59,2026-01-16,568.76,stop,46,100.0,91.2074,-8.7926,-0.087926,False,101.9748,1.9748,0.019748,-0.107674,False
stop8_take20,2025-12-01,AXP,0.613,0.012428016302265865,2025-12-01,358.3784,2026-02-23,320.2276,stop,84,100.0,89.3546,-10.6454,-0.106454,False,100.6081,0.6081,0.006081,-0.112534,False
stop8_take20,2025-12-01,AZN,0.604,0.012309997124248406,2025-12-01,179.1721,2026-06-01,179.71,time,182,100.0,100.3002,0.3002,0.003002,False,112.1406,12.1406,0.121406,-0.118404,False
stop8_take20,2025-12-01,APG,0.608,0.012146470411791288,2025-12-01,38.98,2026-04-20,48.72,take,140,100.0,124.9872,24.9872,0.249872,False,104.7754,4.7754,0.047754,0.202118,True
stop8_take20,2025-12-01,AVGO,0.563,0.011784329856131759,2025-12-01,384.536,2025-12-15,338.4511,stop,14,100.0,88.0154,-11.9846,-0.119846,False,100.0676,0.0676,0.000676,-0.120522,False
stop8_take20,2025-12-01,CCJ,0.547,0.011406938483085938,2025-12-01,87.53,2026-01-08,105.76,take,38,100.0,120.8271,20.8271,0.208271,False,101.6578,1.6578,0.016578,0.191694,True
stop8_take20,2025-12-01,GS,0.604,0.01063361906273852,2025-12-01,799.1141,2026-01-15,966.4916,take,45,100.0,120.9454,20.9454,0.209454,False,102.0603,2.0603,0.020603,0.188851,True
stop8_take20,2025-12-01,AVAV,0.538,0.007557422017004489,2025-12-01,257.8,2025-12-15,235.32,stop,14,100.0,91.2801,-8.7199,-0.087199,False,100.0676,0.0676,0.000676,-0.087876,False
stop8_take20,2025-12-01,DELL,0.542,0.007356997271979582,2025-12-01,131.109,2026-01-07,119.1782,stop,37,100.0,90.9002,-9.0998,-0.090998,False,101.6681,1.6681,0.016681,-0.10768,False
stop8_take20,2025-12-01,NVDA,0.551,0.007266196212135423,2025-12-01,179.6908,2026-03-30,164.9777,stop,119,100.0,91.812,-8.188,-0.08188,False,93.4288,-6.5712,-0.065712,-0.016169,False
stop8_take20,2025-12-01,RY,0.641,0.006847532378551069,2025-12-01,151.8499,2026-05-12,182.28,take,162,100.0,120.0396,20.0396,0.200396,False,109.1307,9.1307,0.091307,0.109089,True
stop8_take20,2025-12-01,ALIZY,0.565,0.004259569486146919,2025-12-01,41.0057,2026-06-01,43.64,time,182,100.0,106.4243,6.4243,0.064243,False,112.1406,12.1406,0.121406,-0.057163,False
stop8_take20,2025-12-01,UNM,0.54,0.0032053032342449495,2025-12-01,74.3044,2026-06-01,83.43,time,182,100.0,112.2814,12.2814,0.122814,False,112.1406,12.1406,0.121406,0.001407,True
stop8_take20,2025-12-01,FTNT,0.522,0.0020973130373636018,2025-12-01,81.82,2026-02-24,75.23,stop,85,100.0,91.9457,-8.0543,-0.080543,False,101.3393,1.3393,0.013393,-0.093936,False
stop8_take20,2025-12-01,UNH,0.512,0.0016000716658375325,2025-12-01,318.5747,2026-01-27,280.5192,stop,57,100.0,88.0544,-11.9456,-0.119456,False,102.5394,2.5394,0.025394,-0.14485,False
stop8_take20,2025-12-15,COHR,0.65,0.04872310673953528,2025-12-15,178.45,2026-01-28,221.14,take,44,100.0,123.9227,23.9227,0.239227,False,102.4598,2.4598,0.024598,0.214628,True
stop8_take20,2025-12-15,ISRG,0.667,0.02704103960034132,2025-12-15,559.52,2026-01-29,507.55,stop,45,100.0,90.7117,-9.2883,-0.092883,False,102.2565,2.2565,0.022565,-0.115448,False
stop8_take20,2025-12-15,JNJ,0.849,0.0257925018263514,2025-12-15,211.8193,2026-06-12,240.87,open,179,100.0,113.7149,13.7149,0.137149,True,109.5843,9.5843,0.095843,0.041305,True
stop8_take20,2025-12-15,IDEXY,0.671,0.02314438485659931,2025-12-15,15.7861,2026-03-13,14.3608,stop,88,100.0,90.9714,-9.0286,-0.090286,False,97.5786,-2.4214,-0.024214,-0.066073,False
stop8_take20,2025-12-15,TMO,0.686,0.023104214491500796,2025-12-15,575.3412,2026-02-11,526.6494,stop,58,100.0,91.5369,-8.4631,-0.084631,False,101.9501,1.9501,0.019501,-0.104132,False
stop8_take20,2025-12-15,KDP,0.629,0.015194011358456772,2025-12-15,28.7362,2026-03-20,26.3572,stop,95,100.0,91.7213,-8.2787,-0.082787,False,95.8182,-4.1818,-0.041818,-0.040968,False
stop8_take20,2025-12-15,HAYW,0.565,0.008380840037055526,2025-12-15,15.97,2026-03-10,14.69,stop,85,100.0,91.985,-8.015,-0.08015,False,99.7725,-0.2275,-0.002275,-0.077875,False
stop8_take20,2025-12-15,TM,0.579,0.008112709600623269,2025-12-15,214.81,2026-04-23,196.08,stop,129,100.0,91.2807,-8.7193,-0.087193,False,104.6647,4.6647,0.046647,-0.13384,False
stop8_take20,2025-12-15,COF,0.567,0.0076505511710902585,2025-12-15,237.8748,2026-01-23,215.5465,stop,39,100.0,90.6134,-9.3866,-0.093866,False,101.5478,1.5478,0.015478,-0.109344,False
stop8_take20,2025-12-15,CVCO,0.53,0.005818001802332828,2025-12-15,598.17,2026-01-30,492.02,stop,46,100.0,82.2542,-17.7458,-0.177458,False,101.9515,1.9515,0.019515,-0.196973,False
stop8_take20,2025-12-15,BCE,0.562,0.0044992398452330384,2025-12-15,23.3155,2026-06-12,24.59,open,179,100.0,105.4665,5.4665,0.054665,True,109.5843,9.5843,0.095843,-0.041178,False
stop8_take20,2025-12-15,IFF,0.545,0.004420901058443061,2025-12-15,63.4031,2026-02-10,76.3093,take,57,100.0,120.3558,20.3558,0.203558,False,101.9736,1.9736,0.019736,0.183821,True
stop8_take20,2025-12-15,MET,0.54,0.003290334085508162,2025-12-15,81.3985,2026-01-20,74.4617,stop,36,100.0,91.478,-8.522,-0.08522,False,99.8314,-0.1686,-0.001686,-0.083534,False
stop8_take20,2025-12-15,BMO,0.541,0.0024284140937009813,2025-12-15,131.0053,2026-05-20,157.81,take,156,100.0,120.4608,20.4608,0.204608,False,109.5105,9.5105,0.095105,0.109503,True
stop8_take20,2025-12-15,APO,0.515,0.00218718150967101,2025-12-15,145.6186,2026-01-26,130.4746,stop,42,100.0,89.6002,-10.3998,-0.103998,False,102.0635,2.0635,0.020635,-0.124633,False
stop8_take20,2025-12-15,AXAHY,0.53,0.0019219659426228386,2025-12-15,45.237,2026-03-12,41.4318,stop,87,100.0,91.5884,-8.4116,-0.084116,False,98.1341,-1.8659,-0.018659,-0.065457,False
stop8_take20,2025-12-15,CRM,0.513,0.0018825669232021003,2025-12-15,252.883,2026-01-15,232.3477,stop,31,100.0,91.8795,-8.1205,-0.081205,False,101.9913,1.9913,0.019913,-0.101118,False
stop8_take20,2025-12-15,D,0.526,0.0015603968386634914,2025-12-15,58.622,2026-06-12,67.91,open,179,100.0,115.8439,15.8439,0.158439,True,109.5843,9.5843,0.095843,0.062595,True
stop8_take20,2025-12-15,VTEB,0.662,0.0012976467163468008,2025-12-15,49.3864,2026-06-12,50.3,open,179,100.0,101.8499,1.8499,0.018499,True,109.5843,9.5843,0.095843,-0.077344,False
stop8_take20,2025-12-15,CL,0.513,0.0010452028353857834,2025-12-15,78.459,2026-02-05,94.294,take,52,100.0,120.1825,20.1825,0.201825,False,99.8373,-0.1627,-0.001627,0.203452,True
stop8_take20,2025-12-15,UNH,0.505,0.0006469968858975328,2025-12-15,338.4687,2026-01-27,280.5192,stop,43,100.0,82.8789,-17.1211,-0.171211,False,102.4702,2.4702,0.024702,-0.195912,False
stop8_take20,2026-01-01,GOOGL,0.708,0.028974689822372612,2026-01-02,314.7403,2026-03-26,280.7523,stop,83,100.0,89.2013,-10.7987,-0.107987,False,94.6839,-5.3161,-0.053161,-0.054826,False
stop8_take20,2026-01-01,WFC,0.655,0.01720484420415236,2026-01-02,94.1959,2026-01-20,85.7459,stop,18,100.0,91.0294,-8.9706,-0.089706,False,99.1818,-0.8182,-0.008182,-0.081523,False
stop8_take20,2026-01-01,PUK,0.655,0.01299341603508597,2026-01-02,31.2264,2026-03-06,28.5124,stop,63,100.0,91.3085,-8.6915,-0.086915,False,98.4206,-1.5794,-0.015794,-0.071121,False
stop8_take20,2026-01-01,NVDA,0.501,0.00026891810838791663,2026-01-02,188.6199,2026-02-05,171.6706,stop,34,100.0,91.014,-8.986,-0.08986,False,99.1876,-0.8124,-0.008124,-0.081736,False
stop8_take20,2026-01-01,VZ,0.502,0.00024508398959999234,2026-01-02,39.2388,2026-02-11,48.2444,take,40,100.0,122.9507,22.9507,0.229507,False,101.2867,1.2867,0.012867,0.21664,True
stop8_take20,2026-01-15,AA,0.74,0.06375577153647383,2026-01-15,63.6039,2026-01-26,58.3609,stop,11,100.0,91.7568,-8.2432,-0.082432,False,100.0708,0.0708,0.000708,-0.08314,False
stop8_take20,2026-01-15,DLTR,0.763,0.042553304039172346,2026-01-15,141.21,2026-01-22,126.79,stop,7,100.0,89.7883,-10.2117,-0.102117,False,99.5291,-0.4709,-0.004709,-0.097408,False
stop8_take20,2026-01-15,GOOGL,0.763,0.0342303112398914,2026-01-15,332.3474,2026-02-13,305.3226,stop,29,100.0,91.8685,-8.1315,-0.081315,False,98.4846,-1.5154,-0.015154,-0.066161,False
stop8_take20,2026-01-15,CNC,0.643,0.030825705095671507,2026-01-15,47.27,2026-01-27,41.53,stop,12,100.0,87.857,-12.143,-0.12143,False,100.4695,0.4695,0.004695,-0.126125,False
stop8_take20,2026-01-15,GS,0.748,0.03079086959876176,2026-01-15,966.4916,2026-02-05,881.8619,stop,21,100.0,91.2436,-8.7564,-0.087564,False,97.888,-2.112,-0.02112,-0.066444,False
stop8_take20,2026-01-15,BMY,0.722,0.030129828379739543,2026-01-15,56.0421,2026-06-12,57.13,open,148,100.0,101.9411,1.9411,0.019411,True,107.4448,7.4448,0.074448,-0.055036,False
stop8_take20,2026-01-15,DY,0.667,0.027113827655952827,2026-01-15,365.65,2026-03-20,336.38,stop,64,100.0,91.9951,-8.0049,-0.080049,False,93.9474,-6.0526,-0.060526,-0.019523,False
stop8_take20,2026-01-15,C,0.698,0.022122469354102225,2026-01-15,116.3008,2026-03-06,106.0284,stop,50,100.0,91.1674,-8.8326,-0.088326,False,97.1311,-2.8689,-0.028689,-0.059636,False
stop8_take20,2026-01-15,DOV,0.686,0.021146833831949374,2026-01-15,204.8861,2026-06-12,217.43,open,148,100.0,106.1224,6.1224,0.061224,True,107.4448,7.4448,0.074448,-0.013224,False
stop8_take20,2026-01-15,PUK,0.739,0.01995139177227845,2026-01-15,31.4633,2026-03-06,28.5124,stop,50,100.0,90.6211,-9.3789,-0.093789,False,97.1311,-2.8689,-0.028689,-0.0651,False
stop8_take20,2026-01-15,TSM,0.64,0.017887244268596447,2026-01-15,339.8841,2026-05-06,418.5199,take,111,100.0,123.1361,23.1361,0.231361,False,106.2975,6.2975,0.062975,0.168385,True
stop8_take20,2026-01-15,PRU,0.736,0.01777338322649835,2026-01-15,113.3272,2026-02-04,99.4473,stop,20,100.0,87.7523,-12.2477,-0.122477,False,99.126,-0.874,-0.00874,-0.113737,False
stop8_take20,2026-01-15,DRI,0.652,0.016883595240862803,2026-01-15,212.6926,2026-01-26,194.9293,stop,11,100.0,91.6484,-8.3516,-0.083516,False,100.0708,0.0708,0.000708,-0.084224,False
stop8_take20,2026-01-15,ACN,0.641,0.01649994310430447,2026-01-15,285.3501,2026-01-29,259.0234,stop,14,100.0,90.7739,-9.2261,-0.092261,False,100.26,0.26,0.0026,-0.094861,False
stop8_take20,2026-01-15,DVN,0.607,0.01525786063257284,2026-01-15,36.1313,2026-02-06,43.5824,take,22,100.0,120.6223,20.6223,0.206223,False,99.766,-0.234,-0.00234,0.208563,True
stop8_take20,2026-01-15,BA,0.604,0.015204637769681728,2026-01-15,247.74,2026-02-27,227.53,stop,43,100.0,91.8423,-8.1577,-0.081577,False,99.0971,-0.9029,-0.009029,-0.072549,False
stop8_take20,2026-01-15,DE,0.622,0.013910627533078035,2026-01-15,513.538,2026-02-19,660.0694,take,35,100.0,128.5337,28.5337,0.285337,False,98.879,-1.121,-0.01121,0.296547,True
stop8_take20,2026-01-15,CVX,0.608,0.01061473002867519,2026-01-15,163.0569,2026-03-17,196.1732,take,61,100.0,120.3097,20.3097,0.203097,False,96.9014,-3.0986,-0.030986,0.234083,True
stop8_take20,2026-01-15,GLOB,0.565,0.010529960645238035,2026-01-15,67.48,2026-02-03,58.09,stop,19,100.0,86.0848,-13.9152,-0.139152,False,99.6085,-0.3915,-0.003915,-0.135238,False
stop8_take20,2026-01-15,DHR,0.629,0.010237461665582037,2026-01-15,239.3797,2026-01-29,219.1528,stop,14,100.0,91.5503,-8.4497,-0.084497,False,100.26,0.26,0.0026,-0.087097,False
stop8_take20,2026-01-15,XLV,0.67,0.010071041931917657,2026-01-15,156.3174,2026-03-27,143.26,stop,71,100.0,91.6469,-8.3531,-0.083531,False,91.8499,-8.1501,-0.081501,-0.00203,False
stop8_take20,2026-01-15,CSCO,0.595,0.008131598839709264,2026-01-15,74.8444,2026-04-30,91.5,take,105,100.0,122.2536,22.2536,0.222536,False,104.1001,4.1001,0.041001,0.181534,True
stop8_take20,2026-01-15,XLP,0.607,0.005705955768826154,2026-01-15,81.909,2026-06-12,85.82,open,148,100.0,104.7749,4.7749,0.047749,True,107.4448,7.4448,0.074448,-0.026699,False
stop8_take20,2026-01-15,JPM,0.558,0.005349863138754518,2026-01-15,307.6854,2026-03-12,281.4496,stop,56,100.0,91.4732,-8.5268,-0.085268,False,96.2181,-3.7819,-0.037819,-0.047449,False
stop8_take20,2026-01-15,CF,0.547,0.005186351560295899,2026-01-15,85.7899,2026-03-02,103.8759,take,46,100.0,121.0818,21.0818,0.210818,False,99.1535,-0.8465,-0.008465,0.219283,True
stop8_take20,2026-01-15,MMM,0.553,0.0038065619159644015,2026-01-15,169.4593,2026-01-20,154.6229,stop,5,100.0,91.2449,-8.7551,-0.087551,False,97.8822,-2.1178,-0.021178,-0.066374,False
stop8_take20,2026-01-15,WM,0.545,0.0033152346543994238,2026-01-15,218.0443,2026-06-12,219.45,open,148,100.0,100.6447,0.6447,0.006447,True,107.4448,7.4448,0.074448,-0.068001,False
stop8_take20,2026-02-01,XOM,0.768,0.026895450873499982,2026-02-02,136.5567,2026-03-24,164.2651,take,50,100.0,120.2907,20.2907,0.202907,False,94.1838,-5.8162,-0.058162,0.261069,True
stop8_take20,2026-02-01,GOOGL,0.698,0.023655762915464784,2026-02-02,343.2432,2026-02-11,310.5557,stop,9,100.0,90.4769,-9.5231,-0.095231,False,99.5039,-0.4961,-0.004961,-0.09027,False
stop8_take20,2026-02-01,SWK,0.641,0.020869873371719416,2026-02-02,77.4534,2026-03-12,70.3382,stop,38,100.0,90.8136,-9.1864,-0.091864,False,95.7795,-4.2205,-0.042205,-0.049659,False
stop8_take20,2026-02-01,WMT,0.695,0.018627466313953178,2026-02-02,123.5701,2026-06-02,113.06,stop,120,100.0,91.4946,-8.5054,-0.085054,False,109.5245,9.5245,0.095245,-0.180299,False
stop8_take20,2026-02-01,HON,0.697,0.01840010449909313,2026-02-02,225.1982,2026-06-10,205.88,stop,128,100.0,91.4217,-8.5783,-0.085783,False,104.6018,4.6018,0.046018,-0.131801,False
stop8_take20,2026-02-01,UPS,0.67,0.01770643565188945,2026-02-02,106.9505,2026-03-09,98.2833,stop,35,100.0,91.896,-8.104,-0.08104,False,97.5353,-2.4647,-0.024647,-0.056393,False
stop8_take20,2026-02-01,LLY,0.633,0.01607878281450903,2026-02-02,1040.599,2026-03-17,928.7512,stop,43,100.0,89.2516,-10.7484,-0.107484,False,96.4596,-3.5404,-0.035404,-0.07208,False
stop8_take20,2026-02-01,FMAO,0.599,0.013710352159686856,2026-02-02,27.4446,2026-03-05,24.9271,stop,31,100.0,90.827,-9.173,-0.09173,False,97.9724,-2.0276,-0.020276,-0.071454,False
stop8_take20,2026-02-01,T,0.611,0.009840774341263403,2026-02-02,26.0276,2026-06-03,23.55,stop,121,100.0,90.4809,-9.5191,-0.095191,False,108.756,8.756,0.08756,-0.182751,False
stop8_take20,2026-02-01,AB,0.591,0.009621310156236351,2026-02-02,40.0429,2026-03-18,36.728,stop,44,100.0,91.7215,-8.2785,-0.082785,False,95.1137,-4.8863,-0.048863,-0.033922,False
stop8_take20,2026-02-01,EOG,0.591,0.008690715112313008,2026-02-02,107.5748,2026-03-05,130.0205,take,31,100.0,120.8652,20.8652,0.208652,False,97.9724,-2.0276,-0.020276,0.228928,True
stop8_take20,2026-02-01,WPC,0.622,0.008621028664059338,2026-02-02,67.4337,2026-06-12,76.71,open,130,100.0,113.7562,13.7562,0.137562,True,106.955,6.955,0.06955,0.068012,True
stop8_take20,2026-02-01,PG,0.563,0.004660474033558737,2026-02-02,152.0451,2026-06-12,149.61,open,130,100.0,98.3984,-1.6016,-0.016016,True,106.955,6.955,0.06955,-0.085566,False
stop8_take20,2026-02-01,IBM,0.529,0.0028134367203185295,2026-02-02,310.6593,2026-02-04,285.3114,stop,2,100.0,91.8406,-8.1594,-0.081594,False,98.6742,-1.3258,-0.013258,-0.068335,False
stop8_take20,2026-02-01,PEG,0.531,0.0019245449253115776,2026-02-02,78.9831,2026-06-12,79.7,open,130,100.0,100.9077,0.9077,0.009077,True,106.955,6.955,0.06955,-0.060473,False
stop8_take20,2026-02-15,MCHP,0.737,0.052470292748030056,2026-02-17,78.086,2026-03-03,71.0335,stop,14,100.0,90.9683,-9.0317,-0.090317,False,99.631,-0.369,-0.00369,-0.086627,False
stop8_take20,2026-02-15,AMKR,0.652,0.04844861404706413,2026-02-17,46.6979,2026-03-06,41.4837,stop,17,100.0,88.8343,-11.1657,-0.111657,False,98.4667,-1.5333,-0.015333,-0.096324,False
stop8_take20,2026-02-15,BNPQY,0.835,0.03805293164442869,2026-02-17,53.5223,2026-03-05,49.2242,stop,16,100.0,91.9695,-8.0305,-0.080305,False,99.7745,-0.2255,-0.002255,-0.07805,False
stop8_take20,2026-02-15,MPWR,0.703,0.037079454311589766,2026-02-17,1170.8392,2026-03-03,1072.2263,stop,14,100.0,91.5776,-8.4224,-0.084224,False,99.631,-0.369,-0.00369,-0.080534,False
stop8_take20,2026-02-15,LRN,0.702,0.03242458632865586,2026-02-17,83.78,2026-04-22,102.03,take,64,100.0,121.7832,21.7832,0.217832,False,104.4376,4.4376,0.044376,0.173456,True
stop8_take20,2026-02-15,IFF,0.719,0.028192771647188808,2026-02-17,82.2542,2026-03-05,74.9374,stop,16,100.0,91.1047,-8.8953,-0.088953,False,99.7745,-0.2255,-0.002255,-0.086698,False
stop8_take20,2026-02-15,JNJ,0.815,0.024574184813608735,2026-02-17,240.6592,2026-05-07,221.2376,stop,79,100.0,91.9298,-8.0702,-0.080702,False,107.4289,7.4289,0.074289,-0.15499,False
stop8_take20,2026-02-15,VSEC,0.611,0.024190731819262012,2026-02-17,213.244,2026-03-13,194.8523,stop,24,100.0,91.3753,-8.6247,-0.086247,False,96.9891,-3.0109,-0.030109,-0.056138,False
stop8_take20,2026-02-15,AME,0.777,0.023237630674112886,2026-02-17,232.9601,2026-03-13,214.15,stop,24,100.0,91.9256,-8.0744,-0.080744,False,96.9891,-3.0109,-0.030109,-0.050635,False
stop8_take20,2026-02-15,APG,0.686,0.0218446109536079,2026-02-17,44.43,2026-03-12,40.78,stop,23,100.0,91.7848,-8.2152,-0.082152,False,97.5412,-2.4588,-0.024588,-0.057564,False
stop8_take20,2026-02-15,GPC,0.683,0.019389738644943533,2026-02-17,123.2558,2026-03-04,113.3553,stop,15,100.0,91.9675,-8.0325,-0.080325,False,100.3339,0.3339,0.003339,-0.083663,False
stop8_take20,2026-02-15,GGFPX,0.813,0.018751127554431868,2026-02-17,19.98,2026-03-20,17.87,stop,31,100.0,89.4394,-10.5606,-0.105606,False,95.2393,-4.7607,-0.047607,-0.057998,False
stop8_take20,2026-02-15,BDX,0.667,0.01873817770683739,2026-02-17,175.0205,2026-03-12,158.5125,stop,23,100.0,90.568,-9.432,-0.09432,False,97.5412,-2.4588,-0.024588,-0.069732,False
stop8_take20,2026-02-15,FCFS,0.667,0.018692253249575685,2026-02-17,183.1413,2026-05-04,221.1011,take,76,100.0,120.7271,20.7271,0.207271,False,105.4362,5.4362,0.054362,0.152909,True
stop8_take20,2026-02-15,CRS,0.602,0.018353571852208317,2026-02-17,374.705,2026-04-20,451.9989,take,62,100.0,120.6279,20.6279,0.206279,False,104.072,4.072,0.04072,0.165559,True
stop8_take20,2026-02-15,ETN,0.619,0.016440333053757916,2026-02-17,389.1975,2026-03-03,353.4779,stop,14,100.0,90.8222,-9.1778,-0.091778,False,99.631,-0.369,-0.00369,-0.088087,False
stop8_take20,2026-02-15,COST,0.671,0.015739388199377036,2026-02-17,1010.5836,2026-06-12,982.35,open,115,100.0,97.2062,-2.7938,-0.027938,True,108.9223,8.9223,0.089223,-0.117161,False
stop8_take20,2026-02-15,C,0.611,0.014678054409518415,2026-02-17,113.2443,2026-06-11,138.07,take,114,100.0,121.9222,21.9222,0.219222,False,108.3364,8.3364,0.083364,0.135859,True
stop8_take20,2026-02-15,BNS,0.678,0.013358119928098988,2026-02-17,76.22,2026-03-12,69.9,stop,23,100.0,91.7082,-8.2918,-0.082918,False,97.5412,-2.4588,-0.024588,-0.05833,False
stop8_take20,2026-02-15,PG,0.638,0.011176325815261512,2026-02-17,158.3576,2026-03-18,145.6135,stop,29,100.0,91.9524,-8.0476,-0.080476,False,96.8632,-3.1368,-0.031368,-0.049108,False
stop8_take20,2026-02-15,CME,0.635,0.010471524828660428,2026-02-17,294.6227,2026-06-01,256.4305,stop,104,100.0,87.0369,-12.9631,-0.129631,False,111.3878,11.3878,0.113878,-0.243509,False
stop8_take20,2026-02-15,AMGN,0.578,0.009848330455648702,2026-02-17,370.5617,2026-04-06,340.0025,stop,48,100.0,91.7533,-8.2467,-0.082467,False,96.7606,-3.2394,-0.032394,-0.050073,False
stop8_take20,2026-02-15,MCK,0.563,0.009183041733393793,2026-02-17,944.6395,2026-03-26,862.6062,stop,37,100.0,91.3159,-8.6841,-0.086841,False,94.7282,-5.2718,-0.052718,-0.034123,False
stop8_take20,2026-02-15,BAX,0.547,0.00873343085135092,2026-02-17,20.719,2026-03-03,19.0201,stop,14,100.0,91.8001,-8.1999,-0.081999,False,99.631,-0.369,-0.00369,-0.078308,False
stop8_take20,2026-02-15,GOOGL,0.583,0.008711767214752975,2026-02-17,301.6273,2026-03-27,274.1762,stop,38,100.0,90.899,-9.101,-0.09101,False,93.1129,-6.8871,-0.068871,-0.02214,False
stop8_take20,2026-02-15,MS,0.577,0.00871018890922226,2026-02-17,170.6231,2026-03-12,153.5448,stop,23,100.0,89.9907,-10.0093,-0.100093,False,97.5412,-2.4588,-0.024588,-0.075505,False
stop8_take20,2026-02-15,AMP,0.573,0.008187406871713598,2026-02-17,467.0742,2026-04-06,428.8339,stop,48,100.0,91.8128,-8.1872,-0.081872,False,96.7606,-3.2394,-0.032394,-0.049478,False
stop8_take20,2026-02-15,AEE,0.615,0.007759143917778433,2026-02-17,109.0257,2026-06-12,109.0,open,115,100.0,99.9764,-0.0236,-0.000236,True,108.9223,8.9223,0.089223,-0.089458,False
stop8_take20,2026-02-15,META,0.558,0.007731692495405396,2026-02-17,638.7431,2026-03-26,547.54,stop,37,100.0,85.7215,-14.2785,-0.142785,False,94.7282,-5.2718,-0.052718,-0.090068,False
stop8_take20,2026-02-15,AEP,0.604,0.0071701004190225515,2026-02-17,129.301,2026-06-12,129.23,open,115,100.0,99.9451,-0.0549,-0.000549,True,108.9223,8.9223,0.089223,-0.089772,False
stop8_take20,2026-02-15,RSG,0.591,0.005573465868895955,2026-02-17,220.5635,2026-05-06,199.69,stop,78,100.0,90.5363,-9.4637,-0.094637,False,107.7593,7.7593,0.077593,-0.17223,False
stop8_take20,2026-02-15,OTIS,0.551,0.0035653407260500813,2026-02-17,91.8833,2026-03-11,84.0905,stop,22,100.0,91.5188,-8.4812,-0.084812,False,99.0452,-0.9548,-0.009548,-0.075264,False
stop8_take20,2026-02-15,GIS,0.537,0.0032830943301909166,2026-02-17,44.2137,2026-03-11,39.9851,stop,22,100.0,90.4359,-9.5641,-0.095641,False,99.0452,-0.9548,-0.009548,-0.086092,False
stop8_take20,2026-02-15,XEL,0.53,0.0019512271273744997,2026-02-17,80.1575,2026-06-12,79.22,open,115,100.0,98.8304,-1.1696,-0.011696,True,108.9223,8.9223,0.089223,-0.100919,False
stop8_take20,2026-02-15,JPM,0.519,0.0017192259503580054,2026-02-17,305.5662,2026-06-12,320.72,open,115,100.0,104.9593,4.9593,0.049593,True,108.9223,8.9223,0.089223,-0.03963,False
stop8_take20,2026-02-15,FCN,0.505,0.0007631821381117732,2026-02-17,160.23,2026-05-13,144.83,stop,85,100.0,90.3888,-9.6112,-0.096112,False,109.0045,9.0045,0.090045,-0.186157,False
stop8_take20,2026-02-15,NVDA,0.504,0.0005425555635849566,2026-02-17,184.7447,2026-03-27,167.325,stop,38,100.0,90.5709,-9.4291,-0.094291,False,93.1129,-6.8871,-0.068871,-0.02542,False
stop8_take20,2026-03-01,MU,0.703,0.06241040698476197,2026-03-02,412.4967,2026-03-06,370.1445,stop,4,100.0,89.7327,-10.2673,-0.102673,False,97.9603,-2.0397,-0.020397,-0.082276,False
stop8_take20,2026-03-01,AEIS,0.751,0.05507254865808253,2026-03-02,340.3149,2026-03-05,311.3238,stop,3,100.0,91.4811,-8.5189,-0.085189,False,99.2613,-0.7387,-0.007387,-0.077802,False
stop8_take20,2026-03-01,WPM,0.703,0.048680095954026115,2026-03-02,165.2111,2026-03-03,150.8752,stop,1,100.0,91.3227,-8.6773,-0.086773,False,99.1186,-0.8814,-0.008814,-0.077959,False
stop8_take20,2026-03-01,LRCX,0.682,0.04527807643948378,2026-03-02,230.7236,2026-03-06,199.33,stop,4,100.0,86.3934,-13.6066,-0.136066,False,97.9603,-2.0397,-0.020397,-0.115669,False
stop8_take20,2026-03-01,GEV,0.676,0.04305250605534461,2026-03-02,880.6475,2026-03-06,788.7531,stop,4,100.0,89.5651,-10.4349,-0.104349,False,97.9603,-2.0397,-0.020397,-0.083952,False
stop8_take20,2026-03-01,FNV,0.691,0.037704063897752604,2026-03-02,276.8742,2026-03-05,254.3891,stop,3,100.0,91.879,-8.121,-0.08121,False,99.2613,-0.7387,-0.007387,-0.073824,False
stop8_take20,2026-03-01,BE,0.585,0.035762215783097684,2026-03-02,166.0,2026-03-06,135.19,stop,4,100.0,81.4398,-18.5602,-0.185602,False,97.9603,-2.0397,-0.020397,-0.165205,False
stop8_take20,2026-03-01,ASML,0.67,0.0315938067387147,2026-03-02,1420.4375,2026-03-06,1289.9824,stop,4,100.0,90.8159,-9.1841,-0.091841,False,97.9603,-2.0397,-0.020397,-0.071445,False
stop8_take20,2026-03-01,VSAT,0.599,0.03127816324714905,2026-03-02,47.24,2026-04-14,56.98,take,43,100.0,120.6181,20.6181,0.206181,False,101.4535,1.4535,0.014535,0.191646,True
stop8_take20,2026-03-01,CF,0.701,0.028192262094403064,2026-03-02,103.8759,2026-03-12,135.447,take,10,100.0,130.3931,30.3931,0.303931,False,97.0395,-2.9605,-0.029605,0.333536,True
stop8_take20,2026-03-01,CMCSA,0.717,0.025526532275422342,2026-03-02,30.4657,2026-03-27,28.0044,stop,25,100.0,91.9208,-8.0792,-0.080792,False,92.6341,-7.3659,-0.073659,-0.007132,False
stop8_take20,2026-03-01,CP,0.705,0.02370031410425777,2026-03-02,89.2035,2026-03-12,81.0006,stop,10,100.0,90.8043,-9.1957,-0.091957,False,97.0395,-2.9605,-0.029605,-0.062352,False
stop8_take20,2026-03-01,AME,0.775,0.023495206249842804,2026-03-02,241.0773,2026-03-06,221.6281,stop,4,100.0,91.9324,-8.0676,-0.080676,False,97.9603,-2.0397,-0.020397,-0.060279,False
stop8_take20,2026-03-01,GILD,0.67,0.022665149427693043,2026-03-02,149.1828,2026-03-20,137.21,stop,18,100.0,91.9744,-8.0256,-0.080256,False,94.7494,-5.2506,-0.052506,-0.02775,False
stop8_take20,2026-03-01,GE,0.641,0.01992938990808968,2026-03-02,345.2371,2026-03-12,306.7,stop,10,100.0,88.8375,-11.1625,-0.111625,False,97.0395,-2.9605,-0.029605,-0.08202,False
stop8_take20,2026-03-01,CB,0.705,0.01766139938000566,2026-03-02,340.6882,2026-05-29,310.7604,stop,88,100.0,91.2155,-8.7845,-0.087845,False,110.514,10.514,0.10514,-0.192985,False
stop8_take20,2026-03-01,CME,0.697,0.017558981038457766,2026-03-02,317.1933,2026-04-17,286.1663,stop,46,100.0,90.2182,-9.7818,-0.097818,False,103.7442,3.7442,0.037442,-0.135259,False
stop8_take20,2026-03-01,PG,0.701,0.017341542895583206,2026-03-02,162.288,2026-03-18,145.6135,stop,16,100.0,89.7254,-10.2746,-0.102746,False,96.365,-3.635,-0.03635,-0.066396,False
stop8_take20,2026-03-01,WMT,0.646,0.015735160121782554,2026-03-02,126.5981,2026-05-29,115.75,stop,88,100.0,91.4311,-8.5689,-0.085689,False,110.514,10.514,0.10514,-0.190829,False
stop8_take20,2026-03-01,SAN,0.603,0.013559717874000787,2026-03-02,11.8143,2026-03-12,10.8562,stop,10,100.0,91.8896,-8.1104,-0.081104,False,97.0395,-2.9605,-0.029605,-0.051499,False
stop8_take20,2026-03-01,COST,0.623,0.011247405916743336,2026-03-02,1001.3171,2026-06-12,982.35,open,102,100.0,98.1058,-1.8942,-0.018942,True,108.3621,8.3621,0.083621,-0.102563,False
stop8_take20,2026-03-01,RY,0.639,0.009693996475719224,2026-03-02,167.4729,2026-06-12,199.54,open,102,100.0,119.1477,19.1477,0.191477,True,108.3621,8.3621,0.083621,0.107856,True
stop8_take20,2026-03-01,C,0.558,0.007882317303774089,2026-03-02,110.9253,2026-06-04,135.15,take,94,100.0,121.8388,21.8388,0.218388,False,110.6031,10.6031,0.106031,0.112357,True
stop8_take20,2026-03-01,BIIB,0.553,0.006980523639081637,2026-03-02,188.05,2026-04-06,172.34,stop,35,100.0,91.6458,-8.3542,-0.083542,False,96.2629,-3.7371,-0.037371,-0.046171,False
stop8_take20,2026-03-01,ICE,0.561,0.00671454228883861,2026-03-02,164.2494,2026-05-26,150.64,stop,85,100.0,91.7142,-8.2858,-0.082858,False,109.6535,9.6535,0.096535,-0.179393,False
stop8_take20,2026-03-01,SCHW,0.542,0.0042522121804315915,2026-03-02,95.1486,2026-05-27,85.61,stop,86,100.0,89.9751,-10.0249,-0.100249,False,109.6345,9.6345,0.096345,-0.196595,False
stop8_take20,2026-03-01,CSCO,0.531,0.0040819033567636165,2026-03-02,78.992,2026-05-08,96.57,take,67,100.0,122.2529,22.2529,0.222529,False,107.7587,7.7587,0.077587,0.144942,True
stop8_take20,2026-03-01,ANET,0.522,0.004068109760342109,2026-03-02,129.3,2026-03-30,116.13,stop,28,100.0,89.8144,-10.1856,-0.101856,False,92.3243,-7.6757,-0.076757,-0.0251,False
stop8_take20,2026-03-01,CATY,0.535,0.0034471149559875958,2026-03-02,49.8678,2026-06-11,59.91,take,101,100.0,120.1377,20.1377,0.201377,False,107.7792,7.7792,0.077792,0.123585,True
stop8_take20,2026-03-15,XOM,0.803,0.03804589572661854,2026-03-16,156.17,2026-05-08,143.5954,stop,53,100.0,91.9481,-8.0519,-0.080519,False,110.5532,10.5532,0.105532,-0.186051,False
stop8_take20,2026-03-15,CVX,0.818,0.03668982511207175,2026-03-16,195.0535,2026-06-12,187.22,open,88,100.0,95.9839,-4.0161,-0.040161,True,111.1722,11.1722,0.111722,-0.151883,False
stop8_take20,2026-03-15,EOG,0.763,0.03383622155626265,2026-03-16,133.4737,2026-06-12,136.65,open,88,100.0,102.3797,2.3797,0.023797,True,111.1722,11.1722,0.111722,-0.087925,False
stop8_take20,2026-03-15,LRN,0.686,0.02936477084138156,2026-03-16,82.97,2026-04-22,102.03,take,37,100.0,122.9722,22.9722,0.229722,False,106.595,6.595,0.06595,0.163772,True
stop8_take20,2026-03-15,LRCX,0.611,0.028668042649483194,2026-03-16,219.4,2026-03-30,199.93,stop,14,100.0,91.1258,-8.8742,-0.088742,False,94.7186,-5.2814,-0.052814,-0.035928,False
stop8_take20,2026-03-15,CLH,0.722,0.022345375861720473,2026-03-16,289.37,2026-06-12,287.78,open,88,100.0,99.4505,-0.5495,-0.005495,True,111.1722,11.1722,0.111722,-0.117217,False
stop8_take20,2026-03-15,TSM,0.62,0.01911648936619903,2026-03-16,338.4814,2026-05-06,418.5199,take,51,100.0,123.6464,23.6464,0.236464,False,109.9852,9.9852,0.099852,0.136612,True
stop8_take20,2026-03-15,MCK,0.607,0.017290331804341585,2026-03-16,942.2082,2026-03-26,862.6062,stop,10,100.0,91.5515,-8.4485,-0.084485,False,96.685,-3.315,-0.03315,-0.051335,False
stop8_take20,2026-03-15,VSEC,0.573,0.015290316229254586,2026-03-16,193.9927,2026-03-20,177.2502,stop,4,100.0,91.3695,-8.6305,-0.086305,False,97.2066,-2.7934,-0.027934,-0.05837,False
stop8_take20,2026-03-15,MPWR,0.563,0.010954135345922822,2026-03-16,1075.2502,2026-04-08,1312.9399,take,23,100.0,122.1055,22.1055,0.221055,False,101.3192,1.3192,0.013192,0.207863,True
stop8_take20,2026-03-15,CHRW,0.54,0.00651124522702351,2026-03-16,169.8981,2026-06-12,193.74,open,88,100.0,114.033,14.033,0.14033,True,111.1722,11.1722,0.111722,0.028608,True
stop8_take20,2026-03-15,CM,0.539,0.002863956875920337,2026-03-16,96.7317,2026-06-12,113.46,open,88,100.0,117.2935,17.2935,0.172935,True,111.1722,11.1722,0.111722,0.061212,True
stop8_take20,2026-03-15,BK,0.526,0.00237370603909115,2026-03-16,114.9238,2026-05-21,138.98,take,66,100.0,120.9323,20.9323,0.209323,False,111.3176,11.3176,0.113176,0.096147,True
stop8_take20,2026-03-15,TAXI,0.655,0.0011599831889008705,2026-03-16,51.0712,2026-06-12,51.161,open,88,100.0,100.1758,0.1758,0.001758,True,111.1722,11.1722,0.111722,-0.109965,False
stop8_take20,2026-04-01,XOM,0.766,0.03492553739707405,2026-04-01,159.6961,2026-04-17,145.4527,stop,16,100.0,91.081,-8.919,-0.08919,False,108.3786,8.3786,0.083786,-0.172976,False
stop8_take20,2026-04-01,GEV,0.65,0.03060240378069623,2026-04-01,894.78,2026-04-22,1127.5601,take,21,100.0,126.0153,26.0153,0.260153,False,108.5419,8.5419,0.085419,0.174734,True
stop8_take20,2026-04-01,PFE,0.655,0.01589219361043903,2026-04-01,28.0864,2026-04-29,25.8336,stop,28,100.0,91.979,-8.021,-0.08021,False,108.5984,8.5984,0.085984,-0.166194,False
stop8_take20,2026-04-01,LIN,0.678,0.015131516683941637,2026-04-01,492.2733,2026-06-12,523.57,open,72,100.0,106.3576,6.3576,0.063576,True,113.2028,13.2028,0.132028,-0.068452,False
stop8_take20,2026-04-01,MRK,0.635,0.013387782833931938,2026-04-01,120.84,2026-04-27,110.23,stop,26,100.0,91.2198,-8.7802,-0.087802,False,109.1463,9.1463,0.091463,-0.179265,False
stop8_take20,2026-04-01,CB,0.596,0.00720128604103798,2026-04-01,326.1424,2026-06-12,328.14,open,72,100.0,100.6125,0.6125,0.006125,True,113.2028,13.2028,0.132028,-0.125903,False
stop8_take20,2026-04-01,LRCX,0.524,0.005315064908312683,2026-04-01,222.01,2026-04-13,267.32,take,12,100.0,120.409,20.409,0.20409,False,104.7097,4.7097,0.047097,0.156993,True
stop8_take20,2026-04-01,CMI,0.501,0.0002393251882624181,2026-04-01,548.3677,2026-04-24,658.6812,take,23,100.0,120.1167,20.1167,0.201167,False,108.9586,8.9586,0.089586,0.111581,True
stop8_take20,2026-04-15,FN,0.603,0.03521710213596174,2026-04-15,685.81,2026-05-07,626.12,stop,22,100.0,91.2964,-8.7036,-0.087036,False,104.5204,4.5204,0.045204,-0.13224,False
stop8_take20,2026-04-15,BP,0.744,0.03410182513076987,2026-04-15,45.5984,2026-05-27,41.65,stop,42,100.0,91.341,-8.659,-0.08659,False,107.2178,7.2178,0.072178,-0.158768,False
stop8_take20,2026-04-15,AMAT,0.604,0.023629208962523407,2026-04-15,393.7705,2026-06-02,490.05,take,48,100.0,124.4507,24.4507,0.244507,False,108.5193,8.5193,0.085193,0.159314,True
stop8_take20,2026-04-15,NTIOF,0.71,0.022835561624853895,2026-04-15,146.13,2026-06-12,150.14,open,58,100.0,102.7441,2.7441,0.027441,True,105.9734,5.9734,0.059734,-0.032292,False
stop8_take20,2026-04-15,LIN,0.699,0.017231528440444954,2026-04-15,496.3704,2026-06-12,523.57,open,58,100.0,105.4797,5.4797,0.054797,True,105.9734,5.9734,0.059734,-0.004937,False
stop8_take20,2026-04-15,KLAC,0.573,0.016707238082562137,2026-04-15,174.5882,2026-06-03,212.511,take,49,100.0,121.7213,21.7213,0.217213,False,107.7578,7.7578,0.077578,0.139635,True
stop8_take20,2026-04-15,BWXT,0.574,0.015417393197066476,2026-04-15,238.1012,2026-04-21,216.3703,stop,6,100.0,90.8733,-9.1267,-0.091267,False,100.5915,0.5915,0.005915,-0.097182,False
stop8_take20,2026-04-15,CSCO,0.592,0.013797357072864003,2026-04-15,82.36,2026-05-12,99.29,take,27,100.0,120.5561,20.5561,0.205561,False,105.4633,5.4633,0.054633,0.150928,True
stop8_take20,2026-04-15,BMO,0.614,0.012741621115089696,2026-04-15,148.2849,2026-06-12,168.3,open,58,100.0,113.4977,13.4977,0.134977,True,105.9734,5.9734,0.059734,0.075244,True
stop8_take20,2026-04-15,MRK,0.604,0.00979164944517441,2026-04-15,117.9,2026-06-12,119.05,open,58,100.0,100.9754,0.9754,0.009754,True,105.9734,5.9734,0.059734,-0.04998,False
stop8_take20,2026-04-15,AMZN,0.563,0.008303766630499698,2026-04-15,248.5,2026-06-12,238.55,open,58,100.0,95.996,-4.004,-0.04004,True,105.9734,5.9734,0.059734,-0.099774,False
stop8_take20,2026-04-15,AIG,0.599,0.008225140059918035,2026-04-15,77.09,2026-06-12,75.74,open,58,100.0,98.2488,-1.7512,-0.017512,True,105.9734,5.9734,0.059734,-0.077246,False
stop8_take20,2026-04-15,KO,0.603,0.006779044199133111,2026-04-15,75.31,2026-06-12,82.62,open,58,100.0,109.7066,9.7066,0.097066,True,105.9734,5.9734,0.059734,0.037332,True
stop8_take20,2026-04-15,VOO,0.576,0.004397742302924668,2026-04-15,643.45,2026-06-12,681.95,open,58,100.0,105.9834,5.9834,0.059834,True,105.9734,5.9734,0.059734,0.0001,True
stop8_take20,2026-04-15,VTI,0.569,0.00412074894045511,2026-04-15,345.24,2026-06-12,366.36,open,58,100.0,106.1175,6.1175,0.061175,True,105.9734,5.9734,0.059734,0.001441,True
stop8_take20,2026-04-15,GSKPX,0.569,0.0039814879946986625,2026-04-15,29.16,2026-06-12,30.33,open,58,100.0,104.0123,4.0123,0.040123,True,105.9734,5.9734,0.059734,-0.01961,False
stop8_take20,2026-04-15,MIAX,0.529,0.003296843319774645,2026-04-15,44.22,2026-05-13,55.21,take,28,100.0,124.853,24.853,0.24853,False,106.0534,6.0534,0.060534,0.187996,True
stop8_take20,2026-04-15,MCD,0.539,0.0021952529293947087,2026-04-15,304.1969,2026-05-08,273.8924,stop,23,100.0,90.0379,-9.9621,-0.099621,False,105.3833,5.3833,0.053833,-0.153454,False
stop8_take20,2026-04-15,TFC,0.522,0.002157929077388765,2026-04-15,49.0716,2026-06-12,51.66,open,58,100.0,105.2748,5.2748,0.052748,True,105.9734,5.9734,0.059734,-0.006986,False
stop8_take20,2026-04-15,MCHP,0.511,0.0019577279061053776,2026-04-15,74.118,2026-04-23,90.1873,take,8,100.0,121.6808,21.6808,0.216808,False,101.2158,1.2158,0.012158,0.204649,True
stop8_take20,2026-04-15,TAXI,0.5,1.8940674895162601e-06,2026-04-15,50.9795,2026-06-12,51.161,open,58,100.0,100.356,0.356,0.00356,True,105.9734,5.9734,0.059734,-0.056173,False
stop8_take20,2026-05-01,GLW,0.617,0.03621862459714831,2026-05-01,158.0178,2026-05-11,207.0726,take,10,100.0,131.0439,31.0439,0.310439,False,102.5879,2.5879,0.025879,0.284559,True
stop8_take20,2026-05-01,AVGO,0.695,0.03609461198419606,2026-05-01,421.28,2026-06-05,385.73,stop,35,100.0,91.5614,-8.4386,-0.084386,False,102.3451,2.3451,0.023451,-0.107837,False
stop8_take20,2026-05-01,CEG,0.613,0.02465794499064211,2026-05-01,307.3325,2026-05-13,274.4636,stop,12,100.0,89.3051,-10.6949,-0.106949,False,103.0056,3.0056,0.030056,-0.137005,False
stop8_take20,2026-05-01,IBIT,0.618,0.023575204300949837,2026-05-01,44.47,2026-06-01,40.49,stop,31,100.0,91.0501,-8.9499,-0.089499,False,105.2577,5.2577,0.052577,-0.142076,False
stop8_take20,2026-05-01,VNOM,0.67,0.02141278216140985,2026-05-01,49.1983,2026-05-27,44.85,stop,26,100.0,91.1616,-8.8384,-0.088384,False,104.1365,4.1365,0.041365,-0.129749,False
stop8_take20,2026-05-01,DMLP,0.694,0.01755676541215334,2026-05-01,27.495,2026-06-12,26.71,open,42,100.0,97.1449,-2.8551,-0.028551,True,102.9279,2.9279,0.029279,-0.05783,False
stop8_take20,2026-05-01,CSCO,0.585,0.01299407576149747,2026-05-01,91.85,2026-05-14,115.53,take,13,100.0,125.7812,25.7812,0.257812,False,103.8188,3.8188,0.038188,0.219624,True
stop8_take20,2026-05-01,EPD,0.64,0.011496655905207431,2026-05-01,38.03,2026-06-12,37.25,open,42,100.0,97.949,-2.051,-0.02051,True,102.9279,2.9279,0.029279,-0.049789,False
stop8_take20,2026-05-01,C,0.576,0.010850752182865353,2026-05-01,126.84,2026-06-12,139.83,open,42,100.0,110.2412,10.2412,0.102412,True,102.9279,2.9279,0.029279,0.073133,True
stop8_take20,2026-05-01,FDX,0.592,0.009775482610038244,2026-05-01,317.22,2026-05-04,288.3159,stop,3,100.0,90.8883,-9.1117,-0.091117,False,99.6337,-0.3663,-0.003663,-0.087453,False
stop8_take20,2026-05-01,IWF,0.611,0.00903498049278939,2026-05-01,120.05,2026-06-12,121.61,open,42,100.0,101.2995,1.2995,0.012995,True,102.9279,2.9279,0.029279,-0.016285,False
stop8_take20,2026-05-01,TOST,0.543,0.007371454307641301,2026-05-01,29.11,2026-05-08,25.05,stop,7,100.0,86.0529,-13.9471,-0.139471,False,102.3548,2.3548,0.023548,-0.163019,False
stop8_take20,2026-05-01,MSFT,0.558,0.006266768973713921,2026-05-01,413.5443,2026-06-12,390.74,open,42,100.0,94.4856,-5.5144,-0.055144,True,102.9279,2.9279,0.029279,-0.084423,False
stop8_take20,2026-05-01,IWD,0.611,0.005958274655136986,2026-05-01,230.86,2026-06-12,242.13,open,42,100.0,104.8817,4.8817,0.048817,True,102.9279,2.9279,0.029279,0.019538,True
stop8_take20,2026-05-01,ASML,0.535,0.005760938094678814,2026-05-01,1427.02,2026-06-03,1726.36,take,33,100.0,120.9766,20.9766,0.209766,False,104.6611,4.6611,0.046611,0.163155,True
stop8_take20,2026-05-01,GS,0.537,0.004547885135632201,2026-05-01,919.6569,2026-06-12,1062.75,open,42,100.0,115.5594,15.5594,0.155594,True,102.9279,2.9279,0.029279,0.126315,True
stop8_take20,2026-05-01,PTA,0.563,0.003300700110281829,2026-05-01,19.491,2026-06-12,19.21,open,42,100.0,98.5581,-1.4419,-0.014419,True,102.9279,2.9279,0.029279,-0.043698,False
stop8_take20,2026-05-01,UHAL,0.524,0.0026707444969220617,2026-05-01,51.6,2026-06-11,62.03,take,41,100.0,120.2132,20.2132,0.202132,False,102.3742,2.3742,0.023742,0.178389,True
stop8_take20,2026-05-01,DBEU,0.542,0.0026350784325825938,2026-05-01,50.64,2026-06-12,52.87,open,42,100.0,104.4036,4.4036,0.044036,True,102.9279,2.9279,0.029279,0.014757,True
stop8_take20,2026-05-01,AAPL,0.522,0.001901222976041561,2026-05-01,279.8821,2026-06-12,291.13,open,42,100.0,104.0188,4.0188,0.040188,True,102.9279,2.9279,0.029279,0.010909,True
stop8_take20,2026-05-01,FTSL,0.611,0.001662416355150187,2026-05-01,44.8852,2026-06-12,44.92,open,42,100.0,100.0775,0.0775,0.000775,True,102.9279,2.9279,0.029279,-0.028504,False
stop8_take20,2026-05-01,TJX,0.522,0.0015764281639014666,2026-05-01,156.318,2026-06-12,168.41,open,42,100.0,107.7355,7.7355,0.077355,True,102.9279,2.9279,0.029279,0.048076,True
stop8_take20,2026-05-01,SCIO,0.563,0.0006236032459800978,2026-05-01,20.5846,2026-06-12,20.68,open,42,100.0,100.4635,0.4635,0.004635,True,102.9279,2.9279,0.029279,-0.024644,False
stop8_take20,2026-05-01,FTCB,0.501,1.7963639638018947e-05,2026-05-01,20.8642,2026-06-12,20.88,open,42,100.0,100.0758,0.0758,0.000758,True,102.9279,2.9279,0.029279,-0.028521,False
stop8_take20,2026-05-15,INTC,0.757,0.10488240126651616,2026-05-15,108.77,2026-06-05,99.17,stop,21,100.0,91.174,-8.826,-0.08826,False,99.7808,-0.2192,-0.002192,-0.086068,False
stop8_take20,2026-05-15,MRVL,0.783,0.09507384983444234,2026-05-15,176.89,2026-06-01,219.43,take,17,100.0,124.0488,24.0488,0.240488,False,102.6205,2.6205,0.026205,0.214283,True
stop8_take20,2026-05-15,AMD,0.763,0.08809886640354714,2026-05-15,424.1,2026-05-28,518.09,take,13,100.0,122.1622,22.1622,0.221622,False,102.0875,2.0875,0.020875,0.200748,True
stop8_take20,2026-05-15,AESI,0.683,0.05431291739122801,2026-05-15,18.87,2026-05-28,17.02,stop,13,100.0,90.1961,-9.8039,-0.098039,False,102.0875,2.0875,0.020875,-0.118914,False
stop8_take20,2026-05-15,CSCO,0.777,0.048690032003987804,2026-05-15,118.21,2026-06-12,121.1,open,28,100.0,102.4448,2.4448,0.024448,True,100.349,0.349,0.00349,0.020958,True
stop8_take20,2026-05-15,KEYS,0.666,0.04102265868910093,2026-05-15,349.01,2026-06-12,350.67,open,28,100.0,100.4756,0.4756,0.004756,True,100.349,0.349,0.00349,0.001266,True
stop8_take20,2026-05-15,UNH,0.737,0.03748812196543483,2026-05-15,393.85,2026-06-12,408.52,open,28,100.0,103.7248,3.7248,0.037248,True,100.349,0.349,0.00349,0.033757,True
stop8_take20,2026-05-15,COIN,0.54,0.01051572315065763,2026-05-15,195.43,2026-05-27,173.78,stop,12,100.0,88.9219,-11.0781,-0.110781,False,101.5274,1.5274,0.015274,-0.126055,False
stop8_take20,2026-05-15,P,0.542,0.008685746944579131,2026-05-15,81.18,2026-05-28,73.04,stop,13,100.0,89.9729,-10.0271,-0.100271,False,102.0875,2.0875,0.020875,-0.121146,False
stop8_take20,2026-05-15,MSFT,0.565,0.007064089952703689,2026-05-15,421.0081,2026-06-12,390.74,open,28,100.0,92.8106,-7.1894,-0.071894,True,100.349,0.349,0.00349,-0.075385,False
stop8_take20,2026-05-15,GSKPX,0.567,0.0038729385661464555,2026-05-15,30.0,2026-06-12,30.33,open,28,100.0,101.1,1.1,0.011,True,100.349,0.349,0.00349,0.00751,True
stop8_take20,2026-05-15,INTU,0.511,0.0023913682357852295,2026-05-15,393.0,2026-05-21,307.07,stop,6,100.0,78.1349,-21.8651,-0.218651,False,100.4803,0.4803,0.004803,-0.223454,False
stop8_take20,2026-05-15,CELFX,0.936,0.002270348314550086,2026-05-15,10.86,2026-06-12,10.89,open,28,100.0,100.2762,0.2762,0.002762,True,100.349,0.349,0.00349,-0.000728,False
stop8_take20,2026-05-15,V,0.522,0.001981586205703545,2026-05-15,325.75,2026-06-12,322.39,open,28,100.0,98.9685,-1.0315,-0.010315,True,100.349,0.349,0.00349,-0.013805,False
stop8_take20,2026-05-15,NSIT,0.506,0.0019175601583640844,2026-05-15,88.9,2026-06-01,117.77,take,17,100.0,132.4747,32.4747,0.324747,False,102.6205,2.6205,0.026205,0.298542,True
stop8_take20,2026-05-15,ADP,0.505,0.0006936938298256479,2026-05-15,212.865,2026-06-12,226.21,open,28,100.0,106.2692,6.2692,0.062692,True,100.349,0.349,0.00349,0.059202,True
stop8_take20,2026-05-15,CARR,0.501,7.51463128476626e-05,2026-05-15,64.67,2026-06-12,69.91,open,28,100.0,108.1027,8.1027,0.081027,True,100.349,0.349,0.00349,0.077536,True
stop8_take20,2026-06-01,AMD,0.832,0.1177375889659602,2026-06-01,510.13,2026-06-05,466.38,stop,4,100.0,91.4238,-8.5762,-0.085762,False,97.2328,-2.7672,-0.027672,-0.058091,False
stop8_take20,2026-06-01,IFNNY,0.812,0.08687127296602792,2026-06-01,93.89,2026-06-05,85.02,stop,4,100.0,90.5528,-9.4472,-0.094472,False,97.2328,-2.7672,-0.027672,-0.066801,False
stop8_take20,2026-06-01,TXN,0.716,0.049561145078502955,2026-06-01,293.2,2026-06-12,301.12,open,11,100.0,102.7012,2.7012,0.027012,True,97.7865,-2.2135,-0.022135,0.049147,True
stop8_take20,2026-06-01,GS,0.726,0.029785735898509413,2026-06-01,1048.58,2026-06-12,1062.75,open,11,100.0,101.3514,1.3514,0.013514,True,97.7865,-2.2135,-0.022135,0.035648,True
stop8_take20,2026-06-01,AAPL,0.717,0.021055134333178405,2026-06-01,306.31,2026-06-12,291.13,open,11,100.0,95.0442,-4.9558,-0.049558,True,97.7865,-2.2135,-0.022135,-0.027423,False
stop8_take20,2026-06-01,IHG,0.655,0.019603243393615966,2026-06-01,155.01,2026-06-12,167.12,open,11,100.0,107.8124,7.8124,0.078124,True,97.7865,-2.2135,-0.022135,0.100259,True
stop8_take20,2026-06-01,CBZ,0.591,0.018760381823742067,2026-06-01,34.68,2026-06-12,35.26,open,11,100.0,101.6724,1.6724,0.016724,True,97.7865,-2.2135,-0.022135,0.038859,True
stop8_take20,2026-06-01,FCX,0.559,0.012447437317679944,2026-06-01,67.04,2026-06-12,68.41,open,11,100.0,102.0436,2.0436,0.020436,True,97.7865,-2.2135,-0.022135,0.04257,True
stop8_take20,2026-06-01,NTES,0.563,0.006500383215039651,2026-06-01,122.5468,2026-06-12,125.82,open,11,100.0,102.671,2.671,0.02671,True,97.7865,-2.2135,-0.022135,0.048844,True
stop8_take20,2026-06-01,SPG,0.577,0.0062111578216952346,2026-06-01,200.5004,2026-06-12,219.04,open,11,100.0,109.2467,9.2467,0.092467,True,97.7865,-2.2135,-0.022135,0.114601,True
stop8_take20,2026-06-01,JPM,0.546,0.0036065717105784323,2026-06-01,296.58,2026-06-12,320.72,open,11,100.0,108.1395,8.1395,0.081395,True,97.7865,-2.2135,-0.022135,0.103529,True
stop10_take25,2025-10-01,OPEN,0.69,0.2293874565983436,2025-10-01,8.06,2025-10-16,7.11,stop,15,100.0,88.2134,-11.7866,-0.117866,False,98.8316,-1.1684,-0.011684,-0.106182,False
stop10_take25,2025-10-01,GOOGL,0.815,0.03962102293863001,2025-10-01,244.4218,2025-11-24,317.9579,take,54,100.0,130.0857,30.0857,0.300857,False,100.0419,0.0419,0.000419,0.300439,True
stop10_take25,2025-10-01,AAPL,0.705,0.023013427768410644,2025-10-01,254.7293,2026-04-01,255.3947,time,182,100.0,100.2612,0.2612,0.002612,False,98.5819,-1.4181,-0.014181,0.016793,True
stop10_take25,2025-10-01,AVGO,0.63,0.021312589148331673,2025-10-01,332.0568,2026-03-30,293.41,stop,180,100.0,88.3614,-11.6386,-0.116386,False,95.0809,-4.9191,-0.049191,-0.067195,False
stop10_take25,2025-10-01,ORCL,0.564,0.01911171614543239,2025-10-01,286.7472,2025-10-30,255.321,stop,29,100.0,89.0405,-10.9595,-0.109595,False,101.7025,1.7025,0.017025,-0.12662,False
stop10_take25,2025-10-01,NVDA,0.64,0.01657848381301541,2025-10-01,187.0015,2026-03-27,167.325,stop,177,100.0,89.4779,-10.5221,-0.105221,False,95.3999,-4.6001,-0.046001,-0.05922,False
stop10_take25,2025-10-01,UNH,0.59,0.01613386457493915,2025-10-01,343.3049,2025-11-19,304.6572,stop,49,100.0,88.7425,-11.2575,-0.112575,False,99.1293,-0.8707,-0.008707,-0.103869,False
stop10_take25,2025-10-01,QCOM,0.558,0.005837998218980012,2025-10-01,163.9813,2026-02-03,145.7029,stop,125,100.0,88.8534,-11.1466,-0.111466,False,103.4584,3.4584,0.034584,-0.14605,False
stop10_take25,2025-10-01,MCD,0.571,0.0038929745373337266,2025-10-01,295.0667,2026-04-01,305.22,time,182,100.0,103.441,3.441,0.03441,False,98.5819,-1.4181,-0.014181,0.048591,True
stop10_take25,2025-10-15,APP,0.701,0.05842853859795616,2025-10-15,602.3,2025-11-17,539.27,stop,33,100.0,89.5351,-10.4649,-0.104649,False,100.0752,0.0752,0.000752,-0.105401,False
stop10_take25,2025-10-15,GOOGL,0.764,0.0334579677821798,2025-10-15,250.5398,2025-11-24,317.9579,take,40,100.0,126.9091,26.9091,0.269091,False,100.5352,0.5352,0.005352,0.263739,True
stop10_take25,2025-10-15,UNH,0.628,0.024777015049093132,2025-10-15,355.9706,2025-11-06,316.9484,stop,22,100.0,89.0378,-10.9622,-0.109622,False,100.7727,0.7727,0.007727,-0.117349,False
stop10_take25,2025-10-15,AVGO,0.629,0.024640450287666038,2025-10-15,349.925,2026-02-04,307.4052,stop,112,100.0,87.8489,-12.1511,-0.121511,False,103.4649,3.4649,0.034649,-0.156161,False
stop10_take25,2025-10-15,ORCL,0.573,0.02183245555792146,2025-10-15,301.7656,2025-10-22,270.9947,stop,7,100.0,89.8031,-10.1969,-0.101969,False,100.3954,0.3954,0.003954,-0.105923,False
stop10_take25,2025-10-15,AAPL,0.662,0.01831919500630419,2025-10-15,248.6366,2026-04-15,266.1848,time,182,100.0,107.0578,7.0578,0.070578,False,105.8264,5.8264,0.058264,0.012314,True
stop10_take25,2025-10-15,BNS,0.7,0.015341549964374757,2025-10-15,64.51,2026-04-15,75.36,time,182,100.0,116.8191,16.8191,0.168191,False,105.8264,5.8264,0.058264,0.109927,True
stop10_take25,2025-10-15,BMO,0.705,0.014683117560095438,2025-10-15,127.226,2026-04-15,148.2849,time,182,100.0,116.5523,16.5523,0.165523,False,105.8264,5.8264,0.058264,0.107259,True
stop10_take25,2025-10-15,RY,0.682,0.011911176685284408,2025-10-15,145.7814,2026-04-15,174.753,time,182,100.0,119.8733,19.8733,0.198733,False,105.8264,5.8264,0.058264,0.140469,True
stop10_take25,2025-10-15,NVDA,0.553,0.0059242896379094745,2025-10-15,179.6009,2026-04-15,198.6385,time,182,100.0,110.5999,10.5999,0.105999,False,105.8264,5.8264,0.058264,0.047735,True
stop10_take25,2025-10-15,VTEB,0.868,0.005454044279670889,2025-10-15,49.2284,2026-04-15,49.9808,time,182,100.0,101.5283,1.5283,0.015283,False,105.8264,5.8264,0.058264,-0.042981,False
stop10_take25,2025-10-15,PANW,0.537,0.004117751213195353,2025-10-15,206.7,2025-11-20,185.07,stop,36,100.0,89.5356,-10.4644,-0.104644,False,98.0997,-1.9003,-0.019003,-0.085642,False
stop10_take25,2025-10-15,MCD,0.566,0.003697736306313537,2025-10-15,299.7109,2026-04-15,304.1969,time,182,100.0,101.4968,1.4968,0.014968,False,105.8264,5.8264,0.058264,-0.043296,False
stop10_take25,2025-10-15,TAXI,0.863,0.0034427910684382557,2025-10-15,50.0788,2026-04-15,50.9795,time,182,100.0,101.7985,1.7985,0.017985,False,105.8264,5.8264,0.058264,-0.040279,False
stop10_take25,2025-10-15,NFLX,0.535,0.002749620721958168,2025-10-15,120.329,2025-11-20,105.67,stop,36,100.0,87.8176,-12.1824,-0.121824,False,98.0997,-1.9003,-0.019003,-0.102822,False
stop10_take25,2025-10-15,QCOM,0.522,0.0026281224125908054,2025-10-15,160.5143,2026-02-05,134.9321,stop,113,100.0,84.0624,-15.9376,-0.159376,False,102.1727,2.1727,0.021727,-0.181104,False
stop10_take25,2025-10-15,NDAQ,0.53,0.002238266349144924,2025-10-15,88.7516,2026-02-12,78.4791,stop,120,100.0,88.4255,-11.5745,-0.115745,False,102.7231,2.7231,0.027231,-0.142975,False
stop10_take25,2025-10-15,ARTFX,0.683,0.001968274562438088,2025-10-15,8.8297,2026-04-15,8.9549,time,182,100.0,101.4183,1.4183,0.014183,False,105.8264,5.8264,0.058264,-0.044081,False
stop10_take25,2025-10-15,ALLY,0.515,0.0016171899950139235,2025-10-15,38.8523,2026-04-15,41.9545,time,182,100.0,107.9847,7.9847,0.079847,False,105.8264,5.8264,0.058264,0.021583,True
stop10_take25,2025-10-15,FFRHX,0.624,0.0013426506546234673,2025-10-15,8.7488,2026-04-15,8.8926,time,182,100.0,101.6441,1.6441,0.016441,False,105.8264,5.8264,0.058264,-0.041823,False
stop10_take25,2025-10-15,PRI,0.505,0.0006300259955809295,2025-10-15,264.396,2026-04-15,272.1331,time,182,100.0,102.9263,2.9263,0.029263,False,105.8264,5.8264,0.058264,-0.029001,False
stop10_take25,2025-10-15,META,0.502,0.00040808863388885896,2025-10-15,716.3519,2025-11-03,636.6453,stop,19,100.0,88.8733,-11.1267,-0.111267,False,102.7316,2.7316,0.027316,-0.138584,False
stop10_take25,2025-11-01,IREN,0.78,0.1397974723454134,2025-11-03,67.75,2025-11-10,60.17,stop,7,100.0,88.8118,-11.1882,-0.111882,False,99.7219,-0.2781,-0.002781,-0.109101,False
stop10_take25,2025-11-01,RGTI,0.719,0.11766122432550219,2025-11-03,39.12,2025-11-04,35.18,stop,1,100.0,89.9284,-10.0716,-0.100716,False,98.8146,-1.1854,-0.011854,-0.088862,False
stop10_take25,2025-11-01,STX,0.731,0.06257412777287108,2025-11-03,264.3939,2025-11-21,236.4561,stop,18,100.0,89.4333,-10.5667,-0.105667,False,96.4425,-3.5575,-0.035575,-0.070092,False
stop10_take25,2025-11-01,ASML,0.788,0.04626850619545708,2025-11-03,1063.0927,2026-01-16,1353.8234,take,74,100.0,127.3476,27.3476,0.273476,False,101.5166,1.5166,0.015166,0.25831,True
stop10_take25,2025-11-01,GOOGL,0.797,0.040357928383258024,2025-11-03,283.1659,2026-04-30,384.5703,take,178,100.0,135.8109,35.8109,0.358109,False,105.7676,5.7676,0.057676,0.300434,True
stop10_take25,2025-11-01,PANW,0.806,0.03340558497171364,2025-11-03,219.23,2025-11-20,185.07,stop,17,100.0,84.4182,-15.5818,-0.155818,False,95.4913,-4.5087,-0.045087,-0.110731,False
stop10_take25,2025-11-01,CAH,0.635,0.022630401263354694,2025-11-03,189.2881,2026-05-04,197.06,time,182,100.0,104.1058,4.1058,0.041058,False,105.6719,5.6719,0.056719,-0.015661,False
stop10_take25,2025-11-01,AAPL,0.697,0.019917442446432787,2025-11-03,268.291,2026-05-04,276.5752,time,182,100.0,103.0878,3.0878,0.030878,False,105.6719,5.6719,0.056719,-0.025841,False
stop10_take25,2025-11-01,AMZN,0.582,0.010690847945075577,2025-11-03,254.0,2025-11-18,222.55,stop,15,100.0,87.6181,-12.3819,-0.123819,False,96.5961,-3.4039,-0.034039,-0.08978,False
stop10_take25,2025-11-01,DT,0.596,0.010574735764151244,2025-11-03,50.48,2025-11-17,45.15,stop,14,100.0,89.4414,-10.5586,-0.105586,False,97.4142,-2.5858,-0.025858,-0.079728,False
stop10_take25,2025-11-01,NTES,0.578,0.010359263230304894,2025-11-03,138.321,2026-02-04,119.5063,stop,93,100.0,86.3978,-13.6022,-0.136022,False,100.7138,0.7138,0.007138,-0.14316,False
stop10_take25,2025-11-01,BHP,0.598,0.009136258231976058,2025-11-03,55.0656,2026-01-27,69.1287,take,85,100.0,125.5387,25.5387,0.255387,False,102.0788,2.0788,0.020788,0.2346,True
stop10_take25,2025-11-01,IT,0.563,0.009057717868606208,2025-11-03,245.92,2026-01-29,212.7,stop,87,100.0,86.4915,-13.5085,-0.135085,False,101.8659,1.8659,0.018659,-0.153744,False
stop10_take25,2025-11-01,IVV,0.686,0.008663993936173453,2025-11-03,682.4503,2026-05-04,721.39,time,182,100.0,105.7059,5.7059,0.057059,False,105.6719,5.6719,0.056719,0.00034,True
stop10_take25,2025-11-01,PLTR,0.546,0.007237454716573666,2025-11-03,207.18,2025-11-06,175.05,stop,3,100.0,84.4918,-15.5082,-0.155082,False,98.0932,-1.9068,-0.019068,-0.136014,False
stop10_take25,2025-11-01,NVS,0.596,0.007045106145806557,2025-11-03,120.2015,2026-02-06,151.7997,take,95,100.0,126.2877,26.2877,0.262877,False,101.364,1.364,0.01364,0.249238,True
stop10_take25,2025-11-01,AMGN,0.56,0.00517310223722367,2025-11-03,289.9872,2026-02-05,362.5313,take,94,100.0,125.0163,25.0163,0.250163,False,99.456,-0.544,-0.00544,0.255604,True
stop10_take25,2025-11-01,SMR,0.509,0.0043885149721552,2025-11-03,40.83,2025-11-04,35.63,stop,1,100.0,87.2643,-12.7357,-0.127357,False,98.8146,-1.1854,-0.011854,-0.115504,False
stop10_take25,2025-11-01,HUM,0.523,0.0039805795449141534,2025-11-03,277.5548,2025-11-06,248.9882,stop,3,100.0,89.7078,-10.2922,-0.102922,False,98.0932,-1.9068,-0.019068,-0.083854,False
stop10_take25,2025-11-01,CVX,0.553,0.003563084820371376,2025-11-03,149.4936,2026-03-02,187.8792,take,119,100.0,125.6771,25.6771,0.256771,False,100.7417,0.7417,0.007417,0.249354,True
stop10_take25,2025-11-01,WTRG,0.528,0.001954128108640152,2025-11-03,37.0615,2026-05-04,37.6035,time,182,100.0,101.4625,1.4625,0.014625,False,105.6719,5.6719,0.056719,-0.042094,False
stop10_take25,2025-11-15,CLS,0.678,0.05627955159882636,2025-11-17,309.37,2025-12-17,275.83,stop,30,100.0,89.1586,-10.8414,-0.108414,False,100.8608,0.8608,0.008608,-0.117022,False
stop10_take25,2025-11-15,GOOGL,0.752,0.03530521894685412,2025-11-17,284.4634,2026-04-30,384.5703,take,164,100.0,135.1915,35.1915,0.351915,False,108.5751,8.5751,0.085751,0.266164,True
stop10_take25,2025-11-15,APP,0.599,0.024701965356474398,2025-11-17,539.27,2025-12-04,683.78,take,17,100.0,126.7973,26.7973,0.267973,False,102.8122,2.8122,0.028122,0.239851,True
stop10_take25,2025-11-15,TSM,0.652,0.0239374212222474,2025-11-17,279.8052,2026-02-09,353.5833,take,84,100.0,126.3677,26.3677,0.263677,False,104.5564,4.5564,0.045564,0.218113,True
stop10_take25,2025-11-15,AAPL,0.708,0.02166581970239001,2025-11-17,266.964,2026-05-18,297.84,time,182,100.0,111.5656,11.5656,0.115656,False,111.5952,11.5952,0.115952,-0.000296,False
stop10_take25,2025-11-15,HURN,0.643,0.020778770260122537,2025-11-17,160.53,2026-02-11,131.11,stop,86,100.0,81.6732,-18.3268,-0.183268,False,104.2566,4.2566,0.042566,-0.225834,False
stop10_take25,2025-11-15,NVT,0.636,0.019920721490759075,2025-11-17,103.7412,2026-04-10,130.368,take,144,100.0,125.6665,25.6665,0.256665,False,102.6528,2.6528,0.026528,0.230137,True
stop10_take25,2025-11-15,EQT,0.635,0.017112727069472422,2025-11-17,58.7086,2026-01-08,51.907,stop,52,100.0,88.4146,-11.5854,-0.115854,False,103.8874,3.8874,0.038874,-0.154728,False
stop10_take25,2025-11-15,HOOD,0.539,0.00927981941485534,2025-11-17,115.97,2026-01-28,103.4,stop,72,100.0,89.161,-10.839,-0.10839,False,104.7779,4.7779,0.047779,-0.156169,False
stop10_take25,2025-11-15,PLTR,0.549,0.009246275571362483,2025-11-17,171.25,2026-01-29,151.86,stop,73,100.0,88.6774,-11.3226,-0.113226,False,104.57,4.57,0.0457,-0.158926,False
stop10_take25,2025-11-15,FTGC,0.655,0.008290408531735016,2025-11-17,22.8577,2026-03-31,28.71,take,134,100.0,125.603,25.603,0.25603,False,98.2533,-1.7467,-0.017467,0.273496,True
stop10_take25,2025-11-15,NVDA,0.553,0.00729763026351038,2025-11-17,186.3623,2026-03-27,167.325,stop,130,100.0,89.7848,-10.2152,-0.102152,False,95.7983,-4.2017,-0.042017,-0.060135,False
stop10_take25,2025-11-15,EIPI,0.613,0.004056996619204778,2025-11-17,19.2807,2026-05-18,22.4854,time,182,100.0,116.6217,16.6217,0.166217,False,111.5952,11.5952,0.115952,0.050265,True
stop10_take25,2025-11-15,FIVE,0.522,0.003267863317467423,2025-11-17,147.72,2025-12-22,186.54,take,35,100.0,126.2794,26.2794,0.262794,False,103.1823,3.1823,0.031823,0.230971,True
stop10_take25,2025-11-15,SHOP,0.51,0.001985678794187651,2025-11-17,139.93,2026-02-03,119.29,stop,78,100.0,85.2498,-14.7502,-0.147502,False,103.8904,3.8904,0.038904,-0.186407,False
stop10_take25,2025-11-15,LCII,0.503,0.0004382065275045921,2025-11-17,101.831,2026-01-09,128.4659,take,53,100.0,126.156,26.156,0.26156,False,104.5745,4.5745,0.045745,0.215815,True
stop10_take25,2025-11-15,INTU,0.504,0.00032432260678261216,2025-11-17,642.806,2026-01-14,564.8544,stop,58,100.0,87.8732,-12.1268,-0.121268,False,104.0155,4.0155,0.040155,-0.161423,False
stop10_take25,2025-12-01,BE,0.611,0.0585272446027576,2025-12-01,98.93,2025-12-16,87.61,stop,15,100.0,88.5576,-11.4424,-0.114424,False,99.7942,-0.2058,-0.002058,-0.112366,False
stop10_take25,2025-12-01,GOOGL,0.761,0.03561989869414828,2025-12-01,314.2751,2026-03-26,280.7523,stop,115,100.0,89.3333,-10.6667,-0.106667,False,95.3685,-4.6315,-0.046315,-0.060352,False
stop10_take25,2025-12-01,CLS,0.588,0.0265020626649084,2025-12-01,318.37,2025-12-17,275.83,stop,16,100.0,86.6382,-13.3618,-0.133618,False,98.6961,-1.3039,-0.013039,-0.120579,False
stop10_take25,2025-12-01,VALE,0.756,0.02345420463186243,2025-12-01,12.0522,2026-01-21,15.57,take,51,100.0,129.1885,29.1885,0.291885,False,101.0518,1.0518,0.010518,0.281367,True
stop10_take25,2025-12-01,UTHR,0.67,0.0232719000907311,2025-12-01,479.95,2026-06-01,544.62,time,182,100.0,113.4743,13.4743,0.134743,False,112.1406,12.1406,0.121406,0.013337,True
stop10_take25,2025-12-01,TMO,0.669,0.021795384397548023,2025-12-01,584.1329,2026-02-12,509.3165,stop,73,100.0,87.1919,-12.8081,-0.128081,False,100.4429,0.4429,0.004429,-0.13251,False
stop10_take25,2025-12-01,AAPL,0.706,0.02107372554380138,2025-12-01,282.575,2026-01-20,246.2425,stop,50,100.0,87.1424,-12.8576,-0.128576,False,99.8989,-0.1011,-0.001011,-0.127565,False
stop10_take25,2025-12-01,AZTA,0.578,0.017765656280792408,2025-12-01,34.86,2026-02-04,28.49,stop,65,100.0,81.7269,-18.2731,-0.182731,False,101.1683,1.1683,0.011683,-0.194414,False
stop10_take25,2025-12-01,BABA,0.586,0.016567850209439516,2025-12-01,162.7652,2025-12-17,145.7514,stop,16,100.0,89.5471,-10.4529,-0.104529,False,98.6961,-1.3039,-0.013039,-0.091491,False
stop10_take25,2025-12-01,CSCO,0.667,0.016163221168648878,2025-12-01,75.2276,2026-05-05,94.3,take,155,100.0,125.3529,25.3529,0.253529,False,107.0003,7.0003,0.070003,0.183525,True
stop10_take25,2025-12-01,BCS,0.642,0.015753242254312738,2025-12-01,22.4804,2026-03-20,20.07,stop,109,100.0,89.2776,-10.7224,-0.107224,False,95.883,-4.117,-0.04117,-0.066054,False
stop10_take25,2025-12-01,APP,0.553,0.012563167199420855,2025-12-01,623.59,2026-01-21,532.56,stop,51,100.0,85.4023,-14.5977,-0.145977,False,101.0518,1.0518,0.010518,-0.156496,False
stop10_take25,2025-12-01,AXP,0.613,0.012428016302265865,2025-12-01,358.3784,2026-02-23,320.2276,stop,84,100.0,89.3546,-10.6454,-0.106454,False,100.6081,0.6081,0.006081,-0.112534,False
stop10_take25,2025-12-01,AZN,0.604,0.012309997124248406,2025-12-01,179.1721,2026-06-01,179.71,time,182,100.0,100.3002,0.3002,0.003002,False,112.1406,12.1406,0.121406,-0.118404,False
stop10_take25,2025-12-01,APG,0.608,0.012146470411791288,2025-12-01,38.98,2026-04-23,48.94,take,143,100.0,125.5516,25.5516,0.255516,False,104.7355,4.7355,0.047355,0.208161,True
stop10_take25,2025-12-01,AVGO,0.563,0.011784329856131759,2025-12-01,384.536,2025-12-15,338.4511,stop,14,100.0,88.0154,-11.9846,-0.119846,False,100.0676,0.0676,0.000676,-0.120522,False
stop10_take25,2025-12-01,CCJ,0.547,0.011406938483085938,2025-12-01,87.53,2026-01-12,109.79,take,42,100.0,125.4313,25.4313,0.254313,False,102.4908,2.4908,0.024908,0.229405,True
stop10_take25,2025-12-01,GS,0.604,0.01063361906273852,2025-12-01,799.1141,2026-05-28,1003.9454,take,178,100.0,125.6323,25.6323,0.256323,False,111.5582,11.5582,0.115582,0.140741,True
stop10_take25,2025-12-01,AVAV,0.538,0.007557422017004489,2025-12-01,257.8,2025-12-17,229.1,stop,16,100.0,88.8673,-11.1327,-0.111327,False,98.6961,-1.3039,-0.013039,-0.098288,False
stop10_take25,2025-12-01,DELL,0.542,0.007356997271979582,2025-12-01,131.109,2026-01-08,117.6199,stop,38,100.0,89.7116,-10.2884,-0.102884,False,101.6578,1.6578,0.016578,-0.119462,False
stop10_take25,2025-12-01,NVDA,0.551,0.007266196212135423,2025-12-01,179.6908,2026-05-13,225.5671,take,163,100.0,125.5307,25.5307,0.255307,False,109.7412,9.7412,0.097412,0.157894,True
stop10_take25,2025-12-01,RY,0.641,0.006847532378551069,2025-12-01,151.8499,2026-05-26,189.97,take,176,100.0,125.1038,25.1038,0.251038,False,110.9653,10.9653,0.109653,0.141385,True
stop10_take25,2025-12-01,ALIZY,0.565,0.004259569486146919,2025-12-01,41.0057,2026-06-01,43.64,time,182,100.0,106.4243,6.4243,0.064243,False,112.1406,12.1406,0.121406,-0.057163,False
stop10_take25,2025-12-01,UNM,0.54,0.0032053032342449495,2025-12-01,74.3044,2026-06-01,83.43,time,182,100.0,112.2814,12.2814,0.122814,False,112.1406,12.1406,0.121406,0.001407,True
stop10_take25,2025-12-01,FTNT,0.522,0.0020973130373636018,2025-12-01,81.82,2026-05-07,107.97,take,157,100.0,131.9604,31.9604,0.319604,False,108.1549,8.1549,0.081549,0.238055,True
stop10_take25,2025-12-01,UNH,0.512,0.0016000716658375325,2025-12-01,318.5747,2026-01-27,280.5192,stop,57,100.0,88.0544,-11.9456,-0.119456,False,102.5394,2.5394,0.025394,-0.14485,False
stop10_take25,2025-12-15,COHR,0.65,0.04872310673953528,2025-12-15,178.45,2026-02-03,229.18,take,50,100.0,128.4281,28.4281,0.284281,False,101.592,1.592,0.01592,0.268361,True
stop10_take25,2025-12-15,ISRG,0.667,0.02704103960034132,2025-12-15,559.52,2026-02-02,496.73,stop,49,100.0,88.7779,-11.2221,-0.112221,False,102.4584,2.4584,0.024584,-0.136805,False
stop10_take25,2025-12-15,JNJ,0.849,0.0257925018263514,2025-12-15,211.8193,2026-06-12,240.87,open,179,100.0,113.7149,13.7149,0.137149,True,109.5843,9.5843,0.095843,0.041305,True
stop10_take25,2025-12-15,IDEXY,0.671,0.02314438485659931,2025-12-15,15.7861,2026-03-20,14.1741,stop,95,100.0,89.7883,-10.2117,-0.102117,False,95.8182,-4.1818,-0.041818,-0.060299,False
stop10_take25,2025-12-15,TMO,0.686,0.023104214491500796,2025-12-15,575.3412,2026-02-12,509.3165,stop,59,100.0,88.5243,-11.4757,-0.114757,False,100.3751,0.3751,0.003751,-0.118508,False
stop10_take25,2025-12-15,KDP,0.629,0.015194011358456772,2025-12-15,28.7362,2026-04-01,25.69,stop,107,100.0,89.3995,-10.6005,-0.106005,False,96.8036,-3.1964,-0.031964,-0.07404,False
stop10_take25,2025-12-15,HAYW,0.565,0.008380840037055526,2025-12-15,15.97,2026-03-12,14.28,stop,87,100.0,89.4177,-10.5823,-0.105823,False,98.1341,-1.8659,-0.018659,-0.087164,False
stop10_take25,2025-12-15,TM,0.579,0.008112709600623269,2025-12-15,214.81,2026-04-24,192.32,stop,130,100.0,89.5303,-10.4697,-0.104697,False,105.4758,5.4758,0.054758,-0.159455,False
stop10_take25,2025-12-15,COF,0.567,0.0076505511710902585,2025-12-15,237.8748,2026-02-11,212.66,stop,58,100.0,89.3999,-10.6001,-0.106001,False,101.9501,1.9501,0.019501,-0.125501,False
stop10_take25,2025-12-15,CVCO,0.53,0.005818001802332828,2025-12-15,598.17,2026-01-30,492.02,stop,46,100.0,82.2542,-17.7458,-0.177458,False,101.9515,1.9515,0.019515,-0.196973,False
stop10_take25,2025-12-15,BCE,0.562,0.0044992398452330384,2025-12-15,23.3155,2026-06-12,24.59,open,179,100.0,105.4665,5.4665,0.054665,True,109.5843,9.5843,0.095843,-0.041178,False
stop10_take25,2025-12-15,IFF,0.545,0.004420901058443061,2025-12-15,63.4031,2026-02-12,81.0215,take,59,100.0,127.7879,27.7879,0.277879,False,100.3751,0.3751,0.003751,0.274128,True
stop10_take25,2025-12-15,MET,0.54,0.003290334085508162,2025-12-15,81.3985,2026-02-27,71.5219,stop,74,100.0,87.8664,-12.1336,-0.121336,False,101.0705,1.0705,0.010705,-0.13204,False
stop10_take25,2025-12-15,BMO,0.541,0.0024284140937009813,2025-12-15,131.0053,2026-06-02,165.38,take,169,100.0,126.2391,26.2391,0.262391,False,112.217,12.217,0.12217,0.140221,True
stop10_take25,2025-12-15,APO,0.515,0.00218718150967101,2025-12-15,145.6186,2026-01-26,130.4746,stop,42,100.0,89.6002,-10.3998,-0.103998,False,102.0635,2.0635,0.020635,-0.124633,False
stop10_take25,2025-12-15,AXAHY,0.53,0.0019219659426228386,2025-12-15,45.237,2026-06-12,47.43,open,179,100.0,104.8479,4.8479,0.048479,True,109.5843,9.5843,0.095843,-0.047365,False
stop10_take25,2025-12-15,CRM,0.513,0.0018825669232021003,2025-12-15,252.883,2026-01-16,225.9602,stop,32,100.0,89.3537,-10.6463,-0.106463,False,101.9059,1.9059,0.019059,-0.125522,False
stop10_take25,2025-12-15,D,0.526,0.0015603968386634914,2025-12-15,58.622,2026-06-12,67.91,open,179,100.0,115.8439,15.8439,0.158439,True,109.5843,9.5843,0.095843,0.062595,True
stop10_take25,2025-12-15,VTEB,0.662,0.0012976467163468008,2025-12-15,49.3864,2026-06-12,50.3,open,179,100.0,101.8499,1.8499,0.018499,True,109.5843,9.5843,0.095843,-0.077344,False
stop10_take25,2025-12-15,CL,0.513,0.0010452028353857834,2025-12-15,78.459,2026-02-27,98.5277,take,74,100.0,125.5786,25.5786,0.255786,False,101.0705,1.0705,0.010705,0.245081,True
stop10_take25,2025-12-15,UNH,0.505,0.0006469968858975328,2025-12-15,338.4687,2026-01-27,280.5192,stop,43,100.0,82.8789,-17.1211,-0.171211,False,102.4702,2.4702,0.024702,-0.195912,False
stop10_take25,2026-01-01,GOOGL,0.708,0.028974689822372612,2026-01-02,314.7403,2026-03-26,280.7523,stop,83,100.0,89.2013,-10.7987,-0.107987,False,94.6839,-5.3161,-0.053161,-0.054826,False
stop10_take25,2026-01-01,WFC,0.655,0.01720484420415236,2026-01-02,94.1959,2026-02-23,84.666,stop,52,100.0,89.8829,-10.1171,-0.101171,False,99.8858,-0.1142,-0.001142,-0.100029,False
stop10_take25,2026-01-01,PUK,0.655,0.01299341603508597,2026-01-02,31.2264,2026-03-27,27.78,stop,84,100.0,88.9631,-11.0369,-0.110369,False,93.0693,-6.9307,-0.069307,-0.041063,False
stop10_take25,2026-01-01,NVDA,0.501,0.00026891810838791663,2026-01-02,188.6199,2026-03-27,167.325,stop,84,100.0,88.7101,-11.2899,-0.112899,False,93.0693,-6.9307,-0.069307,-0.043592,False
stop10_take25,2026-01-01,VZ,0.502,0.00024508398959999234,2026-01-02,39.2388,2026-02-24,49.1212,take,53,100.0,125.1853,25.1853,0.251853,False,100.6118,0.6118,0.006118,0.245734,True
stop10_take25,2026-01-15,AA,0.74,0.06375577153647383,2026-01-15,63.6039,2026-01-30,56.6265,stop,15,100.0,89.0299,-10.9701,-0.109701,False,99.961,-0.039,-0.00039,-0.109311,False
stop10_take25,2026-01-15,DLTR,0.763,0.042553304039172346,2026-01-15,141.21,2026-01-22,126.79,stop,7,100.0,89.7883,-10.2117,-0.102117,False,99.5291,-0.4709,-0.004709,-0.097408,False
stop10_take25,2026-01-15,GOOGL,0.763,0.0342303112398914,2026-01-15,332.3474,2026-03-06,298.1319,stop,50,100.0,89.7049,-10.2951,-0.102951,False,97.1311,-2.8689,-0.028689,-0.074261,False
stop10_take25,2026-01-15,CNC,0.643,0.030825705095671507,2026-01-15,47.27,2026-01-27,41.53,stop,12,100.0,87.857,-12.143,-0.12143,False,100.4695,0.4695,0.004695,-0.126125,False
stop10_take25,2026-01-15,GS,0.748,0.03079086959876176,2026-01-15,966.4916,2026-02-27,851.3181,stop,43,100.0,88.0833,-11.9167,-0.119167,False,99.0971,-0.9029,-0.009029,-0.110138,False
stop10_take25,2026-01-15,BMY,0.722,0.030129828379739543,2026-01-15,56.0421,2026-06-12,57.13,open,148,100.0,101.9411,1.9411,0.019411,True,107.4448,7.4448,0.074448,-0.055036,False
stop10_take25,2026-01-15,DY,0.667,0.027113827655952827,2026-01-15,365.65,2026-03-30,324.73,stop,74,100.0,88.809,-11.191,-0.11191,False,91.5428,-8.4572,-0.084572,-0.027338,False
stop10_take25,2026-01-15,C,0.698,0.022122469354102225,2026-01-15,116.3008,2026-06-12,139.83,open,148,100.0,120.2314,20.2314,0.202314,True,107.4448,7.4448,0.074448,0.127866,True
stop10_take25,2026-01-15,DOV,0.686,0.021146833831949374,2026-01-15,204.8861,2026-06-12,217.43,open,148,100.0,106.1224,6.1224,0.061224,True,107.4448,7.4448,0.074448,-0.013224,False
stop10_take25,2026-01-15,PUK,0.739,0.01995139177227845,2026-01-15,31.4633,2026-03-13,28.2657,stop,57,100.0,89.8369,-10.1631,-0.101631,False,95.6735,-4.3265,-0.043265,-0.058366,False
stop10_take25,2026-01-15,TSM,0.64,0.017887244268596447,2026-01-15,339.8841,2026-06-01,434.6122,take,137,100.0,127.8707,27.8707,0.278707,False,109.8769,9.8769,0.098769,0.179939,True
stop10_take25,2026-01-15,PRU,0.736,0.01777338322649835,2026-01-15,113.3272,2026-02-04,99.4473,stop,20,100.0,87.7523,-12.2477,-0.122477,False,99.126,-0.874,-0.00874,-0.113737,False
stop10_take25,2026-01-15,DRI,0.652,0.016883595240862803,2026-01-15,212.6926,2026-03-27,191.0194,stop,71,100.0,89.8101,-10.1899,-0.101899,False,91.8499,-8.1501,-0.081501,-0.020398,False
stop10_take25,2026-01-15,ACN,0.641,0.01649994310430447,2026-01-15,285.3501,2026-02-03,239.1817,stop,19,100.0,83.8204,-16.1796,-0.161796,False,99.6085,-0.3915,-0.003915,-0.157881,False
stop10_take25,2026-01-15,DVN,0.607,0.01525786063257284,2026-01-15,36.1313,2026-03-12,45.95,take,56,100.0,127.1751,27.1751,0.271751,False,96.2181,-3.7819,-0.037819,0.30957,True
stop10_take25,2026-01-15,BA,0.604,0.015204637769681728,2026-01-15,247.74,2026-03-05,222.06,stop,49,100.0,89.6343,-10.3657,-0.103657,False,98.4211,-1.5789,-0.015789,-0.087868,False
stop10_take25,2026-01-15,DE,0.622,0.013910627533078035,2026-01-15,513.538,2026-02-19,660.0694,take,35,100.0,128.5337,28.5337,0.285337,False,98.879,-1.121,-0.01121,0.296547,True
stop10_take25,2026-01-15,CVX,0.608,0.01061473002867519,2026-01-15,163.0569,2026-03-24,204.9132,take,68,100.0,125.6698,25.6698,0.256698,False,94.6151,-5.3849,-0.053849,0.310546,True
stop10_take25,2026-01-15,GLOB,0.565,0.010529960645238035,2026-01-15,67.48,2026-02-03,58.09,stop,19,100.0,86.0848,-13.9152,-0.139152,False,99.6085,-0.3915,-0.003915,-0.135238,False
stop10_take25,2026-01-15,DHR,0.629,0.010237461665582037,2026-01-15,239.3797,2026-02-05,215.2911,stop,21,100.0,89.9371,-10.0629,-0.100629,False,97.888,-2.112,-0.02112,-0.07951,False
stop10_take25,2026-01-15,XLV,0.67,0.010071041931917657,2026-01-15,156.3174,2026-06-12,153.81,open,148,100.0,98.396,-1.604,-0.01604,True,107.4448,7.4448,0.074448,-0.090488,False
stop10_take25,2026-01-15,CSCO,0.595,0.008131598839709264,2026-01-15,74.8444,2026-05-05,94.3,take,110,100.0,125.9947,25.9947,0.259947,False,104.8403,4.8403,0.048403,0.211543,True
stop10_take25,2026-01-15,XLP,0.607,0.005705955768826154,2026-01-15,81.909,2026-06-12,85.82,open,148,100.0,104.7749,4.7749,0.047749,True,107.4448,7.4448,0.074448,-0.026699,False
stop10_take25,2026-01-15,JPM,0.558,0.005349863138754518,2026-01-15,307.6854,2026-06-12,320.72,open,148,100.0,104.2364,4.2364,0.042364,True,107.4448,7.4448,0.074448,-0.032084,False
stop10_take25,2026-01-15,CF,0.547,0.005186351560295899,2026-01-15,85.7899,2026-03-05,110.3296,take,49,100.0,128.6044,28.6044,0.286044,False,98.4211,-1.5789,-0.015789,0.301833,True
stop10_take25,2026-01-15,MMM,0.553,0.0038065619159644015,2026-01-15,169.4593,2026-01-30,151.6913,stop,15,100.0,89.5149,-10.4851,-0.104851,False,99.961,-0.039,-0.00039,-0.104461,False
stop10_take25,2026-01-15,WM,0.545,0.0033152346543994238,2026-01-15,218.0443,2026-06-12,219.45,open,148,100.0,100.6447,0.6447,0.006447,True,107.4448,7.4448,0.074448,-0.068001,False
stop10_take25,2026-02-01,XOM,0.768,0.026895450873499982,2026-02-02,136.5567,2026-06-12,147.01,open,130,100.0,107.6549,7.6549,0.076549,True,106.955,6.955,0.06955,0.006999,True
stop10_take25,2026-02-01,GOOGL,0.698,0.023655762915464784,2026-02-02,343.2432,2026-02-12,308.5983,stop,10,100.0,89.9066,-10.0934,-0.100934,False,97.9667,-2.0333,-0.020333,-0.080601,False
stop10_take25,2026-02-01,SWK,0.641,0.020869873371719416,2026-02-02,77.4534,2026-03-13,69.4081,stop,39,100.0,89.6128,-10.3872,-0.103872,False,95.2373,-4.7627,-0.047627,-0.056246,False
stop10_take25,2026-02-01,WMT,0.695,0.018627466313953178,2026-02-02,123.5701,2026-06-12,121.04,open,130,100.0,97.9525,-2.0475,-0.020475,True,106.955,6.955,0.06955,-0.090025,False
stop10_take25,2026-02-01,HON,0.697,0.01840010449909313,2026-02-02,225.1982,2026-06-12,220.31,open,130,100.0,97.8294,-2.1706,-0.021706,True,106.955,6.955,0.06955,-0.091256,False
stop10_take25,2026-02-01,UPS,0.67,0.01770643565188945,2026-02-02,106.9505,2026-03-13,95.5985,stop,39,100.0,89.3857,-10.6143,-0.106143,False,95.2373,-4.7627,-0.047627,-0.058516,False
stop10_take25,2026-02-01,LLY,0.633,0.01607878281450903,2026-02-02,1040.599,2026-03-17,928.7512,stop,43,100.0,89.2516,-10.7484,-0.107484,False,96.4596,-3.5404,-0.035404,-0.07208,False
stop10_take25,2026-02-01,FMAO,0.599,0.013710352159686856,2026-02-02,27.4446,2026-03-12,24.5802,stop,38,100.0,89.563,-10.437,-0.10437,False,95.7795,-4.2205,-0.042205,-0.062164,False
stop10_take25,2026-02-01,T,0.611,0.009840774341263403,2026-02-02,26.0276,2026-06-04,22.77,stop,122,100.0,87.4841,-12.5159,-0.125159,False,109.1669,9.1669,0.091669,-0.216828,False
stop10_take25,2026-02-01,AB,0.591,0.009621310156236351,2026-02-02,40.0429,2026-03-24,35.788,stop,50,100.0,89.374,-10.626,-0.10626,False,94.1838,-5.8162,-0.058162,-0.048098,False
stop10_take25,2026-02-01,EOG,0.591,0.008690715112313008,2026-02-02,107.5748,2026-03-17,134.6743,take,43,100.0,125.1914,25.1914,0.251914,False,96.4596,-3.5404,-0.035404,0.287318,True
stop10_take25,2026-02-01,WPC,0.622,0.008621028664059338,2026-02-02,67.4337,2026-06-12,76.71,open,130,100.0,113.7562,13.7562,0.137562,True,106.955,6.955,0.06955,0.068012,True
stop10_take25,2026-02-01,PG,0.563,0.004660474033558737,2026-02-02,152.0451,2026-06-12,149.61,open,130,100.0,98.3984,-1.6016,-0.016016,True,106.955,6.955,0.06955,-0.085566,False
stop10_take25,2026-02-01,IBM,0.529,0.0028134367203185295,2026-02-02,310.6593,2026-02-11,270.8168,stop,9,100.0,87.1749,-12.8251,-0.128251,False,99.5039,-0.4961,-0.004961,-0.12329,False
stop10_take25,2026-02-01,PEG,0.531,0.0019245449253115776,2026-02-02,78.9831,2026-06-12,79.7,open,130,100.0,100.9077,0.9077,0.009077,True,106.955,6.955,0.06955,-0.060473,False
stop10_take25,2026-02-15,MCHP,0.737,0.052470292748030056,2026-02-17,78.086,2026-03-04,69.5509,stop,15,100.0,89.0696,-10.9304,-0.109304,False,100.3339,0.3339,0.003339,-0.112643,False
stop10_take25,2026-02-15,AMKR,0.652,0.04844861404706413,2026-02-17,46.6979,2026-03-06,41.4837,stop,17,100.0,88.8343,-11.1657,-0.111657,False,98.4667,-1.5333,-0.015333,-0.096324,False
stop10_take25,2026-02-15,BNPQY,0.835,0.03805293164442869,2026-02-17,53.5223,2026-03-12,47.9114,stop,23,100.0,89.5167,-10.4833,-0.104833,False,97.5412,-2.4588,-0.024588,-0.080245,False
stop10_take25,2026-02-15,MPWR,0.703,0.037079454311589766,2026-02-17,1170.8392,2026-03-06,1021.1184,stop,17,100.0,87.2125,-12.7875,-0.127875,False,98.4667,-1.5333,-0.015333,-0.112542,False
stop10_take25,2026-02-15,LRN,0.702,0.03242458632865586,2026-02-17,83.78,2026-06-12,97.71,open,115,100.0,116.6269,16.6269,0.166269,True,108.9223,8.9223,0.089223,0.077046,True
stop10_take25,2026-02-15,IFF,0.719,0.028192771647188808,2026-02-17,82.2542,2026-03-06,73.3369,stop,17,100.0,89.1588,-10.8412,-0.108412,False,98.4667,-1.5333,-0.015333,-0.093079,False
stop10_take25,2026-02-15,JNJ,0.815,0.024574184813608735,2026-02-17,240.6592,2026-06-12,240.87,open,115,100.0,100.0876,0.0876,0.000876,True,108.9223,8.9223,0.089223,-0.088347,False
stop10_take25,2026-02-15,VSEC,0.611,0.024190731819262012,2026-02-17,213.244,2026-03-17,191.5238,stop,28,100.0,89.8144,-10.1856,-0.101856,False,98.2339,-1.7661,-0.017661,-0.084195,False
stop10_take25,2026-02-15,AME,0.777,0.023237630674112886,2026-02-17,232.9601,2026-03-20,209.37,stop,31,100.0,89.8737,-10.1263,-0.101263,False,95.2393,-4.7607,-0.047607,-0.053655,False
stop10_take25,2026-02-15,APG,0.686,0.0218446109536079,2026-02-17,44.43,2026-03-13,39.92,stop,24,100.0,89.8492,-10.1508,-0.101508,False,96.9891,-3.0109,-0.030109,-0.071399,False
stop10_take25,2026-02-15,GPC,0.683,0.019389738644943533,2026-02-17,123.2558,2026-03-09,110.6346,stop,20,100.0,89.7602,-10.2398,-0.102398,False,99.3293,-0.6707,-0.006707,-0.095691,False
stop10_take25,2026-02-15,GGFPX,0.813,0.018751127554431868,2026-02-17,19.98,2026-03-20,17.87,stop,31,100.0,89.4394,-10.5606,-0.105606,False,95.2393,-4.7607,-0.047607,-0.057998,False
stop10_take25,2026-02-15,BDX,0.667,0.01873817770683739,2026-02-17,175.0205,2026-03-18,156.9734,stop,29,100.0,89.6886,-10.3114,-0.103114,False,96.8632,-3.1368,-0.031368,-0.071746,False
stop10_take25,2026-02-15,FCFS,0.667,0.018692253249575685,2026-02-17,183.1413,2026-05-11,232.5699,take,83,100.0,126.9893,26.9893,0.269893,False,108.5625,8.5625,0.085625,0.184268,True
stop10_take25,2026-02-15,CRS,0.602,0.018353571852208317,2026-02-17,374.705,2026-05-29,468.98,take,101,100.0,125.1598,25.1598,0.251598,False,111.0853,11.0853,0.110853,0.140745,True
stop10_take25,2026-02-15,ETN,0.619,0.016440333053757916,2026-02-17,389.1975,2026-03-06,345.7136,stop,17,100.0,88.8273,-11.1727,-0.111727,False,98.4667,-1.5333,-0.015333,-0.096394,False
stop10_take25,2026-02-15,COST,0.671,0.015739388199377036,2026-02-17,1010.5836,2026-06-12,982.35,open,115,100.0,97.2062,-2.7938,-0.027938,True,108.9223,8.9223,0.089223,-0.117161,False
stop10_take25,2026-02-15,C,0.611,0.014678054409518415,2026-02-17,113.2443,2026-06-12,139.83,open,115,100.0,123.4764,23.4764,0.234764,True,108.9223,8.9223,0.089223,0.145541,True
stop10_take25,2026-02-15,BNS,0.678,0.013358119928098988,2026-02-17,76.22,2026-03-20,68.14,stop,31,100.0,89.3991,-10.6009,-0.106009,False,95.2393,-4.7607,-0.047607,-0.058402,False
stop10_take25,2026-02-15,PG,0.638,0.011176325815261512,2026-02-17,158.3576,2026-03-24,142.0901,stop,35,100.0,89.7274,-10.2726,-0.102726,False,95.9162,-4.0838,-0.040838,-0.061889,False
stop10_take25,2026-02-15,CME,0.635,0.010471524828660428,2026-02-17,294.6227,2026-06-01,256.4305,stop,104,100.0,87.0369,-12.9631,-0.129631,False,111.3878,11.3878,0.113878,-0.243509,False
stop10_take25,2026-02-15,AMGN,0.578,0.009848330455648702,2026-02-17,370.5617,2026-05-01,327.3481,stop,73,100.0,88.3383,-11.6617,-0.116617,False,105.8239,5.8239,0.058239,-0.174855,False
stop10_take25,2026-02-15,MCK,0.563,0.009183041733393793,2026-02-17,944.6395,2026-04-21,841.3198,stop,63,100.0,89.0625,-10.9375,-0.109375,False,103.3906,3.3906,0.033906,-0.143281,False
stop10_take25,2026-02-15,BAX,0.547,0.00873343085135092,2026-02-17,20.719,2026-03-05,18.5903,stop,16,100.0,89.7258,-10.2742,-0.102742,False,99.7745,-0.2255,-0.002255,-0.100486,False
stop10_take25,2026-02-15,GOOGL,0.583,0.008711767214752975,2026-02-17,301.6273,2026-04-30,384.5703,take,72,100.0,127.4985,27.4985,0.274985,False,105.5316,5.5316,0.055316,0.219669,True
stop10_take25,2026-02-15,MS,0.577,0.00871018890922226,2026-02-17,170.6231,2026-03-12,153.5448,stop,23,100.0,89.9907,-10.0093,-0.100093,False,97.5412,-2.4588,-0.024588,-0.075505,False
stop10_take25,2026-02-15,AMP,0.573,0.008187406871713598,2026-02-17,467.0742,2026-06-12,459.13,open,115,100.0,98.2992,-1.7008,-0.017008,True,108.9223,8.9223,0.089223,-0.106231,False
stop10_take25,2026-02-15,AEE,0.615,0.007759143917778433,2026-02-17,109.0257,2026-06-12,109.0,open,115,100.0,99.9764,-0.0236,-0.000236,True,108.9223,8.9223,0.089223,-0.089458,False
stop10_take25,2026-02-15,META,0.558,0.007731692495405396,2026-02-17,638.7431,2026-03-26,547.54,stop,37,100.0,85.7215,-14.2785,-0.142785,False,94.7282,-5.2718,-0.052718,-0.090068,False
stop10_take25,2026-02-15,AEP,0.604,0.0071701004190225515,2026-02-17,129.301,2026-06-12,129.23,open,115,100.0,99.9451,-0.0549,-0.000549,True,108.9223,8.9223,0.089223,-0.089772,False
stop10_take25,2026-02-15,RSG,0.591,0.005573465868895955,2026-02-17,220.5635,2026-05-11,197.73,stop,83,100.0,89.6477,-10.3523,-0.103523,False,108.5625,8.5625,0.085625,-0.189148,False
stop10_take25,2026-02-15,OTIS,0.551,0.0035653407260500813,2026-02-17,91.8833,2026-03-12,82.1324,stop,23,100.0,89.3877,-10.6123,-0.106123,False,97.5412,-2.4588,-0.024588,-0.081535,False
stop10_take25,2026-02-15,GIS,0.537,0.0032830943301909166,2026-02-17,44.2137,2026-03-12,38.746,stop,23,100.0,87.6335,-12.3665,-0.123665,False,97.5412,-2.4588,-0.024588,-0.099077,False
stop10_take25,2026-02-15,XEL,0.53,0.0019512271273744997,2026-02-17,80.1575,2026-06-12,79.22,open,115,100.0,98.8304,-1.1696,-0.011696,True,108.9223,8.9223,0.089223,-0.100919,False
stop10_take25,2026-02-15,JPM,0.519,0.0017192259503580054,2026-02-17,305.5662,2026-06-12,320.72,open,115,100.0,104.9593,4.9593,0.049593,True,108.9223,8.9223,0.089223,-0.03963,False
stop10_take25,2026-02-15,FCN,0.505,0.0007631821381117732,2026-02-17,160.23,2026-05-15,143.76,stop,87,100.0,89.721,-10.279,-0.10279,False,108.5434,8.5434,0.085434,-0.188224,False
stop10_take25,2026-02-15,NVDA,0.504,0.0005425555635849566,2026-02-17,184.7447,2026-03-30,164.9777,stop,41,100.0,89.3004,-10.6996,-0.106996,False,92.8016,-7.1984,-0.071984,-0.035012,False
stop10_take25,2026-03-01,MU,0.703,0.06241040698476197,2026-03-02,412.4967,2026-03-06,370.1445,stop,4,100.0,89.7327,-10.2673,-0.102673,False,97.9603,-2.0397,-0.020397,-0.082276,False
stop10_take25,2026-03-01,AEIS,0.751,0.05507254865808253,2026-03-02,340.3149,2026-03-06,290.6902,stop,4,100.0,85.418,-14.582,-0.14582,False,97.9603,-2.0397,-0.020397,-0.125423,False
stop10_take25,2026-03-01,WPM,0.703,0.048680095954026115,2026-03-02,165.2111,2026-03-05,147.376,stop,3,100.0,89.2047,-10.7953,-0.107953,False,99.2613,-0.7387,-0.007387,-0.100567,False
stop10_take25,2026-03-01,LRCX,0.682,0.04527807643948378,2026-03-02,230.7236,2026-03-06,199.33,stop,4,100.0,86.3934,-13.6066,-0.136066,False,97.9603,-2.0397,-0.020397,-0.115669,False
stop10_take25,2026-03-01,GEV,0.676,0.04305250605534461,2026-03-02,880.6475,2026-03-06,788.7531,stop,4,100.0,89.5651,-10.4349,-0.104349,False,97.9603,-2.0397,-0.020397,-0.083952,False
stop10_take25,2026-03-01,FNV,0.691,0.037704063897752604,2026-03-02,276.8742,2026-03-18,242.8164,stop,16,100.0,87.6992,-12.3008,-0.123008,False,96.365,-3.635,-0.03635,-0.086658,False
stop10_take25,2026-03-01,BE,0.585,0.035762215783097684,2026-03-02,166.0,2026-03-06,135.19,stop,4,100.0,81.4398,-18.5602,-0.185602,False,97.9603,-2.0397,-0.020397,-0.165205,False
stop10_take25,2026-03-01,ASML,0.67,0.0315938067387147,2026-03-02,1420.4375,2026-03-30,1251.2271,stop,28,100.0,88.0874,-11.9126,-0.119126,False,92.3243,-7.6757,-0.076757,-0.042369,False
stop10_take25,2026-03-01,VSAT,0.599,0.03127816324714905,2026-03-02,47.24,2026-04-15,59.92,take,44,100.0,126.8417,26.8417,0.268417,False,102.2541,2.2541,0.022541,0.245876,True
stop10_take25,2026-03-01,CF,0.701,0.028192262094403064,2026-03-02,103.8759,2026-03-12,135.447,take,10,100.0,130.3931,30.3931,0.303931,False,97.0395,-2.9605,-0.029605,0.333536,True
stop10_take25,2026-03-01,CMCSA,0.717,0.025526532275422342,2026-03-02,30.4657,2026-04-29,26.76,stop,58,100.0,87.8364,-12.1636,-0.121636,False,103.9546,3.9546,0.039546,-0.161182,False
stop10_take25,2026-03-01,CP,0.705,0.02370031410425777,2026-03-02,89.2035,2026-03-18,79.7732,stop,16,100.0,89.4284,-10.5716,-0.105716,False,96.365,-3.635,-0.03635,-0.069366,False
stop10_take25,2026-03-01,AME,0.775,0.023495206249842804,2026-03-02,241.0773,2026-03-12,215.2283,stop,10,100.0,89.2777,-10.7223,-0.107223,False,97.0395,-2.9605,-0.029605,-0.077618,False
stop10_take25,2026-03-01,GILD,0.67,0.022665149427693043,2026-03-02,149.1828,2026-03-27,134.25,stop,25,100.0,89.9903,-10.0097,-0.100097,False,92.6341,-7.3659,-0.073659,-0.026438,False
stop10_take25,2026-03-01,GE,0.641,0.01992938990808968,2026-03-02,345.2371,2026-03-12,306.7,stop,10,100.0,88.8375,-11.1625,-0.111625,False,97.0395,-2.9605,-0.029605,-0.08202,False
stop10_take25,2026-03-01,CB,0.705,0.01766139938000566,2026-03-02,340.6882,2026-06-12,328.14,open,102,100.0,96.3168,-3.6832,-0.036832,True,108.3621,8.3621,0.083621,-0.120453,False
stop10_take25,2026-03-01,CME,0.697,0.017558981038457766,2026-03-02,317.1933,2026-04-21,282.933,stop,50,100.0,89.1989,-10.8011,-0.108011,False,102.8589,2.8589,0.028589,-0.1366,False
stop10_take25,2026-03-01,PG,0.701,0.017341542895583206,2026-03-02,162.288,2026-03-18,145.6135,stop,16,100.0,89.7254,-10.2746,-0.102746,False,96.365,-3.635,-0.03635,-0.066396,False
stop10_take25,2026-03-01,WMT,0.646,0.015735160121782554,2026-03-02,126.5981,2026-06-02,113.06,stop,92,100.0,89.3062,-10.6938,-0.106938,False,110.9654,10.9654,0.109654,-0.216592,False
stop10_take25,2026-03-01,SAN,0.603,0.013559717874000787,2026-03-02,11.8143,2026-03-20,10.4018,stop,18,100.0,88.0435,-11.9565,-0.119565,False,94.7494,-5.2506,-0.052506,-0.06706,False
stop10_take25,2026-03-01,COST,0.623,0.011247405916743336,2026-03-02,1001.3171,2026-06-12,982.35,open,102,100.0,98.1058,-1.8942,-0.018942,True,108.3621,8.3621,0.083621,-0.102563,False
stop10_take25,2026-03-01,RY,0.639,0.009693996475719224,2026-03-02,167.4729,2026-06-12,199.54,open,102,100.0,119.1477,19.1477,0.191477,True,108.3621,8.3621,0.083621,0.107856,True
stop10_take25,2026-03-01,C,0.558,0.007882317303774089,2026-03-02,110.9253,2026-06-12,139.83,take,102,100.0,126.0578,26.0578,0.260578,False,108.3621,8.3621,0.083621,0.176957,True
stop10_take25,2026-03-01,BIIB,0.553,0.006980523639081637,2026-03-02,188.05,2026-06-12,200.05,open,102,100.0,106.3813,6.3813,0.063813,True,108.3621,8.3621,0.083621,-0.019808,False
stop10_take25,2026-03-01,ICE,0.561,0.00671454228883861,2026-03-02,164.2494,2026-06-01,144.96,stop,91,100.0,88.256,-11.744,-0.11744,False,110.8149,10.8149,0.108149,-0.225589,False
stop10_take25,2026-03-01,SCHW,0.542,0.0042522121804315915,2026-03-02,95.1486,2026-05-27,85.61,stop,86,100.0,89.9751,-10.0249,-0.100249,False,109.6345,9.6345,0.096345,-0.196595,False
stop10_take25,2026-03-01,CSCO,0.531,0.0040819033567636165,2026-03-02,78.992,2026-05-12,99.29,take,71,100.0,125.6963,25.6963,0.256963,False,107.8405,7.8405,0.078405,0.178558,True
stop10_take25,2026-03-01,ANET,0.522,0.004068109760342109,2026-03-02,129.3,2026-03-30,116.13,stop,28,100.0,89.8144,-10.1856,-0.101856,False,92.3243,-7.6757,-0.076757,-0.0251,False
stop10_take25,2026-03-01,CATY,0.535,0.0034471149559875958,2026-03-02,49.8678,2026-06-12,60.98,open,102,100.0,122.2834,22.2834,0.222834,True,108.3621,8.3621,0.083621,0.139213,True
stop10_take25,2026-03-15,XOM,0.803,0.03804589572661854,2026-03-16,156.17,2026-06-12,147.01,open,88,100.0,94.1346,-5.8654,-0.058654,True,111.1722,11.1722,0.111722,-0.170377,False
stop10_take25,2026-03-15,CVX,0.818,0.03668982511207175,2026-03-16,195.0535,2026-06-12,187.22,open,88,100.0,95.9839,-4.0161,-0.040161,True,111.1722,11.1722,0.111722,-0.151883,False
stop10_take25,2026-03-15,EOG,0.763,0.03383622155626265,2026-03-16,133.4737,2026-06-12,136.65,open,88,100.0,102.3797,2.3797,0.023797,True,111.1722,11.1722,0.111722,-0.087925,False
stop10_take25,2026-03-15,LRN,0.686,0.02936477084138156,2026-03-16,82.97,2026-06-12,97.71,open,88,100.0,117.7655,17.7655,0.177655,True,111.1722,11.1722,0.111722,0.065932,True
stop10_take25,2026-03-15,LRCX,0.611,0.028668042649483194,2026-03-16,219.4,2026-05-05,275.8,take,50,100.0,125.7065,25.7065,0.257065,False,108.4774,8.4774,0.084774,0.17229,True
stop10_take25,2026-03-15,CLH,0.722,0.022345375861720473,2026-03-16,289.37,2026-06-12,287.78,open,88,100.0,99.4505,-0.5495,-0.005495,True,111.1722,11.1722,0.111722,-0.117217,False
stop10_take25,2026-03-15,TSM,0.62,0.01911648936619903,2026-03-16,338.4814,2026-05-28,423.8673,take,73,100.0,125.2262,25.2262,0.252262,False,113.0982,13.0982,0.130982,0.12128,True
stop10_take25,2026-03-15,MCK,0.607,0.017290331804341585,2026-03-16,942.2082,2026-04-21,841.3198,stop,36,100.0,89.2923,-10.7077,-0.107077,False,105.5263,5.5263,0.055263,-0.16234,False
stop10_take25,2026-03-15,VSEC,0.573,0.015290316229254586,2026-03-16,193.9927,2026-03-26,173.4919,stop,10,100.0,89.4322,-10.5678,-0.105678,False,96.685,-3.315,-0.03315,-0.072528,False
stop10_take25,2026-03-15,MPWR,0.563,0.010954135345922822,2026-03-16,1075.2502,2026-04-10,1353.85,take,25,100.0,125.9102,25.9102,0.259102,False,101.8363,1.8363,0.018363,0.240739,True
stop10_take25,2026-03-15,CHRW,0.54,0.00651124522702351,2026-03-16,169.8981,2026-06-12,193.74,open,88,100.0,114.033,14.033,0.14033,True,111.1722,11.1722,0.111722,0.028608,True
stop10_take25,2026-03-15,CM,0.539,0.002863956875920337,2026-03-16,96.7317,2026-06-12,113.46,open,88,100.0,117.2935,17.2935,0.172935,True,111.1722,11.1722,0.111722,0.061212,True
stop10_take25,2026-03-15,BK,0.526,0.00237370603909115,2026-03-16,114.9238,2026-06-04,144.02,take,80,100.0,125.3178,25.3178,0.253178,False,113.4714,13.4714,0.134714,0.118464,True
stop10_take25,2026-03-15,TAXI,0.655,0.0011599831889008705,2026-03-16,51.0712,2026-06-12,51.161,open,88,100.0,100.1758,0.1758,0.001758,True,111.1722,11.1722,0.111722,-0.109965,False
stop10_take25,2026-04-01,XOM,0.766,0.03492553739707405,2026-04-01,159.6961,2026-05-08,143.5954,stop,37,100.0,89.9179,-10.0821,-0.100821,False,112.5725,12.5725,0.125725,-0.226546,False
stop10_take25,2026-04-01,GEV,0.65,0.03060240378069623,2026-04-01,894.78,2026-04-22,1127.5601,take,21,100.0,126.0153,26.0153,0.260153,False,108.5419,8.5419,0.085419,0.174734,True
stop10_take25,2026-04-01,PFE,0.655,0.01589219361043903,2026-04-01,28.0864,2026-06-12,26.21,open,72,100.0,93.3192,-6.6808,-0.066808,True,113.2028,13.2028,0.132028,-0.198836,False
stop10_take25,2026-04-01,LIN,0.678,0.015131516683941637,2026-04-01,492.2733,2026-06-12,523.57,open,72,100.0,106.3576,6.3576,0.063576,True,113.2028,13.2028,0.132028,-0.068452,False
stop10_take25,2026-04-01,MRK,0.635,0.013387782833931938,2026-04-01,120.84,2026-06-12,119.05,open,72,100.0,98.5187,-1.4813,-0.014813,True,113.2028,13.2028,0.132028,-0.146841,False
stop10_take25,2026-04-01,CB,0.596,0.00720128604103798,2026-04-01,326.1424,2026-06-12,328.14,open,72,100.0,100.6125,0.6125,0.006125,True,113.2028,13.2028,0.132028,-0.125903,False
stop10_take25,2026-04-01,LRCX,0.524,0.005315064908312683,2026-04-01,222.01,2026-05-06,297.17,take,35,100.0,133.8543,33.8543,0.338543,False,111.9941,11.9941,0.119941,0.218603,True
stop10_take25,2026-04-01,CMI,0.501,0.0002393251882624181,2026-04-01,548.3677,2026-05-06,713.519,take,35,100.0,130.1169,30.1169,0.301169,False,111.9941,11.9941,0.119941,0.181228,True
stop10_take25,2026-04-15,FN,0.603,0.03521710213596174,2026-04-15,685.81,2026-06-09,586.0,stop,55,100.0,85.4464,-14.5536,-0.145536,False,105.3019,5.3019,0.053019,-0.198555,False
stop10_take25,2026-04-15,BP,0.744,0.03410182513076987,2026-04-15,45.5984,2026-06-12,42.78,open,58,100.0,93.8191,-6.1809,-0.061809,True,105.9734,5.9734,0.059734,-0.121543,False
stop10_take25,2026-04-15,AMAT,0.604,0.023629208962523407,2026-04-15,393.7705,2026-06-03,500.77,take,49,100.0,127.1731,27.1731,0.271731,False,107.7578,7.7578,0.077578,0.194153,True
stop10_take25,2026-04-15,NTIOF,0.71,0.022835561624853895,2026-04-15,146.13,2026-06-12,150.14,open,58,100.0,102.7441,2.7441,0.027441,True,105.9734,5.9734,0.059734,-0.032292,False
stop10_take25,2026-04-15,LIN,0.699,0.017231528440444954,2026-04-15,496.3704,2026-06-12,523.57,open,58,100.0,105.4797,5.4797,0.054797,True,105.9734,5.9734,0.059734,-0.004937,False
stop10_take25,2026-04-15,KLAC,0.573,0.016707238082562137,2026-04-15,174.5882,2026-06-11,241.164,take,57,100.0,138.1331,38.1331,0.381331,False,105.4033,5.4033,0.054033,0.327298,True
stop10_take25,2026-04-15,BWXT,0.574,0.015417393197066476,2026-04-15,238.1012,2026-04-29,207.8018,stop,14,100.0,87.2746,-12.7254,-0.127254,False,101.663,1.663,0.01663,-0.143884,False
stop10_take25,2026-04-15,CSCO,0.592,0.013797357072864003,2026-04-15,82.36,2026-05-14,115.53,take,29,100.0,140.2744,40.2744,0.402744,False,106.8906,6.8906,0.068906,0.333838,True
stop10_take25,2026-04-15,BMO,0.614,0.012741621115089696,2026-04-15,148.2849,2026-06-12,168.3,open,58,100.0,113.4977,13.4977,0.134977,True,105.9734,5.9734,0.059734,0.075244,True
stop10_take25,2026-04-15,MRK,0.604,0.00979164944517441,2026-04-15,117.9,2026-06-12,119.05,open,58,100.0,100.9754,0.9754,0.009754,True,105.9734,5.9734,0.059734,-0.04998,False
stop10_take25,2026-04-15,AMZN,0.563,0.008303766630499698,2026-04-15,248.5,2026-06-12,238.55,open,58,100.0,95.996,-4.004,-0.04004,True,105.9734,5.9734,0.059734,-0.099774,False
stop10_take25,2026-04-15,AIG,0.599,0.008225140059918035,2026-04-15,77.09,2026-06-12,75.74,open,58,100.0,98.2488,-1.7512,-0.017512,True,105.9734,5.9734,0.059734,-0.077246,False
stop10_take25,2026-04-15,KO,0.603,0.006779044199133111,2026-04-15,75.31,2026-06-12,82.62,open,58,100.0,109.7066,9.7066,0.097066,True,105.9734,5.9734,0.059734,0.037332,True
stop10_take25,2026-04-15,VOO,0.576,0.004397742302924668,2026-04-15,643.45,2026-06-12,681.95,open,58,100.0,105.9834,5.9834,0.059834,True,105.9734,5.9734,0.059734,0.0001,True
stop10_take25,2026-04-15,VTI,0.569,0.00412074894045511,2026-04-15,345.24,2026-06-12,366.36,open,58,100.0,106.1175,6.1175,0.061175,True,105.9734,5.9734,0.059734,0.001441,True
stop10_take25,2026-04-15,GSKPX,0.569,0.0039814879946986625,2026-04-15,29.16,2026-06-12,30.33,open,58,100.0,104.0123,4.0123,0.040123,True,105.9734,5.9734,0.059734,-0.01961,False
stop10_take25,2026-04-15,MIAX,0.529,0.003296843319774645,2026-04-15,44.22,2026-05-14,56.84,take,29,100.0,128.5391,28.5391,0.285391,False,106.8906,6.8906,0.068906,0.216485,True
stop10_take25,2026-04-15,MCD,0.539,0.0021952529293947087,2026-04-15,304.1969,2026-05-11,272.7502,stop,26,100.0,89.6624,-10.3376,-0.103376,False,105.6233,5.6233,0.056233,-0.15961,False
stop10_take25,2026-04-15,TFC,0.522,0.002157929077388765,2026-04-15,49.0716,2026-06-12,51.66,open,58,100.0,105.2748,5.2748,0.052748,True,105.9734,5.9734,0.059734,-0.006986,False
stop10_take25,2026-04-15,MCHP,0.511,0.0019577279061053776,2026-04-15,74.118,2026-05-01,93.4808,take,16,100.0,126.1243,26.1243,0.261243,False,102.9588,2.9588,0.029588,0.231655,True
stop10_take25,2026-04-15,TAXI,0.5,1.8940674895162601e-06,2026-04-15,50.9795,2026-06-12,51.161,open,58,100.0,100.356,0.356,0.00356,True,105.9734,5.9734,0.059734,-0.056173,False
stop10_take25,2026-05-01,GLW,0.617,0.03621862459714831,2026-05-01,158.0178,2026-05-11,207.0726,take,10,100.0,131.0439,31.0439,0.310439,False,102.5879,2.5879,0.025879,0.284559,True
stop10_take25,2026-05-01,AVGO,0.695,0.03609461198419606,2026-05-01,421.28,2026-06-10,372.1,stop,40,100.0,88.3261,-11.6739,-0.116739,False,100.6633,0.6633,0.006633,-0.123372,False
stop10_take25,2026-05-01,CEG,0.613,0.02465794499064211,2026-05-01,307.3325,2026-05-13,274.4636,stop,12,100.0,89.3051,-10.6949,-0.106949,False,103.0056,3.0056,0.030056,-0.137005,False
stop10_take25,2026-05-01,IBIT,0.618,0.023575204300949837,2026-05-01,44.47,2026-06-02,38.05,stop,32,100.0,85.5633,-14.4367,-0.144367,False,105.4007,5.4007,0.054007,-0.198374,False
stop10_take25,2026-05-01,VNOM,0.67,0.02141278216140985,2026-05-01,49.1983,2026-06-11,43.7,stop,41,100.0,88.8241,-11.1759,-0.111759,False,102.3742,2.3742,0.023742,-0.135501,False
stop10_take25,2026-05-01,DMLP,0.694,0.01755676541215334,2026-05-01,27.495,2026-06-12,26.71,open,42,100.0,97.1449,-2.8551,-0.028551,True,102.9279,2.9279,0.029279,-0.05783,False
stop10_take25,2026-05-01,CSCO,0.585,0.01299407576149747,2026-05-01,91.85,2026-05-14,115.53,take,13,100.0,125.7812,25.7812,0.257812,False,103.8188,3.8188,0.038188,0.219624,True
stop10_take25,2026-05-01,EPD,0.64,0.011496655905207431,2026-05-01,38.03,2026-06-12,37.25,open,42,100.0,97.949,-2.051,-0.02051,True,102.9279,2.9279,0.029279,-0.049789,False
stop10_take25,2026-05-01,C,0.576,0.010850752182865353,2026-05-01,126.84,2026-06-12,139.83,open,42,100.0,110.2412,10.2412,0.102412,True,102.9279,2.9279,0.029279,0.073133,True
stop10_take25,2026-05-01,FDX,0.592,0.009775482610038244,2026-05-01,317.22,2026-06-12,338.31,open,42,100.0,106.6484,6.6484,0.066484,True,102.9279,2.9279,0.029279,0.037205,True
stop10_take25,2026-05-01,IWF,0.611,0.00903498049278939,2026-05-01,120.05,2026-06-12,121.61,open,42,100.0,101.2995,1.2995,0.012995,True,102.9279,2.9279,0.029279,-0.016285,False
stop10_take25,2026-05-01,TOST,0.543,0.007371454307641301,2026-05-01,29.11,2026-05-08,25.05,stop,7,100.0,86.0529,-13.9471,-0.139471,False,102.3548,2.3548,0.023548,-0.163019,False
stop10_take25,2026-05-01,MSFT,0.558,0.006266768973713921,2026-05-01,413.5443,2026-06-12,390.74,open,42,100.0,94.4856,-5.5144,-0.055144,True,102.9279,2.9279,0.029279,-0.084423,False
stop10_take25,2026-05-01,IWD,0.611,0.005958274655136986,2026-05-01,230.86,2026-06-12,242.13,open,42,100.0,104.8817,4.8817,0.048817,True,102.9279,2.9279,0.029279,0.019538,True
stop10_take25,2026-05-01,ASML,0.535,0.005760938094678814,2026-05-01,1427.02,2026-06-11,1899.48,take,41,100.0,133.1082,33.1082,0.331082,False,102.3742,2.3742,0.023742,0.307339,True
stop10_take25,2026-05-01,GS,0.537,0.004547885135632201,2026-05-01,919.6569,2026-06-12,1062.75,open,42,100.0,115.5594,15.5594,0.155594,True,102.9279,2.9279,0.029279,0.126315,True
stop10_take25,2026-05-01,PTA,0.563,0.003300700110281829,2026-05-01,19.491,2026-06-12,19.21,open,42,100.0,98.5581,-1.4419,-0.014419,True,102.9279,2.9279,0.029279,-0.043698,False
stop10_take25,2026-05-01,UHAL,0.524,0.0026707444969220617,2026-05-01,51.6,2026-06-12,62.38,open,42,100.0,120.8915,20.8915,0.208915,True,102.9279,2.9279,0.029279,0.179636,True
stop10_take25,2026-05-01,DBEU,0.542,0.0026350784325825938,2026-05-01,50.64,2026-06-12,52.87,open,42,100.0,104.4036,4.4036,0.044036,True,102.9279,2.9279,0.029279,0.014757,True
stop10_take25,2026-05-01,AAPL,0.522,0.001901222976041561,2026-05-01,279.8821,2026-06-12,291.13,open,42,100.0,104.0188,4.0188,0.040188,True,102.9279,2.9279,0.029279,0.010909,True
stop10_take25,2026-05-01,FTSL,0.611,0.001662416355150187,2026-05-01,44.8852,2026-06-12,44.92,open,42,100.0,100.0775,0.0775,0.000775,True,102.9279,2.9279,0.029279,-0.028504,False
stop10_take25,2026-05-01,TJX,0.522,0.0015764281639014666,2026-05-01,156.318,2026-06-12,168.41,open,42,100.0,107.7355,7.7355,0.077355,True,102.9279,2.9279,0.029279,0.048076,True
stop10_take25,2026-05-01,SCIO,0.563,0.0006236032459800978,2026-05-01,20.5846,2026-06-12,20.68,open,42,100.0,100.4635,0.4635,0.004635,True,102.9279,2.9279,0.029279,-0.024644,False
stop10_take25,2026-05-01,FTCB,0.501,1.7963639638018947e-05,2026-05-01,20.8642,2026-06-12,20.88,open,42,100.0,100.0758,0.0758,0.000758,True,102.9279,2.9279,0.029279,-0.028521,False
stop10_take25,2026-05-15,INTC,0.757,0.10488240126651616,2026-05-15,108.77,2026-06-12,124.57,open,28,100.0,114.5261,14.5261,0.145261,True,100.349,0.349,0.00349,0.14177,True
stop10_take25,2026-05-15,MRVL,0.783,0.09507384983444234,2026-05-15,176.89,2026-06-02,290.79,take,18,100.0,164.3903,64.3903,0.643903,False,102.7599,2.7599,0.027599,0.616304,True
stop10_take25,2026-05-15,AMD,0.763,0.08809886640354714,2026-05-15,424.1,2026-06-03,542.52,take,19,100.0,127.9227,27.9227,0.279227,False,102.0388,2.0388,0.020388,0.258839,True
stop10_take25,2026-05-15,AESI,0.683,0.05431291739122801,2026-05-15,18.87,2026-05-29,16.69,stop,14,100.0,88.4473,-11.5527,-0.115527,False,102.3418,2.3418,0.023418,-0.138945,False
stop10_take25,2026-05-15,CSCO,0.777,0.048690032003987804,2026-05-15,118.21,2026-06-12,121.1,open,28,100.0,102.4448,2.4448,0.024448,True,100.349,0.349,0.00349,0.020958,True
stop10_take25,2026-05-15,KEYS,0.666,0.04102265868910093,2026-05-15,349.01,2026-06-12,350.67,open,28,100.0,100.4756,0.4756,0.004756,True,100.349,0.349,0.00349,0.001266,True
stop10_take25,2026-05-15,UNH,0.737,0.03748812196543483,2026-05-15,393.85,2026-06-12,408.52,open,28,100.0,103.7248,3.7248,0.037248,True,100.349,0.349,0.00349,0.033757,True
stop10_take25,2026-05-15,COIN,0.54,0.01051572315065763,2026-05-15,195.43,2026-05-27,173.78,stop,12,100.0,88.9219,-11.0781,-0.110781,False,101.5274,1.5274,0.015274,-0.126055,False
stop10_take25,2026-05-15,P,0.542,0.008685746944579131,2026-05-15,81.18,2026-05-28,73.04,stop,13,100.0,89.9729,-10.0271,-0.100271,False,102.0875,2.0875,0.020875,-0.121146,False
stop10_take25,2026-05-15,MSFT,0.565,0.007064089952703689,2026-05-15,421.0081,2026-06-12,390.74,open,28,100.0,92.8106,-7.1894,-0.071894,True,100.349,0.349,0.00349,-0.075385,False
stop10_take25,2026-05-15,GSKPX,0.567,0.0038729385661464555,2026-05-15,30.0,2026-06-12,30.33,open,28,100.0,101.1,1.1,0.011,True,100.349,0.349,0.00349,0.00751,True
stop10_take25,2026-05-15,INTU,0.511,0.0023913682357852295,2026-05-15,393.0,2026-05-21,307.07,stop,6,100.0,78.1349,-21.8651,-0.218651,False,100.4803,0.4803,0.004803,-0.223454,False
stop10_take25,2026-05-15,CELFX,0.936,0.002270348314550086,2026-05-15,10.86,2026-06-12,10.89,open,28,100.0,100.2762,0.2762,0.002762,True,100.349,0.349,0.00349,-0.000728,False
stop10_take25,2026-05-15,V,0.522,0.001981586205703545,2026-05-15,325.75,2026-06-12,322.39,open,28,100.0,98.9685,-1.0315,-0.010315,True,100.349,0.349,0.00349,-0.013805,False
stop10_take25,2026-05-15,NSIT,0.506,0.0019175601583640844,2026-05-15,88.9,2026-06-01,117.77,take,17,100.0,132.4747,32.4747,0.324747,False,102.6205,2.6205,0.026205,0.298542,True
stop10_take25,2026-05-15,ADP,0.505,0.0006936938298256479,2026-05-15,212.865,2026-06-12,226.21,open,28,100.0,106.2692,6.2692,0.062692,True,100.349,0.349,0.00349,0.059202,True
stop10_take25,2026-05-15,CARR,0.501,7.51463128476626e-05,2026-05-15,64.67,2026-06-12,69.91,open,28,100.0,108.1027,8.1027,0.081027,True,100.349,0.349,0.00349,0.077536,True
stop10_take25,2026-06-01,AMD,0.832,0.1177375889659602,2026-06-01,510.13,2026-06-10,452.4,stop,9,100.0,88.6833,-11.3167,-0.113167,False,95.635,-4.365,-0.04365,-0.069518,False
stop10_take25,2026-06-01,IFNNY,0.812,0.08687127296602792,2026-06-01,93.89,2026-06-12,92.3,open,11,100.0,98.3065,-1.6935,-0.016935,True,97.7865,-2.2135,-0.022135,0.0052,True
stop10_take25,2026-06-01,TXN,0.716,0.049561145078502955,2026-06-01,293.2,2026-06-12,301.12,open,11,100.0,102.7012,2.7012,0.027012,True,97.7865,-2.2135,-0.022135,0.049147,True
stop10_take25,2026-06-01,GS,0.726,0.029785735898509413,2026-06-01,1048.58,2026-06-12,1062.75,open,11,100.0,101.3514,1.3514,0.013514,True,97.7865,-2.2135,-0.022135,0.035648,True
stop10_take25,2026-06-01,AAPL,0.717,0.021055134333178405,2026-06-01,306.31,2026-06-12,291.13,open,11,100.0,95.0442,-4.9558,-0.049558,True,97.7865,-2.2135,-0.022135,-0.027423,False
stop10_take25,2026-06-01,IHG,0.655,0.019603243393615966,2026-06-01,155.01,2026-06-12,167.12,open,11,100.0,107.8124,7.8124,0.078124,True,97.7865,-2.2135,-0.022135,0.100259,True
stop10_take25,2026-06-01,CBZ,0.591,0.018760381823742067,2026-06-01,34.68,2026-06-12,35.26,open,11,100.0,101.6724,1.6724,0.016724,True,97.7865,-2.2135,-0.022135,0.038859,True
stop10_take25,2026-06-01,FCX,0.559,0.012447437317679944,2026-06-01,67.04,2026-06-12,68.41,open,11,100.0,102.0436,2.0436,0.020436,True,97.7865,-2.2135,-0.022135,0.04257,True
stop10_take25,2026-06-01,NTES,0.563,0.006500383215039651,2026-06-01,122.5468,2026-06-12,125.82,open,11,100.0,102.671,2.671,0.02671,True,97.7865,-2.2135,-0.022135,0.048844,True
stop10_take25,2026-06-01,SPG,0.577,0.0062111578216952346,2026-06-01,200.5004,2026-06-12,219.04,open,11,100.0,109.2467,9.2467,0.092467,True,97.7865,-2.2135,-0.022135,0.114601,True
stop10_take25,2026-06-01,JPM,0.546,0.0036065717105784323,2026-06-01,296.58,2026-06-12,320.72,open,11,100.0,108.1395,8.1395,0.081395,True,97.7865,-2.2135,-0.022135,0.103529,True
atr_k3,2025-10-01,OPEN,0.69,0.2293874565983436,2025-10-01,8.06,2025-10-21,6.96,atr_trail,20,100.0,86.3524,-13.6476,-0.136476,False,100.4249,0.4249,0.004249,-0.140725,False
atr_k3,2025-10-01,GOOGL,0.815,0.03962102293863001,2025-10-01,244.4218,2025-10-10,236.108,atr_trail,9,100.0,96.5986,-3.4014,-0.034014,False,97.6917,-2.3083,-0.023083,-0.010931,False
atr_k3,2025-10-01,AAPL,0.705,0.023013427768410644,2025-10-01,254.7293,2025-10-10,244.5781,atr_trail,9,100.0,96.0149,-3.9851,-0.039851,False,97.6917,-2.3083,-0.023083,-0.016768,False
atr_k3,2025-10-01,AVGO,0.63,0.021312589148331673,2025-10-01,332.0568,2025-10-10,323.3318,atr_trail,9,100.0,97.3724,-2.6276,-0.026276,False,97.6917,-2.3083,-0.023083,-0.003192,False
atr_k3,2025-10-01,ORCL,0.564,0.01911171614543239,2025-10-01,286.7472,2025-10-20,275.4871,atr_trail,19,100.0,96.0732,-3.9268,-0.039268,False,100.4264,0.4264,0.004264,-0.043532,False
atr_k3,2025-10-01,NVDA,0.64,0.01657848381301541,2025-10-01,187.0015,2025-10-22,180.0504,atr_trail,21,100.0,96.2828,-3.7172,-0.037172,False,99.9028,-0.0972,-0.000972,-0.036199,False
atr_k3,2025-10-01,UNH,0.59,0.01613386457493915,2025-10-01,343.3049,2025-10-30,339.8058,atr_trail,29,100.0,98.9808,-1.0192,-0.010192,False,101.7025,1.7025,0.017025,-0.027217,False
atr_k3,2025-10-01,QCOM,0.558,0.005837998218980012,2025-10-01,163.9813,2025-10-10,151.2756,atr_trail,9,100.0,92.2518,-7.7482,-0.077482,False,97.6917,-2.3083,-0.023083,-0.054399,False
atr_k3,2025-10-01,MCD,0.571,0.0038929745373337266,2025-10-01,295.0667,2025-10-31,293.0146,atr_trail,30,100.0,99.3045,-0.6955,-0.006955,False,102.036,2.036,0.02036,-0.027315,False
atr_k3,2025-10-15,APP,0.701,0.05842853859795616,2025-10-15,602.3,2025-11-13,556.15,atr_trail,29,100.0,92.3377,-7.6623,-0.076623,False,101.0328,1.0328,0.010328,-0.086951,False
atr_k3,2025-10-15,GOOGL,0.764,0.0334579677821798,2025-10-15,250.5398,2025-12-17,296.3343,atr_trail,63,100.0,118.2783,18.2783,0.182783,False,100.9366,0.9366,0.009366,0.173417,True
atr_k3,2025-10-15,UNH,0.628,0.024777015049093132,2025-10-15,355.9706,2025-10-30,339.8058,atr_trail,15,100.0,95.459,-4.541,-0.04541,False,102.204,2.204,0.02204,-0.06745,False
atr_k3,2025-10-15,AVGO,0.629,0.024640450287666038,2025-10-15,349.925,2025-11-07,348.0326,atr_trail,23,100.0,99.4592,-0.5408,-0.005408,False,100.872,0.872,0.00872,-0.014128,False
atr_k3,2025-10-15,ORCL,0.573,0.02183245555792146,2025-10-15,301.7656,2025-10-20,275.4871,atr_trail,5,100.0,91.2917,-8.7083,-0.087083,False,100.9216,0.9216,0.009216,-0.096298,False
atr_k3,2025-10-15,AAPL,0.662,0.01831919500630419,2025-10-15,248.6366,2025-11-20,265.7563,atr_trail,36,100.0,106.8854,6.8854,0.068854,False,98.0997,-1.9003,-0.019003,0.087857,True
atr_k3,2025-10-15,BNS,0.7,0.015341549964374757,2025-10-15,64.51,2026-01-06,72.22,atr_trail,83,100.0,111.9516,11.9516,0.119516,False,104.3123,4.3123,0.043123,0.076393,True
atr_k3,2025-10-15,BMO,0.705,0.014683117560095438,2025-10-15,127.226,2025-10-30,122.673,atr_trail,15,100.0,96.4213,-3.5787,-0.035787,False,102.204,2.204,0.02204,-0.057826,False
atr_k3,2025-10-15,RY,0.682,0.011911176685284408,2025-10-15,145.7814,2026-01-20,166.3009,atr_trail,97,100.0,114.0755,14.0755,0.140755,False,102.1667,2.1667,0.021667,0.119088,True
atr_k3,2025-10-15,NVDA,0.553,0.0059242896379094745,2025-10-15,179.6009,2025-11-06,187.8404,atr_trail,22,100.0,104.5877,4.5877,0.045877,False,100.7727,0.7727,0.007727,0.038149,True
atr_k3,2025-10-15,VTEB,0.868,0.005454044279670889,2025-10-15,49.2284,2026-04-15,49.9808,time,182,100.0,101.5283,1.5283,0.015283,False,105.8264,5.8264,0.058264,-0.042981,False
atr_k3,2025-10-15,PANW,0.537,0.004117751213195353,2025-10-15,206.7,2025-11-07,212.29,atr_trail,23,100.0,102.7044,2.7044,0.027044,False,100.872,0.872,0.00872,0.018324,True
atr_k3,2025-10-15,MCD,0.566,0.003697736306313537,2025-10-15,299.7109,2025-10-31,293.0146,atr_trail,16,100.0,97.7658,-2.2342,-0.022342,False,102.5392,2.5392,0.025392,-0.047734,False
atr_k3,2025-10-15,TAXI,0.863,0.0034427910684382557,2025-10-15,50.0788,2026-04-15,50.9795,time,182,100.0,101.7985,1.7985,0.017985,False,105.8264,5.8264,0.058264,-0.040279,False
atr_k3,2025-10-15,NFLX,0.535,0.002749620721958168,2025-10-15,120.329,2025-10-22,111.637,atr_trail,7,100.0,92.7765,-7.2235,-0.072235,False,100.3954,0.3954,0.003954,-0.076189,False
atr_k3,2025-10-15,QCOM,0.522,0.0026281224125908054,2025-10-15,160.5143,2025-11-17,164.2373,atr_trail,33,100.0,102.3195,2.3195,0.023195,False,100.0752,0.0752,0.000752,0.022443,True
atr_k3,2025-10-15,NDAQ,0.53,0.002238266349144924,2025-10-15,88.7516,2025-10-29,84.5923,atr_trail,14,100.0,95.3135,-4.6865,-0.046865,False,103.3405,3.3405,0.033405,-0.08027,False
atr_k3,2025-10-15,ARTFX,0.683,0.001968274562438088,2025-10-15,8.8297,2026-04-15,8.9549,time,182,100.0,101.4183,1.4183,0.014183,False,105.8264,5.8264,0.058264,-0.044081,False
atr_k3,2025-10-15,ALLY,0.515,0.0016171899950139235,2025-10-15,38.8523,2025-11-13,38.6687,atr_trail,29,100.0,99.5274,-0.4726,-0.004726,False,101.0328,1.0328,0.010328,-0.015054,False
atr_k3,2025-10-15,FFRHX,0.624,0.0013426506546234673,2025-10-15,8.7488,2026-04-15,8.8926,time,182,100.0,101.6441,1.6441,0.016441,False,105.8264,5.8264,0.058264,-0.041823,False
atr_k3,2025-10-15,PRI,0.505,0.0006300259955809295,2025-10-15,264.396,2025-11-05,251.9966,atr_trail,21,100.0,95.3103,-4.6897,-0.046897,False,101.8657,1.8657,0.018657,-0.065554,False
atr_k3,2025-10-15,META,0.502,0.00040808863388885896,2025-10-15,716.3519,2025-10-30,665.3572,atr_trail,15,100.0,92.8813,-7.1187,-0.071187,False,102.204,2.204,0.02204,-0.093226,False
atr_k3,2025-11-01,IREN,0.78,0.1397974723454134,2025-11-03,67.75,2025-11-11,57.38,atr_trail,8,100.0,84.6937,-15.3063,-0.153063,False,99.9502,-0.0498,-0.000498,-0.152565,False
atr_k3,2025-11-01,RGTI,0.719,0.11766122432550219,2025-11-03,39.12,2025-11-12,28.3,atr_trail,9,100.0,72.3415,-27.6585,-0.276585,False,100.0059,0.0059,5.9e-05,-0.276643,False
atr_k3,2025-11-01,STX,0.731,0.06257412777287108,2025-11-03,264.3939,2025-11-21,236.4561,atr_trail,18,100.0,89.4333,-10.5667,-0.105667,False,96.4425,-3.5575,-0.035575,-0.070092,False
atr_k3,2025-11-01,ASML,0.788,0.04626850619545708,2025-11-03,1063.0927,2025-11-14,1003.4618,atr_trail,11,100.0,94.3908,-5.6092,-0.056092,False,98.3303,-1.6697,-0.016697,-0.039394,False
atr_k3,2025-11-01,GOOGL,0.797,0.040357928383258024,2025-11-03,283.1659,2025-12-17,296.3343,atr_trail,44,100.0,104.6504,4.6504,0.046504,False,98.2527,-1.7473,-0.017473,0.063977,True
atr_k3,2025-11-01,PANW,0.806,0.03340558497171364,2025-11-03,219.23,2025-11-13,204.77,atr_trail,10,100.0,93.4042,-6.5958,-0.065958,False,98.3464,-1.6536,-0.016536,-0.049422,False
atr_k3,2025-11-01,CAH,0.635,0.022630401263354694,2025-11-03,189.2881,2025-12-02,204.1251,atr_trail,29,100.0,107.8383,7.8383,0.078383,False,99.7351,-0.2649,-0.002649,0.081032,True
atr_k3,2025-11-01,AAPL,0.697,0.019917442446432787,2025-11-03,268.291,2025-11-20,265.7563,atr_trail,17,100.0,99.0552,-0.9448,-0.009448,False,95.4913,-4.5087,-0.045087,0.03564,True
atr_k3,2025-11-01,AMZN,0.582,0.010690847945075577,2025-11-03,254.0,2025-11-18,222.55,atr_trail,15,100.0,87.6181,-12.3819,-0.123819,False,96.5961,-3.4039,-0.034039,-0.08978,False
atr_k3,2025-11-01,DT,0.596,0.010574735764151244,2025-11-03,50.48,2025-11-06,46.06,atr_trail,3,100.0,91.2441,-8.7559,-0.087559,False,98.0932,-1.9068,-0.019068,-0.068491,False
atr_k3,2025-11-01,NTES,0.578,0.010359263230304894,2025-11-03,138.321,2025-11-19,130.7923,atr_trail,16,100.0,94.5571,-5.4429,-0.054429,False,96.9693,-3.0307,-0.030307,-0.024122,False
atr_k3,2025-11-01,BHP,0.598,0.009136258231976058,2025-11-03,55.0656,2025-11-18,52.6727,atr_trail,15,100.0,95.6545,-4.3455,-0.043455,False,96.5961,-3.4039,-0.034039,-0.009416,False
atr_k3,2025-11-01,IT,0.563,0.009057717868606208,2025-11-03,245.92,2025-11-18,226.32,atr_trail,15,100.0,92.0299,-7.9701,-0.079701,False,96.5961,-3.4039,-0.034039,-0.045662,False
atr_k3,2025-11-01,IVV,0.686,0.008663993936173453,2025-11-03,682.4503,2025-11-18,659.3538,atr_trail,15,100.0,96.6157,-3.3843,-0.033843,False,96.5961,-3.4039,-0.034039,0.000195,True
atr_k3,2025-11-01,PLTR,0.546,0.007237454716573666,2025-11-03,207.18,2025-11-05,187.9,atr_trail,2,100.0,90.6941,-9.3059,-0.093059,False,99.1571,-0.8429,-0.008429,-0.08463,False
atr_k3,2025-11-01,NVS,0.596,0.007045106145806557,2025-11-03,120.2015,2025-11-20,120.6867,atr_trail,17,100.0,100.4037,0.4037,0.004037,False,95.4913,-4.5087,-0.045087,0.049124,True
atr_k3,2025-11-01,AMGN,0.56,0.00517310223722367,2025-11-03,289.9872,2025-12-08,316.6285,atr_trail,35,100.0,109.187,9.187,0.09187,False,100.0424,0.0424,0.000424,0.091446,True
atr_k3,2025-11-01,SMR,0.509,0.0043885149721552,2025-11-03,40.83,2025-11-10,28.43,atr_trail,7,100.0,69.6302,-30.3698,-0.303698,False,99.7219,-0.2781,-0.002781,-0.300918,False
atr_k3,2025-11-01,HUM,0.523,0.0039805795449141534,2025-11-03,277.5548,2025-11-06,248.9882,atr_trail,3,100.0,89.7078,-10.2922,-0.102922,False,98.0932,-1.9068,-0.019068,-0.083854,False
atr_k3,2025-11-01,CVX,0.553,0.003563084820371376,2025-11-03,149.4936,2025-11-24,146.9533,atr_trail,21,100.0,98.3008,-1.6992,-0.016992,False,97.862,-2.138,-0.02138,0.004388,True
atr_k3,2025-11-01,WTRG,0.528,0.001954128108640152,2025-11-03,37.0615,2025-12-04,37.2098,atr_trail,31,100.0,100.4,0.4,0.004,False,100.1536,0.1536,0.001536,0.002464,True
atr_k3,2025-11-15,CLS,0.678,0.05627955159882636,2025-11-17,309.37,2025-12-17,275.83,atr_trail,30,100.0,89.1586,-10.8414,-0.108414,False,100.8608,0.8608,0.008608,-0.117022,False
atr_k3,2025-11-15,GOOGL,0.752,0.03530521894685412,2025-11-17,284.4634,2025-12-17,296.3343,atr_trail,30,100.0,104.1731,4.1731,0.041731,False,100.8608,0.8608,0.008608,0.033123,True
atr_k3,2025-11-15,APP,0.599,0.024701965356474398,2025-11-17,539.27,2026-01-02,618.32,atr_trail,46,100.0,114.6587,14.6587,0.146587,False,102.9322,2.9322,0.029322,0.117265,True
atr_k3,2025-11-15,TSM,0.652,0.0239374212222474,2025-11-17,279.8052,2025-12-12,290.539,atr_trail,25,100.0,103.8362,3.8362,0.038362,False,102.4171,2.4171,0.024171,0.014191,True
atr_k3,2025-11-15,AAPL,0.708,0.02166581970239001,2025-11-17,266.964,2025-12-15,273.6017,atr_trail,28,100.0,102.4864,2.4864,0.024864,False,102.2624,2.2624,0.022624,0.00224,True
atr_k3,2025-11-15,HURN,0.643,0.020778770260122537,2025-11-17,160.53,2025-12-31,172.91,atr_trail,44,100.0,107.712,7.712,0.07712,False,102.7439,2.7439,0.027439,0.049681,True
atr_k3,2025-11-15,NVT,0.636,0.019920721490759075,2025-11-17,103.7412,2025-12-17,94.6717,atr_trail,30,100.0,91.2576,-8.7424,-0.087424,False,100.8608,0.8608,0.008608,-0.096032,False
atr_k3,2025-11-15,EQT,0.635,0.017112727069472422,2025-11-17,58.7086,2025-12-11,55.7553,atr_trail,24,100.0,94.9695,-5.0305,-0.050305,False,103.5303,3.5303,0.035303,-0.085608,False
atr_k3,2025-11-15,HOOD,0.539,0.00927981941485534,2025-11-17,115.97,2025-12-15,115.26,atr_trail,28,100.0,99.3878,-0.6122,-0.006122,False,102.2624,2.2624,0.022624,-0.028746,False
atr_k3,2025-11-15,PLTR,0.549,0.009246275571362483,2025-11-17,171.25,2025-12-31,177.75,atr_trail,44,100.0,103.7956,3.7956,0.037956,False,102.7439,2.7439,0.027439,0.010518,True
atr_k3,2025-11-15,FTGC,0.655,0.008290408531735016,2025-11-17,22.8577,2025-12-16,22.3911,atr_trail,29,100.0,97.9584,-2.0416,-0.020416,False,101.983,1.983,0.01983,-0.040246,False
atr_k3,2025-11-15,NVDA,0.553,0.00729763026351038,2025-11-17,186.3623,2025-12-12,174.8068,atr_trail,25,100.0,93.7994,-6.2006,-0.062006,False,102.4171,2.4171,0.024171,-0.086177,False
atr_k3,2025-11-15,EIPI,0.613,0.004056996619204778,2025-11-17,19.2807,2025-12-16,19.0184,atr_trail,29,100.0,98.6396,-1.3604,-0.013604,False,101.983,1.983,0.01983,-0.033434,False
atr_k3,2025-11-15,FIVE,0.522,0.003267863317467423,2025-11-17,147.72,2026-01-20,191.22,atr_trail,64,100.0,129.4476,29.4476,0.294476,False,102.09,2.09,0.0209,0.273576,True
atr_k3,2025-11-15,SHOP,0.51,0.001985678794187651,2025-11-17,139.93,2026-01-02,157.2,atr_trail,46,100.0,112.3419,12.3419,0.123419,False,102.9322,2.9322,0.029322,0.094097,True
atr_k3,2025-11-15,LCII,0.503,0.0004382065275045921,2025-11-17,101.831,2026-02-19,143.0667,atr_trail,94,100.0,140.4943,40.4943,0.404943,False,103.1296,3.1296,0.031296,0.373647,True
atr_k3,2025-11-15,INTU,0.504,0.00032432260678261216,2025-11-17,642.806,2025-11-26,626.0388,atr_trail,9,100.0,97.3916,-2.6084,-0.026084,False,102.1047,2.1047,0.021047,-0.047131,False
atr_k3,2025-12-01,BE,0.611,0.0585272446027576,2025-12-01,98.93,2025-12-15,89.58,atr_trail,14,100.0,90.5489,-9.4511,-0.094511,False,100.0676,0.0676,0.000676,-0.095187,False
atr_k3,2025-12-01,GOOGL,0.761,0.03561989869414828,2025-12-01,314.2751,2025-12-17,296.3343,atr_trail,16,100.0,94.2914,-5.7086,-0.057086,False,98.6961,-1.3039,-0.013039,-0.044048,False
atr_k3,2025-12-01,CLS,0.588,0.0265020626649084,2025-12-01,318.37,2025-12-17,275.83,atr_trail,16,100.0,86.6382,-13.3618,-0.133618,False,98.6961,-1.3039,-0.013039,-0.120579,False
atr_k3,2025-12-01,VALE,0.756,0.02345420463186243,2025-12-01,12.0522,2025-12-08,12.1661,atr_trail,7,100.0,100.9456,0.9456,0.009456,False,100.4939,0.4939,0.004939,0.004517,True
atr_k3,2025-12-01,UTHR,0.67,0.0232719000907311,2025-12-01,479.95,2025-12-30,496.19,atr_trail,29,100.0,103.3837,3.3837,0.033837,False,101.2892,1.2892,0.012892,0.020945,True
atr_k3,2025-12-01,TMO,0.669,0.021795384397548023,2025-12-01,584.1329,2025-12-09,562.0912,atr_trail,8,100.0,96.2266,-3.7734,-0.037734,False,100.4072,0.4072,0.004072,-0.041806,False
atr_k3,2025-12-01,AAPL,0.706,0.02107372554380138,2025-12-01,282.575,2025-12-15,273.6017,atr_trail,14,100.0,96.8244,-3.1756,-0.031756,False,100.0676,0.0676,0.000676,-0.032432,False
atr_k3,2025-12-01,AZTA,0.578,0.017765656280792408,2025-12-01,34.86,2025-12-23,34.7,atr_trail,22,100.0,99.541,-0.459,-0.00459,False,101.4293,1.4293,0.014293,-0.018882,False
atr_k3,2025-12-01,BABA,0.586,0.016567850209439516,2025-12-01,162.7652,2025-12-15,148.7241,atr_trail,14,100.0,91.3734,-8.6266,-0.086266,False,100.0676,0.0676,0.000676,-0.086942,False
atr_k3,2025-12-01,CSCO,0.667,0.016163221168648878,2025-12-01,75.2276,2025-12-17,75.1881,atr_trail,16,100.0,99.9474,-0.0526,-0.000526,False,98.6961,-1.3039,-0.013039,0.012513,True
atr_k3,2025-12-01,BCS,0.642,0.015753242254312738,2025-12-01,22.4804,2026-02-05,25.1781,atr_trail,66,100.0,112.0,12.0,0.12,False,99.9048,-0.0952,-0.000952,0.120952,True
atr_k3,2025-12-01,APP,0.553,0.012563167199420855,2025-12-01,623.59,2026-01-02,618.32,atr_trail,32,100.0,99.1549,-0.8451,-0.008451,False,100.7231,0.7231,0.007231,-0.015682,False
atr_k3,2025-12-01,AXP,0.613,0.012428016302265865,2025-12-01,358.3784,2026-01-12,358.4568,atr_trail,42,100.0,100.0219,0.0219,0.000219,False,102.4908,2.4908,0.024908,-0.024689,False
atr_k3,2025-12-01,AZN,0.604,0.012309997124248406,2025-12-01,179.1721,2026-01-20,178.024,atr_trail,50,100.0,99.3593,-0.6407,-0.006407,False,99.8989,-0.1011,-0.001011,-0.005396,False
atr_k3,2025-12-01,APG,0.608,0.012146470411791288,2025-12-01,38.98,2026-03-04,43.13,atr_trail,93,100.0,110.6465,10.6465,0.106465,False,101.012,1.012,0.01012,0.096345,True
atr_k3,2025-12-01,AVGO,0.563,0.011784329856131759,2025-12-01,384.536,2025-12-12,358.4906,atr_trail,11,100.0,93.2268,-6.7732,-0.067732,False,100.219,0.219,0.00219,-0.069923,False
atr_k3,2025-12-01,CCJ,0.547,0.011406938483085938,2025-12-01,87.53,2025-12-17,84.85,atr_trail,16,100.0,96.9382,-3.0618,-0.030618,False,98.6961,-1.3039,-0.013039,-0.017579,False
atr_k3,2025-12-01,GS,0.604,0.01063361906273852,2025-12-01,799.1141,2026-02-04,904.5322,atr_trail,65,100.0,113.1919,13.1919,0.131919,False,101.1683,1.1683,0.011683,0.120236,True
atr_k3,2025-12-01,AVAV,0.538,0.007557422017004489,2025-12-01,257.8,2025-12-10,245.25,atr_trail,9,100.0,95.1319,-4.8681,-0.048681,False,101.0731,1.0731,0.010731,-0.059412,False
atr_k3,2025-12-01,DELL,0.542,0.007356997271979582,2025-12-01,131.109,2025-12-18,122.0269,atr_trail,17,100.0,93.0729,-6.9271,-0.069271,False,99.4414,-0.5586,-0.005586,-0.063685,False
atr_k3,2025-12-01,NVDA,0.551,0.007266196212135423,2025-12-01,179.6908,2025-12-17,170.7318,atr_trail,16,100.0,95.0142,-4.9858,-0.049858,False,98.6961,-1.3039,-0.013039,-0.036819,False
atr_k3,2025-12-01,RY,0.641,0.006847532378551069,2025-12-01,151.8499,2026-01-20,166.3009,atr_trail,50,100.0,109.5166,9.5166,0.095166,False,99.8989,-0.1011,-0.001011,0.096178,True
atr_k3,2025-12-01,ALIZY,0.565,0.004259569486146919,2025-12-01,41.0057,2026-01-09,42.5173,atr_trail,39,100.0,103.6864,3.6864,0.036864,False,102.3301,2.3301,0.023301,0.013563,True
atr_k3,2025-12-01,UNM,0.54,0.0032053032342449495,2025-12-01,74.3044,2025-12-08,71.9527,atr_trail,7,100.0,96.8351,-3.1649,-0.031649,False,100.4939,0.4939,0.004939,-0.036588,False
atr_k3,2025-12-01,FTNT,0.522,0.0020973130373636018,2025-12-01,81.82,2025-12-10,81.6,atr_trail,9,100.0,99.7311,-0.2689,-0.002689,False,101.0731,1.0731,0.010731,-0.01342,False
atr_k3,2025-12-01,UNH,0.512,0.0016000716658375325,2025-12-01,318.5747,2026-01-13,331.3539,atr_trail,43,100.0,104.0114,4.0114,0.040114,False,102.2859,2.2859,0.022859,0.017255,True
atr_k3,2025-12-15,COHR,0.65,0.04872310673953528,2025-12-15,178.45,2026-03-06,235.72,atr_trail,81,100.0,132.093,32.093,0.32093,False,99.0652,-0.9348,-0.009348,0.330278,True
atr_k3,2025-12-15,ISRG,0.667,0.02704103960034132,2025-12-15,559.52,2026-01-13,561.82,atr_trail,29,100.0,100.4111,0.4111,0.004111,False,102.2167,2.2167,0.022167,-0.018057,False
atr_k3,2025-12-15,JNJ,0.849,0.0257925018263514,2025-12-15,211.8193,2025-12-23,203.5214,atr_trail,8,100.0,96.0826,-3.9174,-0.039174,False,101.3607,1.3607,0.013607,-0.052782,False
atr_k3,2025-12-15,IDEXY,0.671,0.02314438485659931,2025-12-15,15.7861,2026-01-15,15.8058,atr_trail,31,100.0,100.1245,0.1245,0.001245,False,101.9913,1.9913,0.019913,-0.018668,False
atr_k3,2025-12-15,TMO,0.686,0.023104214491500796,2025-12-15,575.3412,2026-01-29,591.5751,atr_trail,45,100.0,102.8216,2.8216,0.028216,False,102.2565,2.2565,0.022565,0.005651,True
atr_k3,2025-12-15,KDP,0.629,0.015194011358456772,2025-12-15,28.7362,2025-12-17,27.5761,atr_trail,2,100.0,95.9631,-4.0369,-0.040369,False,98.6294,-1.3706,-0.013706,-0.026664,False
atr_k3,2025-12-15,HAYW,0.565,0.008380840037055526,2025-12-15,15.97,2025-12-31,15.45,atr_trail,16,100.0,96.7439,-3.2561,-0.032561,False,100.4708,0.4708,0.004708,-0.037269,False
atr_k3,2025-12-15,TM,0.579,0.008112709600623269,2025-12-15,214.81,2026-03-03,232.17,atr_trail,78,100.0,108.0816,8.0816,0.080816,False,100.2366,0.2366,0.002366,0.07845,True
atr_k3,2025-12-15,COF,0.567,0.0076505511710902585,2025-12-15,237.8748,2026-01-12,231.3182,atr_trail,28,100.0,97.2437,-2.7563,-0.027563,False,102.4215,2.4215,0.024215,-0.051779,False
atr_k3,2025-12-15,CVCO,0.53,0.005818001802332828,2025-12-15,598.17,2026-01-26,657.02,atr_trail,42,100.0,109.8383,9.8383,0.098383,False,102.0635,2.0635,0.020635,0.077748,True
atr_k3,2025-12-15,BCE,0.562,0.0044992398452330384,2025-12-15,23.3155,2025-12-18,22.5649,atr_trail,3,100.0,96.781,-3.219,-0.03219,False,99.3742,-0.6258,-0.006258,-0.025932,False
atr_k3,2025-12-15,IFF,0.545,0.004420901058443061,2025-12-15,63.4031,2026-01-29,69.1914,atr_trail,45,100.0,109.1293,9.1293,0.091293,False,102.2565,2.2565,0.022565,0.068727,True
atr_k3,2025-12-15,MET,0.54,0.003290334085508162,2025-12-15,81.3985,2025-12-30,78.61,atr_trail,15,100.0,96.5743,-3.4257,-0.034257,False,101.2208,1.2208,0.012208,-0.046465,False
atr_k3,2025-12-15,BMO,0.541,0.0024284140937009813,2025-12-15,131.0053,2026-03-12,137.7902,atr_trail,87,100.0,105.1791,5.1791,0.051791,False,98.1341,-1.8659,-0.018659,0.07045,True
atr_k3,2025-12-15,APO,0.515,0.00218718150967101,2025-12-15,145.6186,2026-01-12,142.7227,atr_trail,28,100.0,98.0113,-1.9887,-0.019887,False,102.4215,2.4215,0.024215,-0.044102,False
atr_k3,2025-12-15,AXAHY,0.53,0.0019219659426228386,2025-12-15,45.237,2026-01-09,43.9434,atr_trail,25,100.0,97.1405,-2.8595,-0.028595,False,102.2609,2.2609,0.022609,-0.051205,False
atr_k3,2025-12-15,CRM,0.513,0.0018825669232021003,2025-12-15,252.883,2026-01-13,239.8396,atr_trail,29,100.0,94.8421,-5.1579,-0.051579,False,102.2167,2.2167,0.022167,-0.073746,False
atr_k3,2025-12-15,D,0.526,0.0015603968386634914,2025-12-15,58.622,2025-12-22,56.0553,atr_trail,7,100.0,95.6217,-4.3783,-0.043783,False,100.8996,0.8996,0.008996,-0.052779,False
atr_k3,2025-12-15,VTEB,0.662,0.0012976467163468008,2025-12-15,49.3864,2026-06-12,50.3,open,179,100.0,101.8499,1.8499,0.018499,True,109.5843,9.5843,0.095843,-0.077344,False
atr_k3,2025-12-15,CL,0.513,0.0010452028353857834,2025-12-15,78.459,2026-01-05,75.9895,atr_trail,21,100.0,96.8526,-3.1474,-0.031474,False,101.3254,1.3254,0.013254,-0.044728,False
atr_k3,2025-12-15,UNH,0.505,0.0006469968858975328,2025-12-15,338.4687,2026-01-13,331.3539,atr_trail,29,100.0,97.898,-2.102,-0.02102,False,102.2167,2.2167,0.022167,-0.043188,False
atr_k3,2026-01-01,GOOGL,0.708,0.028974689822372612,2026-01-02,314.7403,2026-01-20,321.5814,atr_trail,18,100.0,102.1736,2.1736,0.021736,False,99.1818,-0.8182,-0.008182,0.029918,True
atr_k3,2026-01-01,WFC,0.655,0.01720484420415236,2026-01-02,94.1959,2026-01-14,88.3086,atr_trail,12,100.0,93.75,-6.25,-0.0625,False,101.0524,1.0524,0.010524,-0.073024,False
atr_k3,2026-01-01,PUK,0.655,0.01299341603508597,2026-01-02,31.2264,2026-02-05,31.6113,atr_trail,34,100.0,101.2326,1.2326,0.012326,False,99.1876,-0.8124,-0.008124,0.02045,True
atr_k3,2026-01-01,NVDA,0.501,0.00026891810838791663,2026-01-02,188.6199,2026-01-20,177.8531,atr_trail,18,100.0,94.2918,-5.7082,-0.057082,False,99.1818,-0.8182,-0.008182,-0.0489,False
atr_k3,2026-01-01,VZ,0.502,0.00024508398959999234,2026-01-02,39.2388,2026-03-18,48.8552,atr_trail,75,100.0,124.5074,24.5074,0.245074,False,96.8178,-3.1822,-0.031822,0.276896,True
atr_k3,2026-01-15,AA,0.74,0.06375577153647383,2026-01-15,63.6039,2026-02-05,56.1979,atr_trail,21,100.0,88.3561,-11.6439,-0.116439,False,97.888,-2.112,-0.02112,-0.09532,False
atr_k3,2026-01-15,DLTR,0.763,0.042553304039172346,2026-01-15,141.21,2026-01-22,126.79,atr_trail,7,100.0,89.7883,-10.2117,-0.102117,False,99.5291,-0.4709,-0.004709,-0.097408,False
atr_k3,2026-01-15,GOOGL,0.763,0.0342303112398914,2026-01-15,332.3474,2026-02-06,322.4403,atr_trail,22,100.0,97.019,-2.981,-0.02981,False,99.766,-0.234,-0.00234,-0.027469,False
atr_k3,2026-01-15,CNC,0.643,0.030825705095671507,2026-01-15,47.27,2026-01-27,41.53,atr_trail,12,100.0,87.857,-12.143,-0.12143,False,100.4695,0.4695,0.004695,-0.126125,False
atr_k3,2026-01-15,GS,0.748,0.03079086959876176,2026-01-15,966.4916,2026-02-04,904.5322,atr_trail,20,100.0,93.5892,-6.4108,-0.064108,False,99.126,-0.874,-0.00874,-0.055368,False
atr_k3,2026-01-15,BMY,0.722,0.030129828379739543,2026-01-15,56.0421,2026-03-11,59.3679,atr_trail,55,100.0,105.9343,5.9343,0.059343,False,97.7017,-2.2983,-0.022983,0.082326,True
atr_k3,2026-01-15,DY,0.667,0.027113827655952827,2026-01-15,365.65,2026-03-05,369.98,atr_trail,49,100.0,101.1842,1.1842,0.011842,False,98.4211,-1.5789,-0.015789,0.027631,True
atr_k3,2026-01-15,C,0.698,0.022122469354102225,2026-01-15,116.3008,2026-02-12,110.6267,atr_trail,28,100.0,95.1212,-4.8788,-0.048788,False,98.4153,-1.5847,-0.015847,-0.032941,False
atr_k3,2026-01-15,DOV,0.686,0.021146833831949374,2026-01-15,204.8861,2026-03-03,220.2198,atr_trail,47,100.0,107.484,7.484,0.07484,False,98.2795,-1.7205,-0.017205,0.092045,True
atr_k3,2026-01-15,PUK,0.739,0.01995139177227845,2026-01-15,31.4633,2026-02-05,31.6113,atr_trail,21,100.0,100.4705,0.4705,0.004705,False,97.888,-2.112,-0.02112,0.025825,True
atr_k3,2026-01-15,TSM,0.64,0.017887244268596447,2026-01-15,339.8841,2026-03-03,351.315,atr_trail,47,100.0,103.3632,3.3632,0.033632,False,98.2795,-1.7205,-0.017205,0.050837,True
atr_k3,2026-01-15,PRU,0.736,0.01777338322649835,2026-01-15,113.3272,2026-01-16,108.7136,atr_trail,1,100.0,95.9289,-4.0711,-0.040711,False,99.9162,-0.0838,-0.000838,-0.039873,False
atr_k3,2026-01-15,DRI,0.652,0.016883595240862803,2026-01-15,212.6926,2026-01-26,194.9293,atr_trail,11,100.0,91.6484,-8.3516,-0.083516,False,100.0708,0.0708,0.000708,-0.084224,False
atr_k3,2026-01-15,ACN,0.641,0.01649994310430447,2026-01-15,285.3501,2026-01-29,259.0234,atr_trail,14,100.0,90.7739,-9.2261,-0.092261,False,100.26,0.26,0.0026,-0.094861,False
atr_k3,2026-01-15,DVN,0.607,0.01525786063257284,2026-01-15,36.1313,2026-04-01,48.59,atr_trail,76,100.0,134.4818,34.4818,0.344818,False,94.9135,-5.0865,-0.050865,0.395683,True
atr_k3,2026-01-15,BA,0.604,0.015204637769681728,2026-01-15,247.74,2026-01-29,234.04,atr_trail,14,100.0,94.47,-5.53,-0.0553,False,100.26,0.26,0.0026,-0.0579,False
atr_k3,2026-01-15,DE,0.622,0.013910627533078035,2026-01-15,513.538,2026-03-05,588.9674,atr_trail,49,100.0,114.6882,14.6882,0.146882,False,98.4211,-1.5789,-0.015789,0.162671,True
atr_k3,2026-01-15,CVX,0.608,0.01061473002867519,2026-01-15,163.0569,2026-04-01,195.6183,atr_trail,76,100.0,119.9694,19.9694,0.199694,False,94.9135,-5.0865,-0.050865,0.250558,True
atr_k3,2026-01-15,GLOB,0.565,0.010529960645238035,2026-01-15,67.48,2026-02-03,58.09,atr_trail,19,100.0,86.0848,-13.9152,-0.139152,False,99.6085,-0.3915,-0.003915,-0.135238,False
atr_k3,2026-01-15,DHR,0.629,0.010237461665582037,2026-01-15,239.3797,2026-01-28,224.0624,atr_trail,13,100.0,93.6012,-6.3988,-0.063988,False,100.4594,0.4594,0.004594,-0.068581,False
atr_k3,2026-01-15,XLV,0.67,0.010071041931917657,2026-01-15,156.3174,2026-03-05,153.2799,atr_trail,49,100.0,98.0568,-1.9432,-0.019432,False,98.4211,-1.5789,-0.015789,-0.003642,False
atr_k3,2026-01-15,CSCO,0.595,0.008131598839709264,2026-01-15,74.8444,2026-02-12,74.5958,atr_trail,28,100.0,99.6678,-0.3322,-0.003322,False,98.4153,-1.5847,-0.015847,0.012525,True
atr_k3,2026-01-15,XLP,0.607,0.005705955768826154,2026-01-15,81.909,2026-03-04,86.6721,atr_trail,48,100.0,105.8152,5.8152,0.058152,False,98.9729,-1.0271,-0.010271,0.068423,True
atr_k3,2026-01-15,JPM,0.558,0.005349863138754518,2026-01-15,307.6854,2026-02-12,301.0991,atr_trail,28,100.0,97.8594,-2.1406,-0.021406,False,98.4153,-1.5847,-0.015847,-0.005559,False
atr_k3,2026-01-15,CF,0.547,0.005186351560295899,2026-01-15,85.7899,2026-04-10,120.8267,atr_trail,85,100.0,140.8403,40.8403,0.408403,False,98.4219,-1.5781,-0.015781,0.424184,True
atr_k3,2026-01-15,MMM,0.553,0.0038065619159644015,2026-01-15,169.4593,2026-01-20,154.6229,atr_trail,5,100.0,91.2449,-8.7551,-0.087551,False,97.8822,-2.1178,-0.021178,-0.066374,False
atr_k3,2026-01-15,WM,0.545,0.0033152346543994238,2026-01-15,218.0443,2026-01-30,220.4047,atr_trail,15,100.0,101.0825,1.0825,0.010825,False,99.961,-0.039,-0.00039,0.011215,True
atr_k3,2026-02-01,XOM,0.768,0.026895450873499982,2026-02-02,136.5567,2026-02-17,145.2044,atr_trail,15,100.0,106.3327,6.3327,0.063327,False,98.1939,-1.8061,-0.018061,0.081388,True
atr_k3,2026-02-01,GOOGL,0.698,0.023655762915464784,2026-02-02,343.2432,2026-02-06,322.4403,atr_trail,4,100.0,93.9393,-6.0607,-0.060607,False,99.3112,-0.6888,-0.006888,-0.053719,False
atr_k3,2026-02-01,SWK,0.641,0.020869873371719416,2026-02-02,77.4534,2026-03-02,82.2385,atr_trail,28,100.0,106.1781,6.1781,0.061781,False,98.7015,-1.2985,-0.012985,0.074767,True
atr_k3,2026-02-01,WMT,0.695,0.018627466313953178,2026-02-02,123.5701,2026-02-19,124.3769,atr_trail,17,100.0,100.6529,0.6529,0.006529,False,98.4283,-1.5717,-0.015717,0.022246,True
atr_k3,2026-02-01,HON,0.697,0.01840010449909313,2026-02-02,225.1982,2026-03-05,237.0771,atr_trail,31,100.0,105.2749,5.2749,0.052749,False,97.9724,-2.0276,-0.020276,0.073025,True
atr_k3,2026-02-01,UPS,0.67,0.01770643565188945,2026-02-02,106.9505,2026-03-04,108.6682,atr_trail,30,100.0,101.606,1.606,0.01606,False,98.5217,-1.4783,-0.014783,0.030843,True
atr_k3,2026-02-01,LLY,0.633,0.01607878281450903,2026-02-02,1040.599,2026-03-05,981.5703,atr_trail,31,100.0,94.3274,-5.6726,-0.056726,False,97.9724,-2.0276,-0.020276,-0.03645,False
atr_k3,2026-02-01,FMAO,0.599,0.013710352159686856,2026-02-02,27.4446,2026-02-23,26.503,atr_trail,21,100.0,96.5692,-3.4308,-0.034308,False,98.1277,-1.8723,-0.018723,-0.015586,False
atr_k3,2026-02-01,T,0.611,0.009840774341263403,2026-02-02,26.0276,2026-03-11,26.8787,atr_trail,37,100.0,103.27,3.27,0.0327,False,97.2563,-2.7437,-0.027437,0.060137,True
atr_k3,2026-02-01,AB,0.591,0.009621310156236351,2026-02-02,40.0429,2026-02-24,37.7071,atr_trail,22,100.0,94.1667,-5.8333,-0.058333,False,98.841,-1.159,-0.01159,-0.046743,False
atr_k3,2026-02-01,EOG,0.591,0.008690715112313008,2026-02-02,107.5748,2026-04-01,139.3381,atr_trail,58,100.0,129.5268,29.5268,0.295268,False,94.4809,-5.5191,-0.055191,0.350459,True
atr_k3,2026-02-01,WPC,0.622,0.008621028664059338,2026-02-02,67.4337,2026-03-11,70.5011,atr_trail,37,100.0,104.5488,4.5488,0.045488,False,97.2563,-2.7437,-0.027437,0.072925,True
atr_k3,2026-02-01,PG,0.563,0.004660474033558737,2026-02-02,152.0451,2026-03-03,158.5263,atr_trail,29,100.0,104.2627,4.2627,0.042627,False,97.8315,-2.1685,-0.021685,0.064312,True
atr_k3,2026-02-01,IBM,0.529,0.0028134367203185295,2026-02-02,310.6593,2026-02-11,270.8168,atr_trail,9,100.0,87.1749,-12.8251,-0.128251,False,99.5039,-0.4961,-0.004961,-0.12329,False
atr_k3,2026-02-01,PEG,0.531,0.0019245449253115776,2026-02-02,78.9831,2026-03-06,81.9729,atr_trail,32,100.0,103.7853,3.7853,0.037853,False,96.6883,-3.3117,-0.033117,0.070971,True
atr_k3,2026-02-15,MCHP,0.737,0.052470292748030056,2026-02-17,78.086,2026-03-03,71.0335,atr_trail,14,100.0,90.9683,-9.0317,-0.090317,False,99.631,-0.369,-0.00369,-0.086627,False
atr_k3,2026-02-15,AMKR,0.652,0.04844861404706413,2026-02-17,46.6979,2026-03-06,41.4837,atr_trail,17,100.0,88.8343,-11.1657,-0.111657,False,98.4667,-1.5333,-0.015333,-0.096324,False
atr_k3,2026-02-15,BNPQY,0.835,0.03805293164442869,2026-02-17,53.5223,2026-03-03,50.43,atr_trail,14,100.0,94.2224,-5.7776,-0.057776,False,99.631,-0.369,-0.00369,-0.054086,False
atr_k3,2026-02-15,MPWR,0.703,0.037079454311589766,2026-02-17,1170.8392,2026-03-03,1072.2263,atr_trail,14,100.0,91.5776,-8.4224,-0.084224,False,99.631,-0.369,-0.00369,-0.080534,False
atr_k3,2026-02-15,LRN,0.702,0.03242458632865586,2026-02-17,83.78,2026-03-16,82.97,atr_trail,27,100.0,99.0332,-0.9668,-0.009668,False,97.9761,-2.0239,-0.020239,0.01057,True
atr_k3,2026-02-15,IFF,0.719,0.028192771647188808,2026-02-17,82.2542,2026-03-05,74.9374,atr_trail,16,100.0,91.1047,-8.8953,-0.088953,False,99.7745,-0.2255,-0.002255,-0.086698,False
atr_k3,2026-02-15,JNJ,0.815,0.024574184813608735,2026-02-17,240.6592,2026-03-05,238.2598,atr_trail,16,100.0,99.003,-0.997,-0.00997,False,99.7745,-0.2255,-0.002255,-0.007715,False
atr_k3,2026-02-15,VSEC,0.611,0.024190731819262012,2026-02-17,213.244,2026-03-12,199.7901,atr_trail,23,100.0,93.6908,-6.3092,-0.063092,False,97.5412,-2.4588,-0.024588,-0.038504,False
atr_k3,2026-02-15,AME,0.777,0.023237630674112886,2026-02-17,232.9601,2026-03-05,226.4804,atr_trail,16,100.0,97.2185,-2.7815,-0.027815,False,99.7745,-0.2255,-0.002255,-0.02556,False
atr_k3,2026-02-15,APG,0.686,0.0218446109536079,2026-02-17,44.43,2026-03-05,42.09,atr_trail,16,100.0,94.7333,-5.2667,-0.052667,False,99.7745,-0.2255,-0.002255,-0.050412,False
atr_k3,2026-02-15,GPC,0.683,0.019389738644943533,2026-02-17,123.2558,2026-03-10,107.7857,atr_trail,21,100.0,87.4488,-12.5512,-0.125512,False,99.1697,-0.8303,-0.008303,-0.117209,False
atr_k3,2026-02-15,GGFPX,0.813,0.018751127554431868,2026-02-17,19.98,2026-03-03,19.32,atr_trail,14,100.0,96.6967,-3.3033,-0.033033,False,99.631,-0.369,-0.00369,-0.029343,False
atr_k3,2026-02-15,BDX,0.667,0.01873817770683739,2026-02-17,175.0205,2026-03-04,169.2089,atr_trail,15,100.0,96.6795,-3.3205,-0.033205,False,100.3339,0.3339,0.003339,-0.036544,False
atr_k3,2026-02-15,FCFS,0.667,0.018692253249575685,2026-02-17,183.1413,2026-03-05,186.6947,atr_trail,16,100.0,101.9403,1.9403,0.019403,False,99.7745,-0.2255,-0.002255,0.021658,True
atr_k3,2026-02-15,CRS,0.602,0.018353571852208317,2026-02-17,374.705,2026-03-12,377.0339,atr_trail,23,100.0,100.6215,0.6215,0.006215,False,97.5412,-2.4588,-0.024588,0.030803,True
atr_k3,2026-02-15,ETN,0.619,0.016440333053757916,2026-02-17,389.1975,2026-02-23,359.9299,atr_trail,6,100.0,92.48,-7.52,-0.0752,False,99.9326,-0.0674,-0.000674,-0.074526,False
atr_k3,2026-02-15,COST,0.671,0.015739388199377036,2026-02-17,1010.5836,2026-03-19,973.3676,atr_trail,30,100.0,96.3174,-3.6826,-0.036826,False,96.6244,-3.3756,-0.033756,-0.003071,False
atr_k3,2026-02-15,C,0.611,0.014678054409518415,2026-02-17,113.2443,2026-03-09,106.0882,atr_trail,20,100.0,93.6808,-6.3192,-0.063192,False,99.3293,-0.6707,-0.006707,-0.056485,False
atr_k3,2026-02-15,BNS,0.678,0.013358119928098988,2026-02-17,76.22,2026-03-03,73.46,atr_trail,14,100.0,96.3789,-3.6211,-0.036211,False,99.631,-0.369,-0.00369,-0.032521,False
atr_k3,2026-02-15,PG,0.638,0.011176325815261512,2026-02-17,158.3576,2026-03-03,158.5263,atr_trail,14,100.0,100.1066,0.1066,0.001066,False,99.631,-0.369,-0.00369,0.004756,True
atr_k3,2026-02-15,CME,0.635,0.010471524828660428,2026-02-17,294.6227,2026-03-11,301.7654,atr_trail,22,100.0,102.4243,2.4243,0.024243,False,99.0452,-0.9548,-0.009548,0.033791,True
atr_k3,2026-02-15,AMGN,0.578,0.009848330455648702,2026-02-17,370.5617,2026-03-12,365.0335,atr_trail,23,100.0,98.5081,-1.4919,-0.014919,False,97.5412,-2.4588,-0.024588,0.00967,True
atr_k3,2026-02-15,MCK,0.563,0.009183041733393793,2026-02-17,944.6395,2026-03-06,918.2447,atr_trail,17,100.0,97.2058,-2.7942,-0.027942,False,98.4667,-1.5333,-0.015333,-0.012609,False
atr_k3,2026-02-15,BAX,0.547,0.00873343085135092,2026-02-17,20.719,2026-03-05,18.5903,atr_trail,16,100.0,89.7258,-10.2742,-0.102742,False,99.7745,-0.2255,-0.002255,-0.100486,False
atr_k3,2026-02-15,GOOGL,0.583,0.008711767214752975,2026-02-17,301.6273,2026-03-05,300.4889,atr_trail,16,100.0,99.6226,-0.3774,-0.003774,False,99.7745,-0.2255,-0.002255,-0.001519,False
atr_k3,2026-02-15,MS,0.577,0.00871018890922226,2026-02-17,170.6231,2026-03-05,161.6811,atr_trail,16,100.0,94.7592,-5.2408,-0.052408,False,99.7745,-0.2255,-0.002255,-0.050152,False
atr_k3,2026-02-15,AMP,0.573,0.008187406871713598,2026-02-17,467.0742,2026-03-11,449.05,atr_trail,22,100.0,96.141,-3.859,-0.03859,False,99.0452,-0.9548,-0.009548,-0.029041,False
atr_k3,2026-02-15,AEE,0.615,0.007759143917778433,2026-02-17,109.0257,2026-03-20,105.3176,atr_trail,31,100.0,96.5989,-3.4011,-0.034011,False,95.2393,-4.7607,-0.047607,0.013597,True
atr_k3,2026-02-15,META,0.558,0.007731692495405396,2026-02-17,638.7431,2026-03-13,613.185,atr_trail,24,100.0,95.9987,-4.0013,-0.040013,False,96.9891,-3.0109,-0.030109,-0.009904,False
atr_k3,2026-02-15,AEP,0.604,0.0071701004190225515,2026-02-17,129.301,2026-03-19,127.7919,atr_trail,30,100.0,98.8329,-1.1671,-0.011671,False,96.6244,-3.3756,-0.033756,0.022085,True
atr_k3,2026-02-15,RSG,0.591,0.005573465868895955,2026-02-17,220.5635,2026-03-18,221.3612,atr_trail,29,100.0,100.3617,0.3617,0.003617,False,96.8632,-3.1368,-0.031368,0.034985,True
atr_k3,2026-02-15,OTIS,0.551,0.0035653407260500813,2026-02-17,91.8833,2026-03-06,88.6827,atr_trail,17,100.0,96.5167,-3.4833,-0.034833,False,98.4667,-1.5333,-0.015333,-0.019501,False
atr_k3,2026-02-15,GIS,0.537,0.0032830943301909166,2026-02-17,44.2137,2026-03-10,41.5782,atr_trail,21,100.0,94.0391,-5.9609,-0.059609,False,99.1697,-0.8303,-0.008303,-0.051305,False
atr_k3,2026-02-15,XEL,0.53,0.0019512271273744997,2026-02-17,80.1575,2026-03-12,80.227,atr_trail,23,100.0,100.0867,0.0867,0.000867,False,97.5412,-2.4588,-0.024588,0.025455,True
atr_k3,2026-02-15,JPM,0.519,0.0017192259503580054,2026-02-17,305.5662,2026-03-06,288.0061,atr_trail,17,100.0,94.2533,-5.7467,-0.057467,False,98.4667,-1.5333,-0.015333,-0.042135,False
atr_k3,2026-02-15,FCN,0.505,0.0007631821381117732,2026-02-17,160.23,2026-05-01,173.82,atr_trail,73,100.0,108.4816,8.4816,0.084816,False,105.8239,5.8239,0.058239,0.026577,True
atr_k3,2026-02-15,NVDA,0.504,0.0005425555635849566,2026-02-17,184.7447,2026-02-27,176.9742,atr_trail,10,100.0,95.7939,-4.2061,-0.042061,False,100.4598,0.4598,0.004598,-0.046659,False
atr_k3,2026-03-01,MU,0.703,0.06241040698476197,2026-03-02,412.4967,2026-03-24,395.3639,atr_trail,22,100.0,95.8466,-4.1534,-0.041534,False,95.4229,-4.5771,-0.045771,0.004236,True
atr_k3,2026-03-01,AEIS,0.751,0.05507254865808253,2026-03-02,340.3149,2026-03-06,290.6902,atr_trail,4,100.0,85.418,-14.582,-0.14582,False,97.9603,-2.0397,-0.020397,-0.125423,False
atr_k3,2026-03-01,WPM,0.703,0.048680095954026115,2026-03-02,165.2111,2026-03-06,146.399,atr_trail,4,100.0,88.6133,-11.3867,-0.113867,False,97.9603,-2.0397,-0.020397,-0.09347,False
atr_k3,2026-03-01,LRCX,0.682,0.04527807643948378,2026-03-02,230.7236,2026-03-06,199.33,atr_trail,4,100.0,86.3934,-13.6066,-0.136066,False,97.9603,-2.0397,-0.020397,-0.115669,False
atr_k3,2026-03-01,GEV,0.676,0.04305250605534461,2026-03-02,880.6475,2026-03-06,788.7531,atr_trail,4,100.0,89.5651,-10.4349,-0.104349,False,97.9603,-2.0397,-0.020397,-0.083952,False
atr_k3,2026-03-01,FNV,0.691,0.037704063897752604,2026-03-02,276.8742,2026-03-13,251.3384,atr_trail,11,100.0,90.7771,-9.2229,-0.092229,False,96.4903,-3.5097,-0.035097,-0.057132,False
atr_k3,2026-03-01,BE,0.585,0.035762215783097684,2026-03-02,166.0,2026-03-30,119.51,atr_trail,28,100.0,71.994,-28.006,-0.28006,False,92.3243,-7.6757,-0.076757,-0.203304,False
atr_k3,2026-03-01,ASML,0.67,0.0315938067387147,2026-03-02,1420.4375,2026-03-06,1289.9824,atr_trail,4,100.0,90.8159,-9.1841,-0.091841,False,97.9603,-2.0397,-0.020397,-0.071445,False
atr_k3,2026-03-01,VSAT,0.599,0.03127816324714905,2026-03-02,47.24,2026-03-30,43.72,atr_trail,28,100.0,92.5487,-7.4513,-0.074513,False,92.3243,-7.6757,-0.076757,0.002243,True
atr_k3,2026-03-01,CF,0.701,0.028192262094403064,2026-03-02,103.8759,2026-04-10,120.8267,atr_trail,39,100.0,116.3183,16.3183,0.163183,False,99.2622,-0.7378,-0.007378,0.170561,True
atr_k3,2026-03-01,CMCSA,0.717,0.025526532275422342,2026-03-02,30.4657,2026-03-11,30.2186,atr_trail,9,100.0,99.1888,-0.8112,-0.008112,False,98.5358,-1.4642,-0.014642,0.00653,True
atr_k3,2026-03-01,CP,0.705,0.02370031410425777,2026-03-02,89.2035,2026-03-05,85.0821,atr_trail,3,100.0,95.3798,-4.6202,-0.046202,False,99.2613,-0.7387,-0.007387,-0.038815,False
atr_k3,2026-03-01,AME,0.775,0.023495206249842804,2026-03-02,241.0773,2026-03-05,226.4804,atr_trail,3,100.0,93.9452,-6.0548,-0.060548,False,99.2613,-0.7387,-0.007387,-0.053162,False
atr_k3,2026-03-01,GILD,0.67,0.022665149427693043,2026-03-02,149.1828,2026-03-18,141.29,atr_trail,16,100.0,94.7093,-5.2907,-0.052907,False,96.365,-3.635,-0.03635,-0.016557,False
atr_k3,2026-03-01,GE,0.641,0.01992938990808968,2026-03-02,345.2371,2026-03-06,322.64,atr_trail,4,100.0,93.4546,-6.5454,-0.065454,False,97.9603,-2.0397,-0.020397,-0.045057,False
atr_k3,2026-03-01,CB,0.705,0.01766139938000566,2026-03-02,340.6882,2026-03-06,326.0174,atr_trail,4,100.0,95.6938,-4.3062,-0.043062,False,97.9603,-2.0397,-0.020397,-0.022665,False
atr_k3,2026-03-01,CME,0.697,0.017558981038457766,2026-03-02,317.1933,2026-03-11,301.7654,atr_trail,9,100.0,95.1361,-4.8639,-0.048639,False,98.5358,-1.4642,-0.014642,-0.033997,False
atr_k3,2026-03-01,PG,0.701,0.017341542895583206,2026-03-02,162.288,2026-03-05,152.8391,atr_trail,3,100.0,94.1777,-5.8223,-0.058223,False,99.2613,-0.7387,-0.007387,-0.050836,False
atr_k3,2026-03-01,WMT,0.646,0.015735160121782554,2026-03-02,126.5981,2026-03-18,121.4983,atr_trail,16,100.0,95.9717,-4.0283,-0.040283,False,96.365,-3.635,-0.03635,-0.003933,False
atr_k3,2026-03-01,SAN,0.603,0.013559717874000787,2026-03-02,11.8143,2026-03-20,10.4018,atr_trail,18,100.0,88.0435,-11.9565,-0.119565,False,94.7494,-5.2506,-0.052506,-0.06706,False
atr_k3,2026-03-01,COST,0.623,0.011247405916743336,2026-03-02,1001.3171,2026-03-20,970.9212,atr_trail,18,100.0,96.9644,-3.0356,-0.030356,False,94.7494,-5.2506,-0.052506,0.02215,True
atr_k3,2026-03-01,RY,0.639,0.009693996475719224,2026-03-02,167.4729,2026-03-12,161.8613,atr_trail,10,100.0,96.6493,-3.3507,-0.033507,False,97.0395,-2.9605,-0.029605,-0.003903,False
atr_k3,2026-03-01,C,0.558,0.007882317303774089,2026-03-02,110.9253,2026-03-27,106.8744,atr_trail,25,100.0,96.3481,-3.6519,-0.036519,False,92.6341,-7.3659,-0.073659,0.037141,True
atr_k3,2026-03-01,BIIB,0.553,0.006980523639081637,2026-03-02,188.05,2026-04-02,177.34,atr_trail,31,100.0,94.3047,-5.6953,-0.056953,False,95.8101,-4.1899,-0.041899,-0.015054,False
atr_k3,2026-03-01,ICE,0.561,0.00671454228883861,2026-03-02,164.2494,2026-03-12,158.0993,atr_trail,10,100.0,96.2556,-3.7444,-0.037444,False,97.0395,-2.9605,-0.029605,-0.007839,False
atr_k3,2026-03-01,SCHW,0.542,0.0042522121804315915,2026-03-02,95.1486,2026-03-12,90.9138,atr_trail,10,100.0,95.5493,-4.4507,-0.044507,False,97.0395,-2.9605,-0.029605,-0.014903,False
atr_k3,2026-03-01,CSCO,0.531,0.0040819033567636165,2026-03-02,78.992,2026-03-30,76.6248,atr_trail,28,100.0,97.0033,-2.9967,-0.029967,False,92.3243,-7.6757,-0.076757,0.046789,True
atr_k3,2026-03-01,ANET,0.522,0.004068109760342109,2026-03-02,129.3,2026-03-26,122.55,atr_trail,24,100.0,94.7796,-5.2204,-0.052204,False,94.2411,-5.7589,-0.057589,0.005385,True
atr_k3,2026-03-01,CATY,0.535,0.0034471149559875958,2026-03-02,49.8678,2026-03-13,47.0664,atr_trail,11,100.0,94.3825,-5.6175,-0.056175,False,96.4903,-3.5097,-0.035097,-0.021078,False
atr_k3,2026-03-15,XOM,0.803,0.03804589572661854,2026-03-16,156.17,2026-04-01,159.6961,atr_trail,16,100.0,102.2578,2.2578,0.022578,False,98.2063,-1.7937,-0.017937,0.040516,True
atr_k3,2026-03-15,CVX,0.818,0.03668982511207175,2026-03-16,195.0535,2026-04-01,195.6183,atr_trail,16,100.0,100.2896,0.2896,0.002896,False,98.2063,-1.7937,-0.017937,0.020833,True
atr_k3,2026-03-15,EOG,0.763,0.03383622155626265,2026-03-16,133.4737,2026-04-01,139.3381,atr_trail,16,100.0,104.3937,4.3937,0.043937,False,98.2063,-1.7937,-0.017937,0.061875,True
atr_k3,2026-03-15,LRN,0.686,0.02936477084138156,2026-03-16,82.97,2026-04-28,92.58,atr_trail,43,100.0,111.5825,11.5825,0.115825,False,106.6669,6.6669,0.066669,0.049156,True
atr_k3,2026-03-15,LRCX,0.611,0.028668042649483194,2026-03-16,219.4,2026-03-30,199.93,atr_trail,14,100.0,91.1258,-8.8742,-0.088742,False,94.7186,-5.2814,-0.052814,-0.035928,False
atr_k3,2026-03-15,CLH,0.722,0.022345375861720473,2026-03-16,289.37,2026-03-20,275.88,atr_trail,4,100.0,95.3382,-4.6618,-0.046618,False,97.2066,-2.7934,-0.027934,-0.018684,False
atr_k3,2026-03-15,TSM,0.62,0.01911648936619903,2026-03-16,338.4814,2026-03-30,315.7605,atr_trail,14,100.0,93.2874,-6.7126,-0.067126,False,94.7186,-5.2814,-0.052814,-0.014312,False
atr_k3,2026-03-15,MCK,0.607,0.017290331804341585,2026-03-16,942.2082,2026-03-20,884.8616,atr_trail,4,100.0,93.9136,-6.0864,-0.060864,False,97.2066,-2.7934,-0.027934,-0.03293,False
atr_k3,2026-03-15,VSEC,0.573,0.015290316229254586,2026-03-16,193.9927,2026-03-20,177.2502,atr_trail,4,100.0,91.3695,-8.6305,-0.086305,False,97.2066,-2.7934,-0.027934,-0.05837,False
atr_k3,2026-03-15,MPWR,0.563,0.010954135345922822,2026-03-16,1075.2502,2026-03-30,1000.34,atr_trail,14,100.0,93.0332,-6.9668,-0.069668,False,94.7186,-5.2814,-0.052814,-0.016854,False
atr_k3,2026-03-15,CHRW,0.54,0.00651124522702351,2026-03-16,169.8981,2026-03-27,161.0186,atr_trail,11,100.0,94.7736,-5.2264,-0.052264,False,95.0364,-4.9636,-0.049636,-0.002628,False
atr_k3,2026-03-15,CM,0.539,0.002863956875920337,2026-03-16,96.7317,2026-03-30,91.8,atr_trail,14,100.0,94.9016,-5.0984,-0.050984,False,94.7186,-5.2814,-0.052814,0.00183,True
atr_k3,2026-03-15,BK,0.526,0.00237370603909115,2026-03-16,114.9238,2026-04-29,132.27,atr_trail,44,100.0,115.0936,15.0936,0.150936,False,106.6504,6.6504,0.066504,0.084432,True
atr_k3,2026-03-15,TAXI,0.655,0.0011599831889008705,2026-03-16,51.0712,2026-06-12,51.161,open,88,100.0,100.1758,0.1758,0.001758,True,111.1722,11.1722,0.111722,-0.109965,False
atr_k3,2026-04-01,XOM,0.766,0.03492553739707405,2026-04-01,159.6961,2026-04-10,151.4818,atr_trail,9,100.0,94.8563,-5.1437,-0.051437,False,103.6964,3.6964,0.036964,-0.0884,False
atr_k3,2026-04-01,GEV,0.65,0.03060240378069623,2026-04-01,894.78,2026-05-20,1024.52,atr_trail,49,100.0,114.4997,14.4997,0.144997,False,113.1265,13.1265,0.131265,0.013732,True
atr_k3,2026-04-01,PFE,0.655,0.01589219361043903,2026-04-01,28.0864,2026-04-07,26.6599,atr_trail,6,100.0,94.9212,-5.0788,-0.050788,False,100.6074,0.6074,0.006074,-0.056862,False
atr_k3,2026-04-01,LIN,0.678,0.015131516683941637,2026-04-01,492.2733,2026-06-01,495.842,atr_trail,61,100.0,100.7249,0.7249,0.007249,False,115.7652,15.7652,0.157652,-0.150403,False
atr_k3,2026-04-01,MRK,0.635,0.013387782833931938,2026-04-01,120.84,2026-04-15,117.9,atr_trail,14,100.0,97.567,-2.433,-0.02433,False,106.8219,6.8219,0.068219,-0.092549,False
atr_k3,2026-04-01,CB,0.596,0.00720128604103798,2026-04-01,326.1424,2026-05-06,320.8987,atr_trail,35,100.0,98.3922,-1.6078,-0.016078,False,111.9941,11.9941,0.119941,-0.136019,False
atr_k3,2026-04-01,LRCX,0.524,0.005315064908312683,2026-04-01,222.01,2026-06-05,303.28,atr_trail,65,100.0,136.6065,36.6065,0.366065,False,112.5618,12.5618,0.125618,0.240447,True
atr_k3,2026-04-01,CMI,0.501,0.0002393251882624181,2026-04-01,548.3677,2026-05-21,636.78,atr_trail,50,100.0,116.1228,16.1228,0.161228,False,113.3508,13.3508,0.133508,0.02772,True
atr_k3,2026-04-15,FN,0.603,0.03521710213596174,2026-04-15,685.81,2026-05-08,621.28,atr_trail,23,100.0,90.5907,-9.4093,-0.094093,False,105.3833,5.3833,0.053833,-0.147926,False
atr_k3,2026-04-15,BP,0.744,0.03410182513076987,2026-04-15,45.5984,2026-05-07,43.3145,atr_trail,22,100.0,94.9913,-5.0087,-0.050087,False,104.5204,4.5204,0.045204,-0.095291,False
atr_k3,2026-04-15,AMAT,0.604,0.023629208962523407,2026-04-15,393.7705,2026-06-12,567.25,open,58,100.0,144.056,44.056,0.44056,True,105.9734,5.9734,0.059734,0.380826,True
atr_k3,2026-04-15,NTIOF,0.71,0.022835561624853895,2026-04-15,146.13,2026-05-27,146.58,atr_trail,42,100.0,100.3079,0.3079,0.003079,False,107.2178,7.2178,0.072178,-0.069098,False
atr_k3,2026-04-15,LIN,0.699,0.017231528440444954,2026-04-15,496.3704,2026-06-01,495.842,atr_trail,47,100.0,99.8936,-0.1064,-0.001064,False,108.3721,8.3721,0.083721,-0.084786,False
atr_k3,2026-04-15,KLAC,0.573,0.016707238082562137,2026-04-15,174.5882,2026-04-30,174.8119,atr_trail,15,100.0,100.1281,0.1281,0.001281,False,102.6745,2.6745,0.026745,-0.025464,False
atr_k3,2026-04-15,BWXT,0.574,0.015417393197066476,2026-04-15,238.1012,2026-04-29,207.8018,atr_trail,14,100.0,87.2746,-12.7254,-0.127254,False,101.663,1.663,0.01663,-0.143884,False
atr_k3,2026-04-15,CSCO,0.592,0.013797357072864003,2026-04-15,82.36,2026-06-12,121.1,open,58,100.0,147.0374,47.0374,0.470374,True,105.9734,5.9734,0.059734,0.41064,True
atr_k3,2026-04-15,BMO,0.614,0.012741621115089696,2026-04-15,148.2849,2026-06-12,168.3,open,58,100.0,113.4977,13.4977,0.134977,True,105.9734,5.9734,0.059734,0.075244,True
atr_k3,2026-04-15,MRK,0.604,0.00979164944517441,2026-04-15,117.9,2026-04-21,112.56,atr_trail,6,100.0,95.4707,-4.5293,-0.045293,False,100.5915,0.5915,0.005915,-0.051207,False
atr_k3,2026-04-15,AMZN,0.563,0.008303766630499698,2026-04-15,248.5,2026-05-19,259.34,atr_trail,34,100.0,104.3622,4.3622,0.043622,False,104.8276,4.8276,0.048276,-0.004654,False
atr_k3,2026-04-15,AIG,0.599,0.008225140059918035,2026-04-15,77.09,2026-04-24,75.14,atr_trail,9,100.0,97.4705,-2.5295,-0.025295,False,102.0002,2.0002,0.020002,-0.045297,False
atr_k3,2026-04-15,KO,0.603,0.006779044199133111,2026-04-15,75.31,2026-05-29,79.01,atr_trail,44,100.0,104.913,4.913,0.04913,False,108.0778,8.0778,0.080778,-0.031648,False
atr_k3,2026-04-15,VOO,0.576,0.004397742302924668,2026-04-15,643.45,2026-06-10,667.05,atr_trail,56,100.0,103.6677,3.6677,0.036677,False,103.6417,3.6417,0.036417,0.00026,True
atr_k3,2026-04-15,VTI,0.569,0.00412074894045511,2026-04-15,345.24,2026-06-10,358.04,atr_trail,56,100.0,103.7076,3.7076,0.037076,False,103.6417,3.6417,0.036417,0.000658,True
atr_k3,2026-04-15,GSKPX,0.569,0.0039814879946986625,2026-04-15,29.16,2026-06-05,30.06,atr_trail,51,100.0,103.0864,3.0864,0.030864,False,105.3733,5.3733,0.053733,-0.022869,False
atr_k3,2026-04-15,MIAX,0.529,0.003296843319774645,2026-04-15,44.22,2026-05-20,51.99,atr_trail,35,100.0,117.5712,17.5712,0.175712,False,105.9019,5.9019,0.059019,0.116693,True
atr_k3,2026-04-15,MCD,0.539,0.0021952529293947087,2026-04-15,304.1969,2026-04-22,298.0486,atr_trail,7,100.0,97.9788,-2.0212,-0.020212,False,101.6101,1.6101,0.016101,-0.036313,False
atr_k3,2026-04-15,TFC,0.522,0.002157929077388765,2026-04-15,49.0716,2026-05-11,47.97,atr_trail,26,100.0,97.7552,-2.2448,-0.022448,False,105.6233,5.6233,0.056233,-0.078682,False
atr_k3,2026-04-15,MCHP,0.511,0.0019577279061053776,2026-04-15,74.118,2026-05-19,91.3515,atr_trail,34,100.0,123.2514,23.2514,0.232514,False,104.8276,4.8276,0.048276,0.184239,True
atr_k3,2026-04-15,TAXI,0.5,1.8940674895162601e-06,2026-04-15,50.9795,2026-06-12,51.161,open,58,100.0,100.356,0.356,0.00356,True,105.9734,5.9734,0.059734,-0.056173,False
atr_k3,2026-05-01,GLW,0.617,0.03621862459714831,2026-05-01,158.0178,2026-06-10,168.17,atr_trail,40,100.0,106.4247,6.4247,0.064247,False,100.6633,0.6633,0.006633,0.057614,True
atr_k3,2026-05-01,AVGO,0.695,0.03609461198419606,2026-05-01,421.28,2026-06-04,418.91,atr_trail,34,100.0,99.4374,-0.5626,-0.005626,False,105.0565,5.0565,0.050565,-0.056191,False
atr_k3,2026-05-01,CEG,0.613,0.02465794499064211,2026-05-01,307.3325,2026-05-13,274.4636,atr_trail,12,100.0,89.3051,-10.6949,-0.106949,False,103.0056,3.0056,0.030056,-0.137005,False
atr_k3,2026-05-01,IBIT,0.618,0.023575204300949837,2026-05-01,44.47,2026-05-19,43.5,atr_trail,18,100.0,97.8188,-2.1812,-0.021812,False,101.815,1.815,0.01815,-0.039963,False
atr_k3,2026-05-01,VNOM,0.67,0.02141278216140985,2026-05-01,49.1983,2026-05-06,47.0194,atr_trail,5,100.0,95.5711,-4.4289,-0.044289,False,101.8289,1.8289,0.018289,-0.062578,False
atr_k3,2026-05-01,DMLP,0.694,0.01755676541215334,2026-05-01,27.495,2026-05-06,26.1,atr_trail,5,100.0,94.9264,-5.0736,-0.050736,False,101.8289,1.8289,0.018289,-0.069025,False
atr_k3,2026-05-01,CSCO,0.585,0.01299407576149747,2026-05-01,91.85,2026-06-12,121.1,open,42,100.0,131.8454,31.8454,0.318454,True,102.9279,2.9279,0.029279,0.289175,True
atr_k3,2026-05-01,EPD,0.64,0.011496655905207431,2026-05-01,38.03,2026-05-08,37.19,atr_trail,7,100.0,97.7912,-2.2088,-0.022088,False,102.3548,2.3548,0.023548,-0.045636,False
atr_k3,2026-05-01,C,0.576,0.010850752182865353,2026-05-01,126.84,2026-05-13,124.1,atr_trail,12,100.0,97.8398,-2.1602,-0.021602,False,103.0056,3.0056,0.030056,-0.051658,False
atr_k3,2026-05-01,FDX,0.592,0.009775482610038244,2026-05-01,317.22,2026-05-04,288.3159,atr_trail,3,100.0,90.8883,-9.1117,-0.091117,False,99.6337,-0.3663,-0.003663,-0.087453,False
atr_k3,2026-05-01,IWF,0.611,0.00903498049278939,2026-05-01,120.05,2026-06-05,122.69,atr_trail,35,100.0,102.1991,2.1991,0.021991,False,102.3451,2.3451,0.023451,-0.00146,False
atr_k3,2026-05-01,TOST,0.543,0.007371454307641301,2026-05-01,29.11,2026-05-08,25.05,atr_trail,7,100.0,86.0529,-13.9471,-0.139471,False,102.3548,2.3548,0.023548,-0.163019,False
atr_k3,2026-05-01,MSFT,0.558,0.006266768973713921,2026-05-01,413.5443,2026-06-03,427.34,atr_trail,33,100.0,103.336,3.336,0.03336,False,104.6611,4.6611,0.046611,-0.013251,False
atr_k3,2026-05-01,IWD,0.611,0.005958274655136986,2026-05-01,230.86,2026-06-12,242.13,open,42,100.0,104.8817,4.8817,0.048817,True,102.9279,2.9279,0.029279,0.019538,True
atr_k3,2026-05-01,ASML,0.535,0.005760938094678814,2026-05-01,1427.02,2026-06-12,1863.55,open,42,100.0,130.5903,30.5903,0.305903,True,102.9279,2.9279,0.029279,0.276624,True
atr_k3,2026-05-01,GS,0.537,0.004547885135632201,2026-05-01,919.6569,2026-06-10,1001.29,atr_trail,40,100.0,108.8765,8.8765,0.088765,False,100.6633,0.6633,0.006633,0.082132,True
atr_k3,2026-05-01,PTA,0.563,0.003300700110281829,2026-05-01,19.491,2026-06-12,19.21,open,42,100.0,98.5581,-1.4419,-0.014419,True,102.9279,2.9279,0.029279,-0.043698,False
atr_k3,2026-05-01,UHAL,0.524,0.0026707444969220617,2026-05-01,51.6,2026-05-13,49.55,atr_trail,12,100.0,96.0271,-3.9729,-0.039729,False,103.0056,3.0056,0.030056,-0.069785,False
atr_k3,2026-05-01,DBEU,0.542,0.0026350784325825938,2026-05-01,50.64,2026-06-12,52.87,open,42,100.0,104.4036,4.4036,0.044036,True,102.9279,2.9279,0.029279,0.014757,True
atr_k3,2026-05-01,AAPL,0.522,0.001901222976041561,2026-05-01,279.8821,2026-06-08,301.54,atr_trail,38,100.0,107.7382,7.7382,0.077382,False,102.5768,2.5768,0.025768,0.051614,True
atr_k3,2026-05-01,FTSL,0.611,0.001662416355150187,2026-05-01,44.8852,2026-06-12,44.92,open,42,100.0,100.0775,0.0775,0.000775,True,102.9279,2.9279,0.029279,-0.028504,False
atr_k3,2026-05-01,TJX,0.522,0.0015764281639014666,2026-05-01,156.318,2026-05-11,148.4239,atr_trail,10,100.0,94.9499,-5.0501,-0.050501,False,102.5879,2.5879,0.025879,-0.07638,False
atr_k3,2026-05-01,SCIO,0.563,0.0006236032459800978,2026-05-01,20.5846,2026-06-12,20.68,open,42,100.0,100.4635,0.4635,0.004635,True,102.9279,2.9279,0.029279,-0.024644,False
atr_k3,2026-05-01,FTCB,0.501,1.7963639638018947e-05,2026-05-01,20.8642,2026-06-12,20.88,open,42,100.0,100.0758,0.0758,0.000758,True,102.9279,2.9279,0.029279,-0.028521,False
atr_k3,2026-05-15,INTC,0.757,0.10488240126651616,2026-05-15,108.77,2026-06-05,99.17,atr_trail,21,100.0,91.174,-8.826,-0.08826,False,99.7808,-0.2192,-0.002192,-0.086068,False
atr_k3,2026-05-15,MRVL,0.783,0.09507384983444234,2026-05-15,176.89,2026-06-12,279.7,open,28,100.0,158.1209,58.1209,0.581209,True,100.349,0.349,0.00349,0.577718,True
atr_k3,2026-05-15,AMD,0.763,0.08809886640354714,2026-05-15,424.1,2026-06-10,452.4,atr_trail,26,100.0,106.673,6.673,0.06673,False,98.1412,-1.8588,-0.018588,0.085318,True
atr_k3,2026-05-15,AESI,0.683,0.05431291739122801,2026-05-15,18.87,2026-05-28,17.02,atr_trail,13,100.0,90.1961,-9.8039,-0.098039,False,102.0875,2.0875,0.020875,-0.118914,False
atr_k3,2026-05-15,CSCO,0.777,0.048690032003987804,2026-05-15,118.21,2026-06-12,121.1,open,28,100.0,102.4448,2.4448,0.024448,True,100.349,0.349,0.00349,0.020958,True
atr_k3,2026-05-15,KEYS,0.666,0.04102265868910093,2026-05-15,349.01,2026-06-01,330.0,atr_trail,17,100.0,94.5532,-5.4468,-0.054468,False,102.6205,2.6205,0.026205,-0.080673,False
atr_k3,2026-05-15,UNH,0.737,0.03748812196543483,2026-05-15,393.85,2026-06-12,408.52,open,28,100.0,103.7248,3.7248,0.037248,True,100.349,0.349,0.00349,0.033757,True
atr_k3,2026-05-15,COIN,0.54,0.01051572315065763,2026-05-15,195.43,2026-06-03,163.22,atr_trail,19,100.0,83.5184,-16.4816,-0.164816,False,102.0388,2.0388,0.020388,-0.185204,False
atr_k3,2026-05-15,P,0.542,0.008685746944579131,2026-05-15,81.18,2026-05-28,73.04,atr_trail,13,100.0,89.9729,-10.0271,-0.100271,False,102.0875,2.0875,0.020875,-0.121146,False
atr_k3,2026-05-15,MSFT,0.565,0.007064089952703689,2026-05-15,421.0081,2026-06-03,427.34,atr_trail,19,100.0,101.504,1.504,0.01504,False,102.0388,2.0388,0.020388,-0.005348,False
atr_k3,2026-05-15,GSKPX,0.567,0.0038729385661464555,2026-05-15,30.0,2026-06-05,30.06,atr_trail,21,100.0,100.2,0.2,0.002,False,99.7808,-0.2192,-0.002192,0.004192,True
atr_k3,2026-05-15,INTU,0.511,0.0023913682357852295,2026-05-15,393.0,2026-05-21,307.07,atr_trail,6,100.0,78.1349,-21.8651,-0.218651,False,100.4803,0.4803,0.004803,-0.223454,False
atr_k3,2026-05-15,CELFX,0.936,0.002270348314550086,2026-05-15,10.86,2026-06-12,10.89,open,28,100.0,100.2762,0.2762,0.002762,True,100.349,0.349,0.00349,-0.000728,False
atr_k3,2026-05-15,V,0.522,0.001981586205703545,2026-05-15,325.75,2026-06-02,317.32,atr_trail,18,100.0,97.4121,-2.5879,-0.025879,False,102.7599,2.7599,0.027599,-0.053477,False
atr_k3,2026-05-15,NSIT,0.506,0.0019175601583640844,2026-05-15,88.9,2026-06-12,111.05,open,28,100.0,124.9156,24.9156,0.249156,True,100.349,0.349,0.00349,0.245666,True
atr_k3,2026-05-15,ADP,0.505,0.0006936938298256479,2026-05-15,212.865,2026-06-12,226.21,open,28,100.0,106.2692,6.2692,0.062692,True,100.349,0.349,0.00349,0.059202,True
atr_k3,2026-05-15,CARR,0.501,7.51463128476626e-05,2026-05-15,64.67,2026-06-12,69.91,open,28,100.0,108.1027,8.1027,0.081027,True,100.349,0.349,0.00349,0.077536,True
atr_k3,2026-06-01,AMD,0.832,0.1177375889659602,2026-06-01,510.13,2026-06-10,452.4,atr_trail,9,100.0,88.6833,-11.3167,-0.113167,False,95.635,-4.365,-0.04365,-0.069518,False
atr_k3,2026-06-01,IFNNY,0.812,0.08687127296602792,2026-06-01,93.89,2026-06-05,85.02,atr_trail,4,100.0,90.5528,-9.4472,-0.094472,False,97.2328,-2.7672,-0.027672,-0.066801,False
atr_k3,2026-06-01,TXN,0.716,0.049561145078502955,2026-06-01,293.2,2026-06-12,301.12,open,11,100.0,102.7012,2.7012,0.027012,True,97.7865,-2.2135,-0.022135,0.049147,True
atr_k3,2026-06-01,GS,0.726,0.029785735898509413,2026-06-01,1048.58,2026-06-10,1001.29,atr_trail,9,100.0,95.4901,-4.5099,-0.045099,False,95.635,-4.365,-0.04365,-0.001449,False
atr_k3,2026-06-01,AAPL,0.717,0.021055134333178405,2026-06-01,306.31,2026-06-08,301.54,atr_trail,7,100.0,98.4428,-1.5572,-0.015572,False,97.453,-2.547,-0.02547,0.009898,True
atr_k3,2026-06-01,IHG,0.655,0.019603243393615966,2026-06-01,155.01,2026-06-12,167.12,open,11,100.0,107.8124,7.8124,0.078124,True,97.7865,-2.2135,-0.022135,0.100259,True
atr_k3,2026-06-01,CBZ,0.591,0.018760381823742067,2026-06-01,34.68,2026-06-12,35.26,open,11,100.0,101.6724,1.6724,0.016724,True,97.7865,-2.2135,-0.022135,0.038859,True
atr_k3,2026-06-01,FCX,0.559,0.012447437317679944,2026-06-01,67.04,2026-06-05,63.37,atr_trail,4,100.0,94.5257,-5.4743,-0.054743,False,97.2328,-2.7672,-0.027672,-0.027072,False
atr_k3,2026-06-01,NTES,0.563,0.006500383215039651,2026-06-01,122.5468,2026-06-12,125.82,open,11,100.0,102.671,2.671,0.02671,True,97.7865,-2.2135,-0.022135,0.048844,True
atr_k3,2026-06-01,SPG,0.577,0.0062111578216952346,2026-06-01,200.5004,2026-06-12,219.04,open,11,100.0,109.2467,9.2467,0.092467,True,97.7865,-2.2135,-0.022135,0.114601,True
atr_k3,2026-06-01,JPM,0.546,0.0036065717105784323,2026-06-01,296.58,2026-06-12,320.72,open,11,100.0,108.1395,8.1395,0.081395,True,97.7865,-2.2135,-0.022135,0.103529,True
atr_k4,2025-10-01,OPEN,0.69,0.2293874565983436,2025-10-01,8.06,2025-10-22,6.82,atr_trail,21,100.0,84.6154,-15.3846,-0.153846,False,99.9028,-0.0972,-0.000972,-0.152874,False
atr_k4,2025-10-01,GOOGL,0.815,0.03962102293863001,2025-10-01,244.4218,2026-02-06,322.4403,atr_trail,128,100.0,131.9196,31.9196,0.319196,False,103.6219,3.6219,0.036219,0.282977,True
atr_k4,2025-10-01,AAPL,0.705,0.023013427768410644,2025-10-01,254.7293,2025-12-15,273.6017,atr_trail,75,100.0,107.4088,7.4088,0.074088,False,101.8371,1.8371,0.018371,0.055717,True
atr_k4,2025-10-01,AVGO,0.63,0.021312589148331673,2025-10-01,332.0568,2025-11-11,350.5525,atr_trail,41,100.0,105.57,5.57,0.0557,False,102.1767,2.1767,0.021767,0.033934,True
atr_k4,2025-10-01,ORCL,0.564,0.01911171614543239,2025-10-01,286.7472,2025-10-22,270.9947,atr_trail,21,100.0,94.5065,-5.4935,-0.054935,False,99.9028,-0.0972,-0.000972,-0.053963,False
atr_k4,2025-10-01,NVDA,0.64,0.01657848381301541,2025-10-01,187.0015,2025-11-18,181.129,atr_trail,48,100.0,96.8596,-3.1404,-0.031404,False,98.7478,-1.2522,-0.012522,-0.018882,False
atr_k4,2025-10-01,UNH,0.59,0.01613386457493915,2025-10-01,343.3049,2025-10-30,339.8058,atr_trail,29,100.0,98.9808,-1.0192,-0.010192,False,101.7025,1.7025,0.017025,-0.027217,False
atr_k4,2025-10-01,QCOM,0.558,0.005837998218980012,2025-10-01,163.9813,2025-10-10,151.2756,atr_trail,9,100.0,92.2518,-7.7482,-0.077482,False,97.6917,-2.3083,-0.023083,-0.054399,False
atr_k4,2025-10-01,MCD,0.571,0.0038929745373337266,2025-10-01,295.0667,2025-11-03,290.992,atr_trail,33,100.0,98.6191,-1.3809,-0.013809,False,102.2275,2.2275,0.022275,-0.036085,False
atr_k4,2025-10-15,APP,0.701,0.05842853859795616,2025-10-15,602.3,2025-11-17,539.27,atr_trail,33,100.0,89.5351,-10.4649,-0.104649,False,100.0752,0.0752,0.000752,-0.105401,False
atr_k4,2025-10-15,GOOGL,0.764,0.0334579677821798,2025-10-15,250.5398,2026-02-06,322.4403,atr_trail,114,100.0,128.6982,28.6982,0.286982,False,104.1329,4.1329,0.041329,0.245653,True
atr_k4,2025-10-15,UNH,0.628,0.024777015049093132,2025-10-15,355.9706,2025-10-31,336.6616,atr_trail,16,100.0,94.5757,-5.4243,-0.054243,False,102.5392,2.5392,0.025392,-0.079635,False
atr_k4,2025-10-15,AVGO,0.629,0.024640450287666038,2025-10-15,349.925,2025-11-11,350.5525,atr_trail,27,100.0,100.1793,0.1793,0.001793,False,102.6805,2.6805,0.026805,-0.025012,False
atr_k4,2025-10-15,ORCL,0.573,0.02183245555792146,2025-10-15,301.7656,2025-10-22,270.9947,atr_trail,7,100.0,89.8031,-10.1969,-0.101969,False,100.3954,0.3954,0.003954,-0.105923,False
atr_k4,2025-10-15,AAPL,0.662,0.01831919500630419,2025-10-15,248.6366,2025-12-15,273.6017,atr_trail,61,100.0,110.0408,10.0408,0.100408,False,102.3393,2.3393,0.023393,0.077015,True
atr_k4,2025-10-15,BNS,0.7,0.015341549964374757,2025-10-15,64.51,2026-03-03,73.46,atr_trail,139,100.0,113.8738,13.8738,0.138738,False,102.5814,2.5814,0.025814,0.112925,True
atr_k4,2025-10-15,BMO,0.705,0.014683117560095438,2025-10-15,127.226,2025-11-04,121.5025,atr_trail,20,100.0,95.5013,-4.4987,-0.044987,False,101.5139,1.5139,0.015139,-0.060126,False
atr_k4,2025-10-15,RY,0.682,0.011911176685284408,2025-10-15,145.7814,2026-01-20,166.3009,atr_trail,97,100.0,114.0755,14.0755,0.140755,False,102.1667,2.1667,0.021667,0.119088,True
atr_k4,2025-10-15,NVDA,0.553,0.0059242896379094745,2025-10-15,179.6009,2025-11-18,181.129,atr_trail,34,100.0,100.8508,0.8508,0.008508,False,99.2348,-0.7652,-0.007652,0.01616,True
atr_k4,2025-10-15,VTEB,0.868,0.005454044279670889,2025-10-15,49.2284,2026-04-15,49.9808,time,182,100.0,101.5283,1.5283,0.015283,False,105.8264,5.8264,0.058264,-0.042981,False
atr_k4,2025-10-15,PANW,0.537,0.004117751213195353,2025-10-15,206.7,2025-11-13,204.77,atr_trail,29,100.0,99.0663,-0.9337,-0.009337,False,101.0328,1.0328,0.010328,-0.019665,False
atr_k4,2025-10-15,MCD,0.566,0.003697736306313537,2025-10-15,299.7109,2025-11-03,290.992,atr_trail,19,100.0,97.0909,-2.9091,-0.029091,False,102.7316,2.7316,0.027316,-0.056407,False
atr_k4,2025-10-15,TAXI,0.863,0.0034427910684382557,2025-10-15,50.0788,2026-04-15,50.9795,time,182,100.0,101.7985,1.7985,0.017985,False,105.8264,5.8264,0.058264,-0.040279,False
atr_k4,2025-10-15,NFLX,0.535,0.002749620721958168,2025-10-15,120.329,2025-10-24,109.469,atr_trail,9,100.0,90.9747,-9.0253,-0.090253,False,101.8161,1.8161,0.018161,-0.108413,False
atr_k4,2025-10-15,QCOM,0.522,0.0026281224125908054,2025-10-15,160.5143,2025-11-20,157.1852,atr_trail,36,100.0,97.926,-2.074,-0.02074,False,98.0997,-1.9003,-0.019003,-0.001737,False
atr_k4,2025-10-15,NDAQ,0.53,0.002238266349144924,2025-10-15,88.7516,2025-11-18,84.7112,atr_trail,34,100.0,95.4474,-4.5526,-0.045526,False,99.2348,-0.7652,-0.007652,-0.037873,False
atr_k4,2025-10-15,ARTFX,0.683,0.001968274562438088,2025-10-15,8.8297,2026-04-15,8.9549,time,182,100.0,101.4183,1.4183,0.014183,False,105.8264,5.8264,0.058264,-0.044081,False
atr_k4,2025-10-15,ALLY,0.515,0.0016171899950139235,2025-10-15,38.8523,2025-11-17,37.1894,atr_trail,33,100.0,95.7199,-4.2801,-0.042801,False,100.0752,0.0752,0.000752,-0.043552,False
atr_k4,2025-10-15,FFRHX,0.624,0.0013426506546234673,2025-10-15,8.7488,2026-04-15,8.8926,time,182,100.0,101.6441,1.6441,0.016441,False,105.8264,5.8264,0.058264,-0.041823,False
atr_k4,2025-10-15,PRI,0.505,0.0006300259955809295,2025-10-15,264.396,2025-11-06,247.1099,atr_trail,22,100.0,93.462,-6.538,-0.06538,False,100.7727,0.7727,0.007727,-0.073107,False
atr_k4,2025-10-15,META,0.502,0.00040808863388885896,2025-10-15,716.3519,2025-10-31,647.2675,atr_trail,16,100.0,90.3561,-9.6439,-0.096439,False,102.5392,2.5392,0.025392,-0.121831,False
atr_k4,2025-11-01,IREN,0.78,0.1397974723454134,2025-11-03,67.75,2025-11-13,48.65,atr_trail,10,100.0,71.8081,-28.1919,-0.281919,False,98.3464,-1.6536,-0.016536,-0.265382,False
atr_k4,2025-11-01,RGTI,0.719,0.11766122432550219,2025-11-03,39.12,2025-11-13,25.2,atr_trail,10,100.0,64.4172,-35.5828,-0.355828,False,98.3464,-1.6536,-0.016536,-0.339292,False
atr_k4,2025-11-01,STX,0.731,0.06257412777287108,2025-11-03,264.3939,2026-03-03,356.9973,atr_trail,120,100.0,135.0248,35.0248,0.350248,False,99.8537,-0.1463,-0.001463,0.351711,True
atr_k4,2025-11-01,ASML,0.788,0.04626850619545708,2025-11-03,1063.0927,2025-11-21,963.193,atr_trail,18,100.0,90.6029,-9.3971,-0.093971,False,96.4425,-3.5575,-0.035575,-0.058396,False
atr_k4,2025-11-01,GOOGL,0.797,0.040357928383258024,2025-11-03,283.1659,2026-02-06,322.4403,atr_trail,95,100.0,113.8697,13.8697,0.138697,False,101.364,1.364,0.01364,0.125057,True
atr_k4,2025-11-01,PANW,0.806,0.03340558497171364,2025-11-03,219.23,2025-11-13,204.77,atr_trail,10,100.0,93.4042,-6.5958,-0.065958,False,98.3464,-1.6536,-0.016536,-0.049422,False
atr_k4,2025-11-01,CAH,0.635,0.022630401263354694,2025-11-03,189.2881,2025-12-03,198.7317,atr_trail,30,100.0,104.989,4.989,0.04989,False,100.0805,0.0805,0.000805,0.049085,True
atr_k4,2025-11-01,AAPL,0.697,0.019917442446432787,2025-11-03,268.291,2025-12-15,273.6017,atr_trail,42,100.0,101.9794,1.9794,0.019794,False,99.618,-0.382,-0.00382,0.023614,True
atr_k4,2025-11-01,AMZN,0.582,0.010690847945075577,2025-11-03,254.0,2025-11-18,222.55,atr_trail,15,100.0,87.6181,-12.3819,-0.123819,False,96.5961,-3.4039,-0.034039,-0.08978,False
atr_k4,2025-11-01,DT,0.596,0.010574735764151244,2025-11-03,50.48,2025-11-06,46.06,atr_trail,3,100.0,91.2441,-8.7559,-0.087559,False,98.0932,-1.9068,-0.019068,-0.068491,False
atr_k4,2025-11-01,NTES,0.578,0.010359263230304894,2025-11-03,138.321,2025-11-21,130.9491,atr_trail,18,100.0,94.6705,-5.3295,-0.053295,False,96.4425,-3.5575,-0.035575,-0.01772,False
atr_k4,2025-11-01,BHP,0.598,0.009136258231976058,2025-11-03,55.0656,2025-11-20,51.5646,atr_trail,17,100.0,93.642,-6.358,-0.06358,False,95.4913,-4.5087,-0.045087,-0.018492,False
atr_k4,2025-11-01,IT,0.563,0.009057717868606208,2025-11-03,245.92,2025-12-05,229.77,atr_trail,32,100.0,93.4328,-6.5672,-0.065672,False,100.3439,0.3439,0.003439,-0.069111,False
atr_k4,2025-11-01,IVV,0.686,0.008663993936173453,2025-11-03,682.4503,2025-11-18,659.3538,atr_trail,15,100.0,96.6157,-3.3843,-0.033843,False,96.5961,-3.4039,-0.034039,0.000195,True
atr_k4,2025-11-01,PLTR,0.546,0.007237454716573666,2025-11-03,207.18,2025-11-06,175.05,atr_trail,3,100.0,84.4918,-15.5082,-0.155082,False,98.0932,-1.9068,-0.019068,-0.136014,False
atr_k4,2025-11-01,NVS,0.596,0.007045106145806557,2025-11-03,120.2015,2026-03-06,155.3904,atr_trail,123,100.0,129.275,29.275,0.29275,False,98.6869,-1.3131,-0.013131,0.305881,True
atr_k4,2025-11-01,AMGN,0.56,0.00517310223722367,2025-11-03,289.9872,2025-12-09,309.3542,atr_trail,36,100.0,106.6786,6.6786,0.066786,False,99.9561,-0.0439,-0.000439,0.067225,True
atr_k4,2025-11-01,SMR,0.509,0.0043885149721552,2025-11-03,40.83,2025-11-12,25.96,atr_trail,9,100.0,63.5807,-36.4193,-0.364193,False,100.0059,0.0059,5.9e-05,-0.364252,False
atr_k4,2025-11-01,HUM,0.523,0.0039805795449141534,2025-11-03,277.5548,2025-11-10,236.4055,atr_trail,7,100.0,85.1743,-14.8257,-0.148257,False,99.7219,-0.2781,-0.002781,-0.145476,False
atr_k4,2025-11-01,CVX,0.553,0.003563084820371376,2025-11-03,149.4936,2025-12-08,145.9327,atr_trail,35,100.0,97.6181,-2.3819,-0.023819,False,100.0424,0.0424,0.000424,-0.024244,False
atr_k4,2025-11-01,WTRG,0.528,0.001954128108640152,2025-11-03,37.0615,2025-12-08,36.7778,atr_trail,35,100.0,99.2344,-0.7656,-0.007656,False,100.0424,0.0424,0.000424,-0.00808,False
atr_k4,2025-11-15,CLS,0.678,0.05627955159882636,2025-11-17,309.37,2026-01-08,288.6,atr_trail,52,100.0,93.2864,-6.7136,-0.067136,False,103.8874,3.8874,0.038874,-0.106011,False
atr_k4,2025-11-15,GOOGL,0.752,0.03530521894685412,2025-11-17,284.4634,2026-02-06,322.4403,atr_trail,81,100.0,113.3504,13.3504,0.133504,False,104.0547,4.0547,0.040547,0.092957,True
atr_k4,2025-11-15,APP,0.599,0.024701965356474398,2025-11-17,539.27,2026-01-02,618.32,atr_trail,46,100.0,114.6587,14.6587,0.146587,False,102.9322,2.9322,0.029322,0.117265,True
atr_k4,2025-11-15,TSM,0.652,0.0239374212222474,2025-11-17,279.8052,2025-12-17,275.5365,atr_trail,30,100.0,98.4744,-1.5256,-0.015256,False,100.8608,0.8608,0.008608,-0.023864,False
atr_k4,2025-11-15,AAPL,0.708,0.02166581970239001,2025-11-17,266.964,2025-12-15,273.6017,atr_trail,28,100.0,102.4864,2.4864,0.024864,False,102.2624,2.2624,0.022624,0.00224,True
atr_k4,2025-11-15,HURN,0.643,0.020778770260122537,2025-11-17,160.53,2026-01-02,171.05,atr_trail,46,100.0,106.5533,6.5533,0.065533,False,102.9322,2.9322,0.029322,0.036211,True
atr_k4,2025-11-15,NVT,0.636,0.019920721490759075,2025-11-17,103.7412,2025-12-17,94.6717,atr_trail,30,100.0,91.2576,-8.7424,-0.087424,False,100.8608,0.8608,0.008608,-0.096032,False
atr_k4,2025-11-15,EQT,0.635,0.017112727069472422,2025-11-17,58.7086,2025-12-15,54.8603,atr_trail,28,100.0,93.4451,-6.5549,-0.065549,False,102.2624,2.2624,0.022624,-0.088173,False
atr_k4,2025-11-15,HOOD,0.539,0.00927981941485534,2025-11-17,115.97,2025-12-29,117.43,atr_trail,42,100.0,101.2589,1.2589,0.012589,False,103.6373,3.6373,0.036373,-0.023784,False
atr_k4,2025-11-15,PLTR,0.549,0.009246275571362483,2025-11-17,171.25,2026-01-02,167.86,atr_trail,46,100.0,98.0204,-1.9796,-0.019796,False,102.9322,2.9322,0.029322,-0.049118,False
atr_k4,2025-11-15,FTGC,0.655,0.008290408531735016,2025-11-17,22.8577,2025-12-16,22.3911,atr_trail,29,100.0,97.9584,-2.0416,-0.020416,False,101.983,1.983,0.01983,-0.040246,False
atr_k4,2025-11-15,NVDA,0.553,0.00729763026351038,2025-11-17,186.3623,2025-12-17,170.7318,atr_trail,30,100.0,91.6128,-8.3872,-0.083872,False,100.8608,0.8608,0.008608,-0.09248,False
atr_k4,2025-11-15,EIPI,0.613,0.004056996619204778,2025-11-17,19.2807,2025-12-16,19.0184,atr_trail,29,100.0,98.6396,-1.3604,-0.013604,False,101.983,1.983,0.01983,-0.033434,False
atr_k4,2025-11-15,FIVE,0.522,0.003267863317467423,2025-11-17,147.72,2026-01-27,187.24,atr_trail,71,100.0,126.7533,26.7533,0.267533,False,104.7884,4.7884,0.047884,0.219649,True
atr_k4,2025-11-15,SHOP,0.51,0.001985678794187651,2025-11-17,139.93,2026-01-20,144.5,atr_trail,64,100.0,103.2659,3.2659,0.032659,False,102.09,2.09,0.0209,0.01176,True
atr_k4,2025-11-15,LCII,0.503,0.0004382065275045921,2025-11-17,101.831,2026-02-19,143.0667,atr_trail,94,100.0,140.4943,40.4943,0.404943,False,103.1296,3.1296,0.031296,0.373647,True
atr_k4,2025-11-15,INTU,0.504,0.00032432260678261216,2025-11-17,642.806,2026-01-13,603.4153,atr_trail,57,100.0,93.8721,-6.1279,-0.061279,False,104.5293,4.5293,0.045293,-0.106572,False
atr_k4,2025-12-01,BE,0.611,0.0585272446027576,2025-12-01,98.93,2025-12-17,76.97,atr_trail,16,100.0,77.8025,-22.1975,-0.221975,False,98.6961,-1.3039,-0.013039,-0.208936,False
atr_k4,2025-12-01,GOOGL,0.761,0.03561989869414828,2025-12-01,314.2751,2026-02-06,322.4403,atr_trail,67,100.0,102.5981,2.5981,0.025981,False,101.8214,1.8214,0.018214,0.007767,True
atr_k4,2025-12-01,CLS,0.588,0.0265020626649084,2025-12-01,318.37,2026-01-08,288.6,atr_trail,38,100.0,90.6492,-9.3508,-0.093508,False,101.6578,1.6578,0.016578,-0.110085,False
atr_k4,2025-12-01,VALE,0.756,0.02345420463186243,2025-12-01,12.0522,2026-03-05,15.42,atr_trail,94,100.0,127.9439,27.9439,0.279439,False,100.4488,0.4488,0.004488,0.274951,True
atr_k4,2025-12-01,UTHR,0.67,0.0232719000907311,2025-12-01,479.95,2025-12-31,487.25,atr_trail,30,100.0,101.521,1.521,0.01521,False,100.5388,0.5388,0.005388,0.009822,True
atr_k4,2025-12-01,TMO,0.669,0.021795384397548023,2025-12-01,584.1329,2026-01-29,591.5751,atr_trail,59,100.0,101.2741,1.2741,0.012741,False,102.3257,2.3257,0.023257,-0.010516,False
atr_k4,2025-12-01,AAPL,0.706,0.02107372554380138,2025-12-01,282.575,2025-12-15,273.6017,atr_trail,14,100.0,96.8244,-3.1756,-0.031756,False,100.0676,0.0676,0.000676,-0.032432,False
atr_k4,2025-12-01,AZTA,0.578,0.017765656280792408,2025-12-01,34.86,2025-12-29,34.68,atr_trail,28,100.0,99.4836,-0.5164,-0.005164,False,101.413,1.413,0.01413,-0.019294,False
atr_k4,2025-12-01,BABA,0.586,0.016567850209439516,2025-12-01,162.7652,2025-12-16,147.9314,atr_trail,15,100.0,90.8864,-9.1136,-0.091136,False,99.7942,-0.2058,-0.002058,-0.089078,False
atr_k4,2025-12-01,CSCO,0.667,0.016163221168648878,2025-12-01,75.2276,2026-01-02,75.6302,atr_trail,32,100.0,100.5351,0.5351,0.005351,False,100.7231,0.7231,0.007231,-0.001879,False
atr_k4,2025-12-01,BCS,0.642,0.015753242254312738,2025-12-01,22.4804,2026-02-05,25.1781,atr_trail,66,100.0,112.0,12.0,0.12,False,99.9048,-0.0952,-0.000952,0.120952,True
atr_k4,2025-12-01,APP,0.553,0.012563167199420855,2025-12-01,623.59,2026-01-02,618.32,atr_trail,32,100.0,99.1549,-0.8451,-0.008451,False,100.7231,0.7231,0.007231,-0.015682,False
atr_k4,2025-12-01,AXP,0.613,0.012428016302265865,2025-12-01,358.3784,2026-01-12,358.4568,atr_trail,42,100.0,100.0219,0.0219,0.000219,False,102.4908,2.4908,0.024908,-0.024689,False
atr_k4,2025-12-01,AZN,0.604,0.012309997124248406,2025-12-01,179.1721,2026-03-12,192.5,atr_trail,101,100.0,107.4386,7.4386,0.074386,False,98.2004,-1.7996,-0.017996,0.092382,True
atr_k4,2025-12-01,APG,0.608,0.012146470411791288,2025-12-01,38.98,2026-03-05,42.09,atr_trail,94,100.0,107.9785,7.9785,0.079785,False,100.4488,0.4488,0.004488,0.075296,True
atr_k4,2025-12-01,AVGO,0.563,0.011784329856131759,2025-12-01,384.536,2025-12-15,338.4511,atr_trail,14,100.0,88.0154,-11.9846,-0.119846,False,100.0676,0.0676,0.000676,-0.120522,False
atr_k4,2025-12-01,CCJ,0.547,0.011406938483085938,2025-12-01,87.53,2026-02-05,109.28,atr_trail,66,100.0,124.8486,24.8486,0.248486,False,99.9048,-0.0952,-0.000952,0.249438,True
atr_k4,2025-12-01,GS,0.604,0.01063361906273852,2025-12-01,799.1141,2026-02-05,881.8619,atr_trail,66,100.0,110.355,10.355,0.10355,False,99.9048,-0.0952,-0.000952,0.104502,True
atr_k4,2025-12-01,AVAV,0.538,0.007557422017004489,2025-12-01,257.8,2025-12-12,239.0,atr_trail,11,100.0,92.7075,-7.2925,-0.072925,False,100.219,0.219,0.00219,-0.075115,False
atr_k4,2025-12-01,DELL,0.542,0.007356997271979582,2025-12-01,131.109,2025-12-18,122.0269,atr_trail,17,100.0,93.0729,-6.9271,-0.069271,False,99.4414,-0.5586,-0.005586,-0.063685,False
atr_k4,2025-12-01,NVDA,0.551,0.007266196212135423,2025-12-01,179.6908,2026-02-04,173.9778,atr_trail,65,100.0,96.8207,-3.1793,-0.031793,False,101.1683,1.1683,0.011683,-0.043477,False
atr_k4,2025-12-01,RY,0.641,0.006847532378551069,2025-12-01,151.8499,2026-01-20,166.3009,atr_trail,50,100.0,109.5166,9.5166,0.095166,False,99.8989,-0.1011,-0.001011,0.096178,True
atr_k4,2025-12-01,ALIZY,0.565,0.004259569486146919,2025-12-01,41.0057,2026-01-12,42.3738,atr_trail,42,100.0,103.3364,3.3364,0.033364,False,102.4908,2.4908,0.024908,0.008457,True
atr_k4,2025-12-01,UNM,0.54,0.0032053032342449495,2025-12-01,74.3044,2026-01-16,75.1838,atr_trail,46,100.0,101.1835,1.1835,0.011835,False,101.9748,1.9748,0.019748,-0.007913,False
atr_k4,2025-12-01,FTNT,0.522,0.0020973130373636018,2025-12-01,81.82,2025-12-17,79.38,atr_trail,16,100.0,97.0178,-2.9822,-0.029822,False,98.6961,-1.3039,-0.013039,-0.016783,False
atr_k4,2025-12-01,UNH,0.512,0.0016000716658375325,2025-12-01,318.5747,2026-01-27,280.5192,atr_trail,57,100.0,88.0544,-11.9456,-0.119456,False,102.5394,2.5394,0.025394,-0.14485,False
atr_k4,2025-12-15,COHR,0.65,0.04872310673953528,2025-12-15,178.45,2026-03-30,219.65,atr_trail,105,100.0,123.0877,23.0877,0.230877,False,93.3657,-6.6343,-0.066343,0.29722,True
atr_k4,2025-12-15,ISRG,0.667,0.02704103960034132,2025-12-15,559.52,2026-01-14,546.76,atr_trail,30,100.0,97.7195,-2.2805,-0.022805,False,101.7143,1.7143,0.017143,-0.039949,False
atr_k4,2025-12-15,JNJ,0.849,0.0257925018263514,2025-12-15,211.8193,2026-01-09,202.1466,atr_trail,25,100.0,95.4335,-4.5665,-0.045665,False,102.2609,2.2609,0.022609,-0.068274,False
atr_k4,2025-12-15,IDEXY,0.671,0.02314438485659931,2025-12-15,15.7861,2026-01-20,15.8353,atr_trail,36,100.0,100.3113,0.3113,0.003113,False,99.8314,-0.1686,-0.001686,0.0048,True
atr_k4,2025-12-15,TMO,0.686,0.023104214491500796,2025-12-15,575.3412,2026-01-29,591.5751,atr_trail,45,100.0,102.8216,2.8216,0.028216,False,102.2565,2.2565,0.022565,0.005651,True
atr_k4,2025-12-15,KDP,0.629,0.015194011358456772,2025-12-15,28.7362,2025-12-31,27.5368,atr_trail,16,100.0,95.8262,-4.1738,-0.041738,False,100.4708,0.4708,0.004708,-0.046446,False
atr_k4,2025-12-15,HAYW,0.565,0.008380840037055526,2025-12-15,15.97,2026-02-03,15.49,atr_trail,50,100.0,96.9944,-3.0056,-0.030056,False,101.592,1.592,0.01592,-0.045977,False
atr_k4,2025-12-15,TM,0.579,0.008112709600623269,2025-12-15,214.81,2026-03-05,221.48,atr_trail,80,100.0,103.1051,3.1051,0.031051,False,100.3809,0.3809,0.003809,0.027241,True
atr_k4,2025-12-15,COF,0.567,0.0076505511710902585,2025-12-15,237.8748,2026-01-12,231.3182,atr_trail,28,100.0,97.2437,-2.7563,-0.027563,False,102.4215,2.4215,0.024215,-0.051779,False
atr_k4,2025-12-15,CVCO,0.53,0.005818001802332828,2025-12-15,598.17,2026-01-27,632.89,atr_trail,43,100.0,105.8044,5.8044,0.058044,False,102.4702,2.4702,0.024702,0.033342,True
atr_k4,2025-12-15,BCE,0.562,0.0044992398452330384,2025-12-15,23.3155,2025-12-22,22.4464,atr_trail,7,100.0,96.2728,-3.7272,-0.037272,False,100.8996,0.8996,0.008996,-0.046268,False
atr_k4,2025-12-15,IFF,0.545,0.004420901058443061,2025-12-15,63.4031,2026-03-05,74.9374,atr_trail,80,100.0,118.192,18.192,0.18192,False,100.3809,0.3809,0.003809,0.178111,True
atr_k4,2025-12-15,MET,0.54,0.003290334085508162,2025-12-15,81.3985,2026-01-12,77.1714,atr_trail,28,100.0,94.8069,-5.1931,-0.051931,False,102.4215,2.4215,0.024215,-0.076146,False
atr_k4,2025-12-15,BMO,0.541,0.0024284140937009813,2025-12-15,131.0053,2026-03-13,134.4573,atr_trail,88,100.0,102.635,2.635,0.02635,False,97.5786,-2.4214,-0.024214,0.050563,True
atr_k4,2025-12-15,APO,0.515,0.00218718150967101,2025-12-15,145.6186,2026-01-20,137.4962,atr_trail,36,100.0,94.4221,-5.5779,-0.055779,False,99.8314,-0.1686,-0.001686,-0.054093,False
atr_k4,2025-12-15,AXAHY,0.53,0.0019219659426228386,2025-12-15,45.237,2026-01-09,43.9434,atr_trail,25,100.0,97.1405,-2.8595,-0.028595,False,102.2609,2.2609,0.022609,-0.051205,False
atr_k4,2025-12-15,CRM,0.513,0.0018825669232021003,2025-12-15,252.883,2026-01-13,239.8396,atr_trail,29,100.0,94.8421,-5.1579,-0.051579,False,102.2167,2.2167,0.022167,-0.073746,False
atr_k4,2025-12-15,D,0.526,0.0015603968386634914,2025-12-15,58.622,2026-03-04,61.9497,atr_trail,79,100.0,105.6765,5.6765,0.056765,False,100.9438,0.9438,0.009438,0.047327,True
atr_k4,2025-12-15,VTEB,0.662,0.0012976467163468008,2025-12-15,49.3864,2026-06-12,50.3,open,179,100.0,101.8499,1.8499,0.018499,True,109.5843,9.5843,0.095843,-0.077344,False
atr_k4,2025-12-15,CL,0.513,0.0010452028353857834,2025-12-15,78.459,2026-03-05,92.0976,atr_trail,80,100.0,117.3832,17.3832,0.173832,False,100.3809,0.3809,0.003809,0.170022,True
atr_k4,2025-12-15,UNH,0.505,0.0006469968858975328,2025-12-15,338.4687,2026-01-27,280.5192,atr_trail,43,100.0,82.8789,-17.1211,-0.171211,False,102.4702,2.4702,0.024702,-0.195912,False
atr_k4,2026-01-01,GOOGL,0.708,0.028974689822372612,2026-01-02,314.7403,2026-02-06,322.4403,atr_trail,35,100.0,102.4465,2.4465,0.024465,False,101.0905,1.0905,0.010905,0.01356,True
atr_k4,2026-01-01,WFC,0.655,0.01720484420415236,2026-01-02,94.1959,2026-01-14,88.3086,atr_trail,12,100.0,93.75,-6.25,-0.0625,False,101.0524,1.0524,0.010524,-0.073024,False
atr_k4,2026-01-01,PUK,0.655,0.01299341603508597,2026-01-02,31.2264,2026-02-12,29.3908,atr_trail,41,100.0,94.1214,-5.8786,-0.058786,False,99.7219,-0.2781,-0.002781,-0.056005,False
atr_k4,2026-01-01,NVDA,0.501,0.00026891810838791663,2026-01-02,188.6199,2026-02-04,173.9778,atr_trail,33,100.0,92.2372,-7.7628,-0.077628,False,100.4421,0.4421,0.004421,-0.082048,False
atr_k4,2026-01-01,VZ,0.502,0.00024508398959999234,2026-01-02,39.2388,2026-04-01,48.6581,atr_trail,89,100.0,124.0052,24.0052,0.240052,False,96.1736,-3.8264,-0.038264,0.278316,True
atr_k4,2026-01-15,AA,0.74,0.06375577153647383,2026-01-15,63.6039,2026-03-23,55.9904,atr_trail,67,100.0,88.0299,-11.9701,-0.119701,False,94.9338,-5.0662,-0.050662,-0.06904,False
atr_k4,2026-01-15,DLTR,0.763,0.042553304039172346,2026-01-15,141.21,2026-01-22,126.79,atr_trail,7,100.0,89.7883,-10.2117,-0.102117,False,99.5291,-0.4709,-0.004709,-0.097408,False
atr_k4,2026-01-15,GOOGL,0.763,0.0342303112398914,2026-01-15,332.3474,2026-02-06,322.4403,atr_trail,22,100.0,97.019,-2.981,-0.02981,False,99.766,-0.234,-0.00234,-0.027469,False
atr_k4,2026-01-15,CNC,0.643,0.030825705095671507,2026-01-15,47.27,2026-02-04,40.96,atr_trail,20,100.0,86.6512,-13.3488,-0.133488,False,99.126,-0.874,-0.00874,-0.124749,False
atr_k4,2026-01-15,GS,0.748,0.03079086959876176,2026-01-15,966.4916,2026-02-05,881.8619,atr_trail,21,100.0,91.2436,-8.7564,-0.087564,False,97.888,-2.112,-0.02112,-0.066444,False
atr_k4,2026-01-15,BMY,0.722,0.030129828379739543,2026-01-15,56.0421,2026-03-12,58.3484,atr_trail,56,100.0,104.1152,4.1152,0.041152,False,96.2181,-3.7819,-0.037819,0.078971,True
atr_k4,2026-01-15,DY,0.667,0.027113827655952827,2026-01-15,365.65,2026-03-05,369.98,atr_trail,49,100.0,101.1842,1.1842,0.011842,False,98.4211,-1.5789,-0.015789,0.027631,True
atr_k4,2026-01-15,C,0.698,0.022122469354102225,2026-01-15,116.3008,2026-02-13,110.3381,atr_trail,29,100.0,94.873,-5.127,-0.05127,False,98.4846,-1.5154,-0.015154,-0.036116,False
atr_k4,2026-01-15,DOV,0.686,0.021146833831949374,2026-01-15,204.8861,2026-03-05,215.0525,atr_trail,49,100.0,104.962,4.962,0.04962,False,98.4211,-1.5789,-0.015789,0.065409,True
atr_k4,2026-01-15,PUK,0.739,0.01995139177227845,2026-01-15,31.4633,2026-02-12,29.3908,atr_trail,28,100.0,93.4128,-6.5872,-0.065872,False,98.4153,-1.5847,-0.015847,-0.050025,False
atr_k4,2026-01-15,TSM,0.64,0.017887244268596447,2026-01-15,339.8841,2026-03-06,337.1482,atr_trail,50,100.0,99.1951,-0.8049,-0.008049,False,97.1311,-2.8689,-0.028689,0.02064,True
atr_k4,2026-01-15,PRU,0.736,0.01777338322649835,2026-01-15,113.3272,2026-01-20,105.4626,atr_trail,5,100.0,93.0602,-6.9398,-0.069398,False,97.8822,-2.1178,-0.021178,-0.04822,False
atr_k4,2026-01-15,DRI,0.652,0.016883595240862803,2026-01-15,212.6926,2026-01-28,194.9988,atr_trail,13,100.0,91.6811,-8.3189,-0.083189,False,100.4594,0.4594,0.004594,-0.087783,False
atr_k4,2026-01-15,ACN,0.641,0.01649994310430447,2026-01-15,285.3501,2026-02-03,239.1817,atr_trail,19,100.0,83.8204,-16.1796,-0.161796,False,99.6085,-0.3915,-0.003915,-0.157881,False
atr_k4,2026-01-15,DVN,0.607,0.01525786063257284,2026-01-15,36.1313,2026-04-09,47.88,atr_trail,84,100.0,132.5167,32.5167,0.325167,False,98.4871,-1.5129,-0.015129,0.340297,True
atr_k4,2026-01-15,BA,0.604,0.015204637769681728,2026-01-15,247.74,2026-01-30,233.72,atr_trail,15,100.0,94.3408,-5.6592,-0.056592,False,99.961,-0.039,-0.00039,-0.056202,False
atr_k4,2026-01-15,DE,0.622,0.013910627533078035,2026-01-15,513.538,2026-03-13,575.8159,atr_trail,57,100.0,112.1272,12.1272,0.121272,False,95.6735,-4.3265,-0.043265,0.164538,True
atr_k4,2026-01-15,CVX,0.608,0.01061473002867519,2026-01-15,163.0569,2026-04-08,191.1393,atr_trail,83,100.0,117.2225,17.2225,0.172225,False,97.9221,-2.0779,-0.020779,0.193004,True
atr_k4,2026-01-15,GLOB,0.565,0.010529960645238035,2026-01-15,67.48,2026-02-05,57.72,atr_trail,21,100.0,85.5365,-14.4635,-0.144635,False,97.888,-2.112,-0.02112,-0.123516,False
atr_k4,2026-01-15,DHR,0.629,0.010237461665582037,2026-01-15,239.3797,2026-01-28,224.0624,atr_trail,13,100.0,93.6012,-6.3988,-0.063988,False,100.4594,0.4594,0.004594,-0.068581,False
atr_k4,2026-01-15,XLV,0.67,0.010071041931917657,2026-01-15,156.3174,2026-03-05,153.2799,atr_trail,49,100.0,98.0568,-1.9432,-0.019432,False,98.4211,-1.5789,-0.015789,-0.003642,False
atr_k4,2026-01-15,CSCO,0.595,0.008131598839709264,2026-01-15,74.8444,2026-02-12,74.5958,atr_trail,28,100.0,99.6678,-0.3322,-0.003322,False,98.4153,-1.5847,-0.015847,0.012525,True
atr_k4,2026-01-15,XLP,0.607,0.005705955768826154,2026-01-15,81.909,2026-03-05,84.9319,atr_trail,49,100.0,103.6907,3.6907,0.036907,False,98.4211,-1.5789,-0.015789,0.052696,True
atr_k4,2026-01-15,JPM,0.558,0.005349863138754518,2026-01-15,307.6854,2026-02-23,296.1544,atr_trail,39,100.0,96.2523,-3.7477,-0.037477,False,98.5771,-1.4229,-0.014229,-0.023247,False
atr_k4,2026-01-15,CF,0.547,0.005186351560295899,2026-01-15,85.7899,2026-04-14,118.4763,atr_trail,89,100.0,138.1005,38.1005,0.381005,False,100.5947,0.5947,0.005947,0.375059,True
atr_k4,2026-01-15,MMM,0.553,0.0038065619159644015,2026-01-15,169.4593,2026-01-20,154.6229,atr_trail,5,100.0,91.2449,-8.7551,-0.087551,False,97.8822,-2.1178,-0.021178,-0.066374,False
atr_k4,2026-01-15,WM,0.545,0.0033152346543994238,2026-01-15,218.0443,2026-03-23,226.5482,atr_trail,67,100.0,103.9001,3.9001,0.039001,False,94.9338,-5.0662,-0.050662,0.089663,True
atr_k4,2026-02-01,XOM,0.768,0.026895450873499982,2026-02-02,136.5567,2026-04-08,155.1668,atr_trail,65,100.0,113.6281,13.6281,0.136281,False,97.4758,-2.5242,-0.025242,0.161523,True
atr_k4,2026-02-01,GOOGL,0.698,0.023655762915464784,2026-02-02,343.2432,2026-02-06,322.4403,atr_trail,4,100.0,93.9393,-6.0607,-0.060607,False,99.3112,-0.6888,-0.006888,-0.053719,False
atr_k4,2026-02-01,SWK,0.641,0.020869873371719416,2026-02-02,77.4534,2026-03-03,79.8802,atr_trail,29,100.0,103.1333,3.1333,0.031333,False,97.8315,-2.1685,-0.021685,0.053018,True
atr_k4,2026-02-01,WMT,0.695,0.018627466313953178,2026-02-02,123.5701,2026-03-11,123.0023,atr_trail,37,100.0,99.5405,-0.4595,-0.004595,False,97.2563,-2.7437,-0.027437,0.022842,True
atr_k4,2026-02-01,HON,0.697,0.01840010449909313,2026-02-02,225.1982,2026-03-12,232.1243,atr_trail,38,100.0,103.0756,3.0756,0.030756,False,95.7795,-4.2205,-0.042205,0.072961,True
atr_k4,2026-02-01,UPS,0.67,0.01770643565188945,2026-02-02,106.9505,2026-03-04,108.6682,atr_trail,30,100.0,101.606,1.606,0.01606,False,98.5217,-1.4783,-0.014783,0.030843,True
atr_k4,2026-02-01,LLY,0.633,0.01607878281450903,2026-02-02,1040.599,2026-03-05,981.5703,atr_trail,31,100.0,94.3274,-5.6726,-0.056726,False,97.9724,-2.0276,-0.020276,-0.03645,False
atr_k4,2026-02-01,FMAO,0.599,0.013710352159686856,2026-02-02,27.4446,2026-02-27,25.6308,atr_trail,25,100.0,93.3911,-6.6089,-0.066089,False,98.6454,-1.3546,-0.013546,-0.052543,False
atr_k4,2026-02-01,T,0.611,0.009840774341263403,2026-02-02,26.0276,2026-04-08,27.0667,atr_trail,65,100.0,103.9924,3.9924,0.039924,False,97.4758,-2.5242,-0.025242,0.065166,True
atr_k4,2026-02-01,AB,0.591,0.009621310156236351,2026-02-02,40.0429,2026-03-06,37.1196,atr_trail,32,100.0,92.6996,-7.3004,-0.073004,False,96.6883,-3.3117,-0.033117,-0.039887,False
atr_k4,2026-02-01,EOG,0.591,0.008690715112313008,2026-02-02,107.5748,2026-04-09,135.5277,atr_trail,66,100.0,125.9847,25.9847,0.259847,False,98.0381,-1.9619,-0.019619,0.279466,True
atr_k4,2026-02-01,WPC,0.622,0.008621028664059338,2026-02-02,67.4337,2026-03-18,69.0217,atr_trail,44,100.0,102.3548,2.3548,0.023548,False,95.1137,-4.8863,-0.048863,0.072412,True
atr_k4,2026-02-01,PG,0.563,0.004660474033558737,2026-02-02,152.0451,2026-03-05,152.8391,atr_trail,31,100.0,100.5222,0.5222,0.005222,False,97.9724,-2.0276,-0.020276,0.025498,True
atr_k4,2026-02-01,IBM,0.529,0.0028134367203185295,2026-02-02,310.6593,2026-02-11,270.8168,atr_trail,9,100.0,87.1749,-12.8251,-0.128251,False,99.5039,-0.4961,-0.004961,-0.12329,False
atr_k4,2026-02-01,PEG,0.531,0.0019245449253115776,2026-02-02,78.9831,2026-03-19,82.0666,atr_trail,45,100.0,103.9039,3.9039,0.039039,False,94.8793,-5.1207,-0.051207,0.090247,True
atr_k4,2026-02-15,MCHP,0.737,0.052470292748030056,2026-02-17,78.086,2026-03-03,71.0335,atr_trail,14,100.0,90.9683,-9.0317,-0.090317,False,99.631,-0.369,-0.00369,-0.086627,False
atr_k4,2026-02-15,AMKR,0.652,0.04844861404706413,2026-02-17,46.6979,2026-03-12,41.2236,atr_trail,23,100.0,88.2773,-11.7227,-0.117227,False,97.5412,-2.4588,-0.024588,-0.092639,False
atr_k4,2026-02-15,BNPQY,0.835,0.03805293164442869,2026-02-17,53.5223,2026-03-03,50.43,atr_trail,14,100.0,94.2224,-5.7776,-0.057776,False,99.631,-0.369,-0.00369,-0.054086,False
atr_k4,2026-02-15,MPWR,0.703,0.037079454311589766,2026-02-17,1170.8392,2026-03-06,1021.1184,atr_trail,17,100.0,87.2125,-12.7875,-0.127875,False,98.4667,-1.5333,-0.015333,-0.112542,False
atr_k4,2026-02-15,LRN,0.702,0.03242458632865586,2026-02-17,83.78,2026-04-28,92.58,atr_trail,70,100.0,110.5037,10.5037,0.105037,False,104.5081,4.5081,0.045081,0.059956,True
atr_k4,2026-02-15,IFF,0.719,0.028192771647188808,2026-02-17,82.2542,2026-03-05,74.9374,atr_trail,16,100.0,91.1047,-8.8953,-0.088953,False,99.7745,-0.2255,-0.002255,-0.086698,False
atr_k4,2026-02-15,JNJ,0.815,0.024574184813608735,2026-02-17,240.6592,2026-03-18,235.9232,atr_trail,29,100.0,98.0321,-1.9679,-0.019679,False,96.8632,-3.1368,-0.031368,0.011689,True
atr_k4,2026-02-15,VSEC,0.611,0.024190731819262012,2026-02-17,213.244,2026-03-13,194.8523,atr_trail,24,100.0,91.3753,-8.6247,-0.086247,False,96.9891,-3.0109,-0.030109,-0.056138,False
atr_k4,2026-02-15,AME,0.777,0.023237630674112886,2026-02-17,232.9601,2026-03-06,221.6281,atr_trail,17,100.0,95.1356,-4.8644,-0.048644,False,98.4667,-1.5333,-0.015333,-0.033311,False
atr_k4,2026-02-15,APG,0.686,0.0218446109536079,2026-02-17,44.43,2026-03-05,42.09,atr_trail,16,100.0,94.7333,-5.2667,-0.052667,False,99.7745,-0.2255,-0.002255,-0.050412,False
atr_k4,2026-02-15,GPC,0.683,0.019389738644943533,2026-02-17,123.2558,2026-03-12,105.8567,atr_trail,23,100.0,85.8837,-14.1163,-0.141163,False,97.5412,-2.4588,-0.024588,-0.116574,False
atr_k4,2026-02-15,GGFPX,0.813,0.018751127554431868,2026-02-17,19.98,2026-03-03,19.32,atr_trail,14,100.0,96.6967,-3.3033,-0.033033,False,99.631,-0.369,-0.00369,-0.029343,False
atr_k4,2026-02-15,BDX,0.667,0.01873817770683739,2026-02-17,175.0205,2026-03-06,164.897,atr_trail,17,100.0,94.2158,-5.7842,-0.057842,False,98.4667,-1.5333,-0.015333,-0.042509,False
atr_k4,2026-02-15,FCFS,0.667,0.018692253249575685,2026-02-17,183.1413,2026-06-01,213.76,atr_trail,104,100.0,116.7186,16.7186,0.167186,False,111.3878,11.3878,0.113878,0.053308,True
atr_k4,2026-02-15,CRS,0.602,0.018353571852208317,2026-02-17,374.705,2026-03-13,361.1114,atr_trail,24,100.0,96.3722,-3.6278,-0.036278,False,96.9891,-3.0109,-0.030109,-0.006169,False
atr_k4,2026-02-15,ETN,0.619,0.016440333053757916,2026-02-17,389.1975,2026-03-06,345.7136,atr_trail,17,100.0,88.8273,-11.1727,-0.111727,False,98.4667,-1.5333,-0.015333,-0.096394,False
atr_k4,2026-02-15,COST,0.671,0.015739388199377036,2026-02-17,1010.5836,2026-03-23,964.3307,atr_trail,34,100.0,95.4231,-4.5769,-0.045769,False,96.2393,-3.7607,-0.037607,-0.008161,False
atr_k4,2026-02-15,C,0.611,0.014678054409518415,2026-02-17,113.2443,2026-03-27,106.8744,atr_trail,38,100.0,94.3751,-5.6249,-0.056249,False,93.1129,-6.8871,-0.068871,0.012622,True
atr_k4,2026-02-15,BNS,0.678,0.013358119928098988,2026-02-17,76.22,2026-03-03,73.46,atr_trail,14,100.0,96.3789,-3.6211,-0.036211,False,99.631,-0.369,-0.00369,-0.032521,False
atr_k4,2026-02-15,PG,0.638,0.011176325815261512,2026-02-17,158.3576,2026-03-05,152.8391,atr_trail,16,100.0,96.5152,-3.4848,-0.034848,False,99.7745,-0.2255,-0.002255,-0.032593,False
atr_k4,2026-02-15,CME,0.635,0.010471524828660428,2026-02-17,294.6227,2026-03-25,292.4139,atr_trail,36,100.0,99.2503,-0.7497,-0.007497,False,96.4507,-3.5493,-0.035493,0.027995,True
atr_k4,2026-02-15,AMGN,0.578,0.009848330455648702,2026-02-17,370.5617,2026-03-17,358.4234,atr_trail,28,100.0,96.7243,-3.2757,-0.032757,False,98.2339,-1.7661,-0.017661,-0.015095,False
atr_k4,2026-02-15,MCK,0.563,0.009183041733393793,2026-02-17,944.6395,2026-03-06,918.2447,atr_trail,17,100.0,97.2058,-2.7942,-0.027942,False,98.4667,-1.5333,-0.015333,-0.012609,False
atr_k4,2026-02-15,BAX,0.547,0.00873343085135092,2026-02-17,20.719,2026-03-06,17.6808,atr_trail,17,100.0,85.336,-14.664,-0.14664,False,98.4667,-1.5333,-0.015333,-0.131307,False
atr_k4,2026-02-15,GOOGL,0.583,0.008711767214752975,2026-02-17,301.6273,2026-03-24,290.2666,atr_trail,35,100.0,96.2335,-3.7665,-0.037665,False,95.9162,-4.0838,-0.040838,0.003173,True
atr_k4,2026-02-15,MS,0.577,0.00871018890922226,2026-02-17,170.6231,2026-03-12,153.5448,atr_trail,23,100.0,89.9907,-10.0093,-0.100093,False,97.5412,-2.4588,-0.024588,-0.075505,False
atr_k4,2026-02-15,AMP,0.573,0.008187406871713598,2026-02-17,467.0742,2026-03-12,438.6879,atr_trail,23,100.0,93.9225,-6.0775,-0.060775,False,97.5412,-2.4588,-0.024588,-0.036187,False
atr_k4,2026-02-15,AEE,0.615,0.007759143917778433,2026-02-17,109.0257,2026-03-20,105.3176,atr_trail,31,100.0,96.5989,-3.4011,-0.034011,False,95.2393,-4.7607,-0.047607,0.013597,True
atr_k4,2026-02-15,META,0.558,0.007731692495405396,2026-02-17,638.7431,2026-03-13,613.185,atr_trail,24,100.0,95.9987,-4.0013,-0.040013,False,96.9891,-3.0109,-0.030109,-0.009904,False
atr_k4,2026-02-15,AEP,0.604,0.0071701004190225515,2026-02-17,129.301,2026-03-20,124.754,atr_trail,31,100.0,96.4834,-3.5166,-0.035166,False,95.2393,-4.7607,-0.047607,0.012442,True
atr_k4,2026-02-15,RSG,0.591,0.005573465868895955,2026-02-17,220.5635,2026-03-20,218.6788,atr_trail,31,100.0,99.1455,-0.8545,-0.008545,False,95.2393,-4.7607,-0.047607,0.039063,True
atr_k4,2026-02-15,OTIS,0.551,0.0035653407260500813,2026-02-17,91.8833,2026-03-09,87.0426,atr_trail,20,100.0,94.7317,-5.2683,-0.052683,False,99.3293,-0.6707,-0.006707,-0.045976,False
atr_k4,2026-02-15,GIS,0.537,0.0032830943301909166,2026-02-17,44.2137,2026-03-11,39.9851,atr_trail,22,100.0,90.4359,-9.5641,-0.095641,False,99.0452,-0.9548,-0.009548,-0.086092,False
atr_k4,2026-02-15,XEL,0.53,0.0019512271273744997,2026-02-17,80.1575,2026-03-19,79.53,atr_trail,30,100.0,99.2171,-0.7829,-0.007829,False,96.6244,-3.3756,-0.033756,0.025927,True
atr_k4,2026-02-15,JPM,0.519,0.0017192259503580054,2026-02-17,305.5662,2026-03-09,288.4438,atr_trail,20,100.0,94.3965,-5.6035,-0.056035,False,99.3293,-0.6707,-0.006707,-0.049328,False
atr_k4,2026-02-15,FCN,0.505,0.0007631821381117732,2026-02-17,160.23,2026-05-01,173.82,atr_trail,73,100.0,108.4816,8.4816,0.084816,False,105.8239,5.8239,0.058239,0.026577,True
atr_k4,2026-02-15,NVDA,0.504,0.0005425555635849566,2026-02-17,184.7447,2026-03-20,172.4989,atr_trail,31,100.0,93.3715,-6.6285,-0.066285,False,95.2393,-4.7607,-0.047607,-0.018677,False
atr_k4,2026-03-01,MU,0.703,0.06241040698476197,2026-03-02,412.4967,2026-03-25,381.9296,atr_trail,23,100.0,92.5897,-7.4103,-0.074103,False,95.9547,-4.0453,-0.040453,-0.03365,False
atr_k4,2026-03-01,AEIS,0.751,0.05507254865808253,2026-03-02,340.3149,2026-05-15,323.3601,atr_trail,74,100.0,95.0179,-4.9821,-0.049821,False,107.9852,7.9852,0.079852,-0.129673,False
atr_k4,2026-03-01,WPM,0.703,0.048680095954026115,2026-03-02,165.2111,2026-03-13,139.4405,atr_trail,11,100.0,84.4014,-15.5986,-0.155986,False,96.4903,-3.5097,-0.035097,-0.120889,False
atr_k4,2026-03-01,LRCX,0.682,0.04527807643948378,2026-03-02,230.7236,2026-06-12,366.81,open,102,100.0,158.9825,58.9825,0.589825,True,108.3621,8.3621,0.083621,0.506204,True
atr_k4,2026-03-01,GEV,0.676,0.04305250605534461,2026-03-02,880.6475,2026-05-20,1024.52,atr_trail,79,100.0,116.3371,16.3371,0.163371,False,108.289,8.289,0.08289,0.080481,True
atr_k4,2026-03-01,FNV,0.691,0.037704063897752604,2026-03-02,276.8742,2026-03-18,242.8164,atr_trail,16,100.0,87.6992,-12.3008,-0.123008,False,96.365,-3.635,-0.03635,-0.086658,False
atr_k4,2026-03-01,BE,0.585,0.035762215783097684,2026-03-02,166.0,2026-03-30,119.51,atr_trail,28,100.0,71.994,-28.006,-0.28006,False,92.3243,-7.6757,-0.076757,-0.203304,False
atr_k4,2026-03-01,ASML,0.67,0.0315938067387147,2026-03-02,1420.4375,2026-06-12,1863.55,open,102,100.0,131.1955,31.1955,0.311955,True,108.3621,8.3621,0.083621,0.228334,True
atr_k4,2026-03-01,VSAT,0.599,0.03127816324714905,2026-03-02,47.24,2026-06-05,67.18,atr_trail,95,100.0,142.21,42.21,0.4221,False,107.7485,7.7485,0.077485,0.344615,True
atr_k4,2026-03-01,CF,0.701,0.028192262094403064,2026-03-02,103.8759,2026-04-14,118.4763,atr_trail,43,100.0,114.0556,14.0556,0.140556,False,101.4535,1.4535,0.014535,0.126021,True
atr_k4,2026-03-01,CMCSA,0.717,0.025526532275422342,2026-03-02,30.4657,2026-03-12,29.8133,atr_trail,10,100.0,97.8585,-2.1415,-0.021415,False,97.0395,-2.9605,-0.029605,0.00819,True
atr_k4,2026-03-01,CP,0.705,0.02370031410425777,2026-03-02,89.2035,2026-03-06,82.7869,atr_trail,4,100.0,92.8068,-7.1932,-0.071932,False,97.9603,-2.0397,-0.020397,-0.051535,False
atr_k4,2026-03-01,AME,0.775,0.023495206249842804,2026-03-02,241.0773,2026-03-06,221.6281,atr_trail,4,100.0,91.9324,-8.0676,-0.080676,False,97.9603,-2.0397,-0.020397,-0.060279,False
atr_k4,2026-03-01,GILD,0.67,0.022665149427693043,2026-03-02,149.1828,2026-03-20,137.21,atr_trail,18,100.0,91.9744,-8.0256,-0.080256,False,94.7494,-5.2506,-0.052506,-0.02775,False
atr_k4,2026-03-01,GE,0.641,0.01992938990808968,2026-03-02,345.2371,2026-03-12,306.7,atr_trail,10,100.0,88.8375,-11.1625,-0.111625,False,97.0395,-2.9605,-0.029605,-0.08202,False
atr_k4,2026-03-01,CB,0.705,0.01766139938000566,2026-03-02,340.6882,2026-03-09,322.4391,atr_trail,7,100.0,94.6435,-5.3565,-0.053565,False,98.8184,-1.1816,-0.011816,-0.04175,False
atr_k4,2026-03-01,CME,0.697,0.017558981038457766,2026-03-02,317.1933,2026-03-25,292.4139,atr_trail,23,100.0,92.1879,-7.8121,-0.078121,False,95.9547,-4.0453,-0.040453,-0.037668,False
atr_k4,2026-03-01,PG,0.701,0.017341542895583206,2026-03-02,162.288,2026-03-06,152.4818,atr_trail,4,100.0,93.9576,-6.0424,-0.060424,False,97.9603,-2.0397,-0.020397,-0.040027,False
atr_k4,2026-03-01,WMT,0.646,0.015735160121782554,2026-03-02,126.5981,2026-03-20,118.7933,atr_trail,18,100.0,93.835,-6.165,-0.06165,False,94.7494,-5.2506,-0.052506,-0.009145,False
atr_k4,2026-03-01,SAN,0.603,0.013559717874000787,2026-03-02,11.8143,2026-05-15,11.74,atr_trail,74,100.0,99.3708,-0.6292,-0.006292,False,107.9852,7.9852,0.079852,-0.086144,False
atr_k4,2026-03-01,COST,0.623,0.011247405916743336,2026-03-02,1001.3171,2026-04-13,979.4288,atr_trail,42,100.0,97.814,-2.186,-0.02186,False,100.2322,0.2322,0.002322,-0.024181,False
atr_k4,2026-03-01,RY,0.639,0.009693996475719224,2026-03-02,167.4729,2026-03-13,160.1629,atr_trail,11,100.0,95.6352,-4.3648,-0.043648,False,96.4903,-3.5097,-0.035097,-0.008551,False
atr_k4,2026-03-01,C,0.558,0.007882317303774089,2026-03-02,110.9253,2026-05-13,124.1,atr_trail,72,100.0,111.8771,11.8771,0.118771,False,108.4439,8.4439,0.084439,0.034332,True
atr_k4,2026-03-01,BIIB,0.553,0.006980523639081637,2026-03-02,188.05,2026-04-06,172.34,atr_trail,35,100.0,91.6458,-8.3542,-0.083542,False,96.2629,-3.7371,-0.037371,-0.046171,False
atr_k4,2026-03-01,ICE,0.561,0.00671454228883861,2026-03-02,164.2494,2026-03-25,156.83,atr_trail,23,100.0,95.4828,-4.5172,-0.045172,False,95.9547,-4.0453,-0.040453,-0.004718,False
atr_k4,2026-03-01,SCHW,0.542,0.0042522121804315915,2026-03-02,95.1486,2026-04-23,88.6021,atr_trail,52,100.0,93.1197,-6.8803,-0.068803,False,103.4973,3.4973,0.034973,-0.103776,False
atr_k4,2026-03-01,CSCO,0.531,0.0040819033567636165,2026-03-02,78.992,2026-06-12,121.1,open,102,100.0,153.3067,53.3067,0.533067,True,108.3621,8.3621,0.083621,0.449446,True
atr_k4,2026-03-01,ANET,0.522,0.004068109760342109,2026-03-02,129.3,2026-03-30,116.13,atr_trail,28,100.0,89.8144,-10.1856,-0.101856,False,92.3243,-7.6757,-0.076757,-0.0251,False
atr_k4,2026-03-01,CATY,0.535,0.0034471149559875958,2026-03-02,49.8678,2026-06-12,60.98,open,102,100.0,122.2834,22.2834,0.222834,True,108.3621,8.3621,0.083621,0.139213,True
atr_k4,2026-03-15,XOM,0.803,0.03804589572661854,2026-03-16,156.17,2026-04-08,155.1668,atr_trail,23,100.0,99.3576,-0.6424,-0.006424,False,101.3192,1.3192,0.013192,-0.019616,False
atr_k4,2026-03-15,CVX,0.818,0.03668982511207175,2026-03-16,195.0535,2026-04-08,191.1393,atr_trail,23,100.0,97.9933,-2.0067,-0.020067,False,101.3192,1.3192,0.013192,-0.03326,False
atr_k4,2026-03-15,EOG,0.763,0.03383622155626265,2026-03-16,133.4737,2026-04-09,135.5277,atr_trail,24,100.0,101.5389,1.5389,0.015389,False,101.9038,1.9038,0.019038,-0.003648,False
atr_k4,2026-03-15,LRN,0.686,0.02936477084138156,2026-03-16,82.97,2026-04-28,92.58,atr_trail,43,100.0,111.5825,11.5825,0.115825,False,106.6669,6.6669,0.066669,0.049156,True
atr_k4,2026-03-15,LRCX,0.611,0.028668042649483194,2026-03-16,219.4,2026-06-12,366.81,open,88,100.0,167.1878,67.1878,0.671878,True,111.1722,11.1722,0.111722,0.560155,True
atr_k4,2026-03-15,CLH,0.722,0.022345375861720473,2026-03-16,289.37,2026-05-07,282.37,atr_trail,52,100.0,97.581,-2.419,-0.02419,False,109.648,9.648,0.09648,-0.12067,False
atr_k4,2026-03-15,TSM,0.62,0.01911648936619903,2026-03-16,338.4814,2026-06-12,423.93,open,88,100.0,125.2447,25.2447,0.252447,True,111.1722,11.1722,0.111722,0.140725,True
atr_k4,2026-03-15,MCK,0.607,0.017290331804341585,2026-03-16,942.2082,2026-03-23,876.0414,atr_trail,7,100.0,92.9775,-7.0225,-0.070225,False,98.2273,-1.7727,-0.017727,-0.052498,False
atr_k4,2026-03-15,VSEC,0.573,0.015290316229254586,2026-03-16,193.9927,2026-03-26,173.4919,atr_trail,10,100.0,89.4322,-10.5678,-0.105678,False,96.685,-3.315,-0.03315,-0.072528,False
atr_k4,2026-03-15,MPWR,0.563,0.010954135345922822,2026-03-16,1075.2502,2026-06-12,1577.3199,open,88,100.0,146.6933,46.6933,0.466933,True,111.1722,11.1722,0.111722,0.35521,True
atr_k4,2026-03-15,CHRW,0.54,0.00651124522702351,2026-03-16,169.8981,2026-05-04,160.6897,atr_trail,49,100.0,94.58,-5.42,-0.0542,False,107.6141,7.6141,0.076141,-0.130341,False
atr_k4,2026-03-15,CM,0.539,0.002863956875920337,2026-03-16,96.7317,2026-06-01,105.98,atr_trail,77,100.0,109.5607,9.5607,0.095607,False,113.6887,13.6887,0.136887,-0.04128,False
atr_k4,2026-03-15,BK,0.526,0.00237370603909115,2026-03-16,114.9238,2026-05-08,130.5,atr_trail,53,100.0,113.5535,13.5535,0.135535,False,110.5532,10.5532,0.105532,0.030002,True
atr_k4,2026-03-15,TAXI,0.655,0.0011599831889008705,2026-03-16,51.0712,2026-06-12,51.161,open,88,100.0,100.1758,0.1758,0.001758,True,111.1722,11.1722,0.111722,-0.109965,False
atr_k4,2026-04-01,XOM,0.766,0.03492553739707405,2026-04-01,159.6961,2026-04-14,148.2339,atr_trail,13,100.0,92.8225,-7.1775,-0.071775,False,105.9856,5.9856,0.059856,-0.131631,False
atr_k4,2026-04-01,GEV,0.65,0.03060240378069623,2026-04-01,894.78,2026-05-20,1024.52,atr_trail,49,100.0,114.4997,14.4997,0.144997,False,113.1265,13.1265,0.131265,0.013732,True
atr_k4,2026-04-01,PFE,0.655,0.01589219361043903,2026-04-01,28.0864,2026-04-22,26.3648,atr_trail,21,100.0,93.8704,-6.1296,-0.061296,False,108.5419,8.5419,0.085419,-0.146715,False
atr_k4,2026-04-01,LIN,0.678,0.015131516683941637,2026-04-01,492.2733,2026-06-12,523.57,open,72,100.0,106.3576,6.3576,0.063576,True,113.2028,13.2028,0.132028,-0.068452,False
atr_k4,2026-04-01,MRK,0.635,0.013387782833931938,2026-04-01,120.84,2026-04-16,115.46,atr_trail,15,100.0,95.5478,-4.4522,-0.044522,False,107.0844,7.0844,0.070844,-0.115366,False
atr_k4,2026-04-01,CB,0.596,0.00720128604103798,2026-04-01,326.1424,2026-05-13,315.0271,atr_trail,42,100.0,96.5919,-3.4081,-0.034081,False,113.2883,13.2883,0.132883,-0.166964,False
atr_k4,2026-04-01,LRCX,0.524,0.005315064908312683,2026-04-01,222.01,2026-06-12,366.81,open,72,100.0,165.2223,65.2223,0.652223,True,113.2028,13.2028,0.132028,0.520195,True
atr_k4,2026-04-01,CMI,0.501,0.0002393251882624181,2026-04-01,548.3677,2026-06-10,630.52,atr_trail,70,100.0,114.9812,14.9812,0.149812,False,110.7121,10.7121,0.107121,0.042691,True
atr_k4,2026-04-15,FN,0.603,0.03521710213596174,2026-04-15,685.81,2026-06-11,582.24,atr_trail,57,100.0,84.8981,-15.1019,-0.151019,False,105.4033,5.4033,0.054033,-0.205052,False
atr_k4,2026-04-15,BP,0.744,0.03410182513076987,2026-04-15,45.5984,2026-05-08,42.8498,atr_trail,23,100.0,93.9722,-6.0278,-0.060278,False,105.3833,5.3833,0.053833,-0.114111,False
atr_k4,2026-04-15,AMAT,0.604,0.023629208962523407,2026-04-15,393.7705,2026-06-12,567.25,open,58,100.0,144.056,44.056,0.44056,True,105.9734,5.9734,0.059734,0.380826,True
atr_k4,2026-04-15,NTIOF,0.71,0.022835561624853895,2026-04-15,146.13,2026-06-01,143.15,atr_trail,47,100.0,97.9607,-2.0393,-0.020393,False,108.3721,8.3721,0.083721,-0.104114,False
atr_k4,2026-04-15,LIN,0.699,0.017231528440444954,2026-04-15,496.3704,2026-06-12,523.57,open,58,100.0,105.4797,5.4797,0.054797,True,105.9734,5.9734,0.059734,-0.004937,False
atr_k4,2026-04-15,KLAC,0.573,0.016707238082562137,2026-04-15,174.5882,2026-06-12,254.54,open,58,100.0,145.7945,45.7945,0.457945,True,105.9734,5.9734,0.059734,0.398212,True
atr_k4,2026-04-15,BWXT,0.574,0.015417393197066476,2026-04-15,238.1012,2026-04-29,207.8018,atr_trail,14,100.0,87.2746,-12.7254,-0.127254,False,101.663,1.663,0.01663,-0.143884,False
atr_k4,2026-04-15,CSCO,0.592,0.013797357072864003,2026-04-15,82.36,2026-06-12,121.1,open,58,100.0,147.0374,47.0374,0.470374,True,105.9734,5.9734,0.059734,0.41064,True
atr_k4,2026-04-15,BMO,0.614,0.012741621115089696,2026-04-15,148.2849,2026-06-12,168.3,open,58,100.0,113.4977,13.4977,0.134977,True,105.9734,5.9734,0.059734,0.075244,True
atr_k4,2026-04-15,MRK,0.604,0.00979164944517441,2026-04-15,117.9,2026-04-27,110.23,atr_trail,12,100.0,93.4945,-6.5055,-0.065055,False,102.1759,2.1759,0.021759,-0.086814,False
atr_k4,2026-04-15,AMZN,0.563,0.008303766630499698,2026-04-15,248.5,2026-06-02,256.52,atr_trail,48,100.0,103.2274,3.2274,0.032274,False,108.5193,8.5193,0.085193,-0.052919,False
atr_k4,2026-04-15,AIG,0.599,0.008225140059918035,2026-04-15,77.09,2026-04-27,74.13,atr_trail,12,100.0,96.1603,-3.8397,-0.038397,False,102.1759,2.1759,0.021759,-0.060156,False
atr_k4,2026-04-15,KO,0.603,0.006779044199133111,2026-04-15,75.31,2026-06-01,78.64,atr_trail,47,100.0,104.4217,4.4217,0.044217,False,108.3721,8.3721,0.083721,-0.039504,False
atr_k4,2026-04-15,VOO,0.576,0.004397742302924668,2026-04-15,643.45,2026-06-10,667.05,atr_trail,56,100.0,103.6677,3.6677,0.036677,False,103.6417,3.6417,0.036417,0.00026,True
atr_k4,2026-04-15,VTI,0.569,0.00412074894045511,2026-04-15,345.24,2026-06-10,358.04,atr_trail,56,100.0,103.7076,3.7076,0.037076,False,103.6417,3.6417,0.036417,0.000658,True
atr_k4,2026-04-15,GSKPX,0.569,0.0039814879946986625,2026-04-15,29.16,2026-06-10,29.72,atr_trail,56,100.0,101.9204,1.9204,0.019204,False,103.6417,3.6417,0.036417,-0.017213,False
atr_k4,2026-04-15,MIAX,0.529,0.003296843319774645,2026-04-15,44.22,2026-05-21,51.44,atr_trail,36,100.0,116.3274,16.3274,0.163274,False,106.1119,6.1119,0.061119,0.102155,True
atr_k4,2026-04-15,MCD,0.539,0.0021952529293947087,2026-04-15,304.1969,2026-04-27,288.255,atr_trail,12,100.0,94.7594,-5.2406,-0.052406,False,102.1759,2.1759,0.021759,-0.074165,False
atr_k4,2026-04-15,TFC,0.522,0.002157929077388765,2026-04-15,49.0716,2026-05-11,47.97,atr_trail,26,100.0,97.7552,-2.2448,-0.022448,False,105.6233,5.6233,0.056233,-0.078682,False
atr_k4,2026-04-15,MCHP,0.511,0.0019577279061053776,2026-04-15,74.118,2026-05-21,90.655,atr_trail,36,100.0,122.3117,22.3117,0.223117,False,106.1119,6.1119,0.061119,0.161998,True
atr_k4,2026-04-15,TAXI,0.5,1.8940674895162601e-06,2026-04-15,50.9795,2026-06-12,51.161,open,58,100.0,100.356,0.356,0.00356,True,105.9734,5.9734,0.059734,-0.056173,False
atr_k4,2026-05-01,GLW,0.617,0.03621862459714831,2026-05-01,158.0178,2026-06-12,179.2,open,42,100.0,113.4049,13.4049,0.134049,True,102.9279,2.9279,0.029279,0.10477,True
atr_k4,2026-05-01,AVGO,0.695,0.03609461198419606,2026-05-01,421.28,2026-06-05,385.73,atr_trail,35,100.0,91.5614,-8.4386,-0.084386,False,102.3451,2.3451,0.023451,-0.107837,False
atr_k4,2026-05-01,CEG,0.613,0.02465794499064211,2026-05-01,307.3325,2026-05-13,274.4636,atr_trail,12,100.0,89.3051,-10.6949,-0.106949,False,103.0056,3.0056,0.030056,-0.137005,False
atr_k4,2026-05-01,IBIT,0.618,0.023575204300949837,2026-05-01,44.47,2026-05-22,42.96,atr_trail,21,100.0,96.6044,-3.3956,-0.033956,False,103.4677,3.4677,0.034677,-0.068633,False
atr_k4,2026-05-01,VNOM,0.67,0.02141278216140985,2026-05-01,49.1983,2026-05-08,46.1321,atr_trail,7,100.0,93.7675,-6.2325,-0.062325,False,102.3548,2.3548,0.023548,-0.085873,False
atr_k4,2026-05-01,DMLP,0.694,0.01755676541215334,2026-05-01,27.495,2026-06-12,26.71,open,42,100.0,97.1449,-2.8551,-0.028551,True,102.9279,2.9279,0.029279,-0.05783,False
atr_k4,2026-05-01,CSCO,0.585,0.01299407576149747,2026-05-01,91.85,2026-06-12,121.1,open,42,100.0,131.8454,31.8454,0.318454,True,102.9279,2.9279,0.029279,0.289175,True
atr_k4,2026-05-01,EPD,0.64,0.011496655905207431,2026-05-01,38.03,2026-05-29,36.79,atr_trail,28,100.0,96.7394,-3.2606,-0.032606,False,104.9719,4.9719,0.049719,-0.082325,False
atr_k4,2026-05-01,C,0.576,0.010850752182865353,2026-05-01,126.84,2026-05-18,122.41,atr_trail,17,100.0,96.5074,-3.4926,-0.034926,False,102.4977,2.4977,0.024977,-0.059903,False
atr_k4,2026-05-01,FDX,0.592,0.009775482610038244,2026-05-01,317.22,2026-06-12,338.31,open,42,100.0,106.6484,6.6484,0.066484,True,102.9279,2.9279,0.029279,0.037205,True
atr_k4,2026-05-01,IWF,0.611,0.00903498049278939,2026-05-01,120.05,2026-06-05,122.69,atr_trail,35,100.0,102.1991,2.1991,0.021991,False,102.3451,2.3451,0.023451,-0.00146,False
atr_k4,2026-05-01,TOST,0.543,0.007371454307641301,2026-05-01,29.11,2026-05-11,24.19,atr_trail,10,100.0,83.0986,-16.9014,-0.169014,False,102.5879,2.5879,0.025879,-0.194893,False
atr_k4,2026-05-01,MSFT,0.558,0.006266768973713921,2026-05-01,413.5443,2026-06-05,416.67,atr_trail,35,100.0,100.7558,0.7558,0.007558,False,102.3451,2.3451,0.023451,-0.015893,False
atr_k4,2026-05-01,IWD,0.611,0.005958274655136986,2026-05-01,230.86,2026-06-12,242.13,open,42,100.0,104.8817,4.8817,0.048817,True,102.9279,2.9279,0.029279,0.019538,True
atr_k4,2026-05-01,ASML,0.535,0.005760938094678814,2026-05-01,1427.02,2026-06-12,1863.55,open,42,100.0,130.5903,30.5903,0.305903,True,102.9279,2.9279,0.029279,0.276624,True
atr_k4,2026-05-01,GS,0.537,0.004547885135632201,2026-05-01,919.6569,2026-06-12,1062.75,open,42,100.0,115.5594,15.5594,0.155594,True,102.9279,2.9279,0.029279,0.126315,True
atr_k4,2026-05-01,PTA,0.563,0.003300700110281829,2026-05-01,19.491,2026-06-12,19.21,open,42,100.0,98.5581,-1.4419,-0.014419,True,102.9279,2.9279,0.029279,-0.043698,False
atr_k4,2026-05-01,UHAL,0.524,0.0026707444969220617,2026-05-01,51.6,2026-05-15,48.67,atr_trail,14,100.0,94.3217,-5.6783,-0.056783,False,102.5699,2.5699,0.025699,-0.082482,False
atr_k4,2026-05-01,DBEU,0.542,0.0026350784325825938,2026-05-01,50.64,2026-06-12,52.87,open,42,100.0,104.4036,4.4036,0.044036,True,102.9279,2.9279,0.029279,0.014757,True
atr_k4,2026-05-01,AAPL,0.522,0.001901222976041561,2026-05-01,279.8821,2026-06-09,290.55,atr_trail,39,100.0,103.8115,3.8115,0.038115,False,102.2757,2.2757,0.022757,0.015358,True
atr_k4,2026-05-01,FTSL,0.611,0.001662416355150187,2026-05-01,44.8852,2026-06-12,44.92,open,42,100.0,100.0775,0.0775,0.000775,True,102.9279,2.9279,0.029279,-0.028504,False
atr_k4,2026-05-01,TJX,0.522,0.0015764281639014666,2026-05-01,156.318,2026-05-11,148.4239,atr_trail,10,100.0,94.9499,-5.0501,-0.050501,False,102.5879,2.5879,0.025879,-0.07638,False
atr_k4,2026-05-01,SCIO,0.563,0.0006236032459800978,2026-05-01,20.5846,2026-06-12,20.68,open,42,100.0,100.4635,0.4635,0.004635,True,102.9279,2.9279,0.029279,-0.024644,False
atr_k4,2026-05-01,FTCB,0.501,1.7963639638018947e-05,2026-05-01,20.8642,2026-06-12,20.88,open,42,100.0,100.0758,0.0758,0.000758,True,102.9279,2.9279,0.029279,-0.028521,False
atr_k4,2026-05-15,INTC,0.757,0.10488240126651616,2026-05-15,108.77,2026-06-12,124.57,open,28,100.0,114.5261,14.5261,0.145261,True,100.349,0.349,0.00349,0.14177,True
atr_k4,2026-05-15,MRVL,0.783,0.09507384983444234,2026-05-15,176.89,2026-06-12,279.7,open,28,100.0,158.1209,58.1209,0.581209,True,100.349,0.349,0.00349,0.577718,True
atr_k4,2026-05-15,AMD,0.763,0.08809886640354714,2026-05-15,424.1,2026-06-12,511.57,open,28,100.0,120.6249,20.6249,0.206249,True,100.349,0.349,0.00349,0.202758,True
atr_k4,2026-05-15,AESI,0.683,0.05431291739122801,2026-05-15,18.87,2026-05-29,16.69,atr_trail,14,100.0,88.4473,-11.5527,-0.115527,False,102.3418,2.3418,0.023418,-0.138945,False
atr_k4,2026-05-15,CSCO,0.777,0.048690032003987804,2026-05-15,118.21,2026-06-12,121.1,open,28,100.0,102.4448,2.4448,0.024448,True,100.349,0.349,0.00349,0.020958,True
atr_k4,2026-05-15,KEYS,0.666,0.04102265868910093,2026-05-15,349.01,2026-06-12,350.67,open,28,100.0,100.4756,0.4756,0.004756,True,100.349,0.349,0.00349,0.001266,True
atr_k4,2026-05-15,UNH,0.737,0.03748812196543483,2026-05-15,393.85,2026-06-12,408.52,open,28,100.0,103.7248,3.7248,0.037248,True,100.349,0.349,0.00349,0.033757,True
atr_k4,2026-05-15,COIN,0.54,0.01051572315065763,2026-05-15,195.43,2026-06-05,152.4,atr_trail,21,100.0,77.9819,-22.0181,-0.220181,False,99.7808,-0.2192,-0.002192,-0.21799,False
atr_k4,2026-05-15,P,0.542,0.008685746944579131,2026-05-15,81.18,2026-06-10,66.53,atr_trail,26,100.0,81.9537,-18.0463,-0.180463,False,98.1412,-1.8588,-0.018588,-0.161875,False
atr_k4,2026-05-15,MSFT,0.565,0.007064089952703689,2026-05-15,421.0081,2026-06-05,416.67,atr_trail,21,100.0,98.9696,-1.0304,-0.010304,False,99.7808,-0.2192,-0.002192,-0.008113,False
atr_k4,2026-05-15,GSKPX,0.567,0.0038729385661464555,2026-05-15,30.0,2026-06-10,29.72,atr_trail,26,100.0,99.0667,-0.9333,-0.009333,False,98.1412,-1.8588,-0.018588,0.009255,True
atr_k4,2026-05-15,INTU,0.511,0.0023913682357852295,2026-05-15,393.0,2026-05-21,307.07,atr_trail,6,100.0,78.1349,-21.8651,-0.218651,False,100.4803,0.4803,0.004803,-0.223454,False
atr_k4,2026-05-15,CELFX,0.936,0.002270348314550086,2026-05-15,10.86,2026-06-12,10.89,open,28,100.0,100.2762,0.2762,0.002762,True,100.349,0.349,0.00349,-0.000728,False
atr_k4,2026-05-15,V,0.522,0.001981586205703545,2026-05-15,325.75,2026-06-02,317.32,atr_trail,18,100.0,97.4121,-2.5879,-0.025879,False,102.7599,2.7599,0.027599,-0.053477,False
atr_k4,2026-05-15,NSIT,0.506,0.0019175601583640844,2026-05-15,88.9,2026-06-12,111.05,open,28,100.0,124.9156,24.9156,0.249156,True,100.349,0.349,0.00349,0.245666,True
atr_k4,2026-05-15,ADP,0.505,0.0006936938298256479,2026-05-15,212.865,2026-06-12,226.21,open,28,100.0,106.2692,6.2692,0.062692,True,100.349,0.349,0.00349,0.059202,True
atr_k4,2026-05-15,CARR,0.501,7.51463128476626e-05,2026-05-15,64.67,2026-06-12,69.91,open,28,100.0,108.1027,8.1027,0.081027,True,100.349,0.349,0.00349,0.077536,True
atr_k4,2026-06-01,AMD,0.832,0.1177375889659602,2026-06-01,510.13,2026-06-12,511.57,open,11,100.0,100.2823,0.2823,0.002823,True,97.7865,-2.2135,-0.022135,0.024957,True
atr_k4,2026-06-01,IFNNY,0.812,0.08687127296602792,2026-06-01,93.89,2026-06-12,92.3,open,11,100.0,98.3065,-1.6935,-0.016935,True,97.7865,-2.2135,-0.022135,0.0052,True
atr_k4,2026-06-01,TXN,0.716,0.049561145078502955,2026-06-01,293.2,2026-06-12,301.12,open,11,100.0,102.7012,2.7012,0.027012,True,97.7865,-2.2135,-0.022135,0.049147,True
atr_k4,2026-06-01,GS,0.726,0.029785735898509413,2026-06-01,1048.58,2026-06-12,1062.75,open,11,100.0,101.3514,1.3514,0.013514,True,97.7865,-2.2135,-0.022135,0.035648,True
atr_k4,2026-06-01,AAPL,0.717,0.021055134333178405,2026-06-01,306.31,2026-06-09,290.55,atr_trail,8,100.0,94.8549,-5.1451,-0.051451,False,97.1669,-2.8331,-0.028331,-0.02312,False
atr_k4,2026-06-01,IHG,0.655,0.019603243393615966,2026-06-01,155.01,2026-06-12,167.12,open,11,100.0,107.8124,7.8124,0.078124,True,97.7865,-2.2135,-0.022135,0.100259,True
atr_k4,2026-06-01,CBZ,0.591,0.018760381823742067,2026-06-01,34.68,2026-06-12,35.26,open,11,100.0,101.6724,1.6724,0.016724,True,97.7865,-2.2135,-0.022135,0.038859,True
atr_k4,2026-06-01,FCX,0.559,0.012447437317679944,2026-06-01,67.04,2026-06-12,68.41,open,11,100.0,102.0436,2.0436,0.020436,True,97.7865,-2.2135,-0.022135,0.04257,True
atr_k4,2026-06-01,NTES,0.563,0.006500383215039651,2026-06-01,122.5468,2026-06-12,125.82,open,11,100.0,102.671,2.671,0.02671,True,97.7865,-2.2135,-0.022135,0.048844,True
atr_k4,2026-06-01,SPG,0.577,0.0062111578216952346,2026-06-01,200.5004,2026-06-12,219.04,open,11,100.0,109.2467,9.2467,0.092467,True,97.7865,-2.2135,-0.022135,0.114601,True
atr_k4,2026-06-01,JPM,0.546,0.0036065717105784323,2026-06-01,296.58,2026-06-12,320.72,open,11,100.0,108.1395,8.1395,0.081395,True,97.7865,-2.2135,-0.022135,0.103529,True
mc_exit,2025-10-01,OPEN,0.69,0.2293874565983436,2025-10-01,8.06,2025-11-26,7.78,mc_flip,56,100.0,96.5261,-3.4739,-0.034739,False,101.68,1.68,0.0168,-0.05154,False
mc_exit,2025-10-01,GOOGL,0.815,0.03962102293863001,2025-10-01,244.4218,2026-02-25,312.4933,mc_flip,147,100.0,127.85,27.85,0.2785,False,104.0015,4.0015,0.040015,0.238485,True
mc_exit,2025-10-01,AAPL,0.705,0.023013427768410644,2025-10-01,254.7293,2026-01-27,257.791,mc_flip,118,100.0,101.2019,1.2019,0.012019,False,104.3526,4.3526,0.043526,-0.031507,False
mc_exit,2025-10-01,AVGO,0.63,0.021312589148331673,2025-10-01,332.0568,2026-01-12,351.4727,mc_flip,103,100.0,105.8472,5.8472,0.058472,False,104.3031,4.3031,0.043031,0.015441,True
mc_exit,2025-10-01,ORCL,0.564,0.01911171614543239,2025-10-01,286.7472,2025-11-12,225.6036,mc_flip,42,100.0,78.6768,-21.3232,-0.213232,False,102.2335,2.2335,0.022335,-0.235567,False
mc_exit,2025-10-01,NVDA,0.64,0.01657848381301541,2025-10-01,187.0015,2026-01-27,188.2903,mc_flip,118,100.0,100.6892,0.6892,0.006892,False,104.3526,4.3526,0.043526,-0.036634,False
mc_exit,2025-10-01,UNH,0.59,0.01613386457493915,2025-10-01,343.3049,2025-12-26,329.2701,mc_flip,86,100.0,95.9119,-4.0881,-0.040881,False,103.5754,3.5754,0.035754,-0.076635,False
mc_exit,2025-10-01,QCOM,0.558,0.005837998218980012,2025-10-01,163.9813,2026-01-27,151.5041,mc_flip,118,100.0,92.3911,-7.6089,-0.076089,False,104.3526,4.3526,0.043526,-0.119615,False
mc_exit,2025-10-01,MCD,0.571,0.0038929745373337266,2025-10-01,295.0667,2025-10-29,296.8635,mc_flip,28,100.0,100.609,0.609,0.00609,False,102.8334,2.8334,0.028334,-0.022245,False
mc_exit,2025-10-15,APP,0.701,0.05842853859795616,2025-10-15,602.3,2026-01-27,543.56,mc_flip,104,100.0,90.2474,-9.7526,-0.097526,False,104.8672,4.8672,0.048672,-0.146198,False
mc_exit,2025-10-15,GOOGL,0.764,0.0334579677821798,2025-10-15,250.5398,2026-02-25,312.4933,mc_flip,133,100.0,124.728,24.728,0.24728,False,104.5144,4.5144,0.045144,0.202136,True
mc_exit,2025-10-15,UNH,0.628,0.024777015049093132,2025-10-15,355.9706,2025-12-26,329.2701,mc_flip,72,100.0,92.4992,-7.5008,-0.075008,False,104.0861,4.0861,0.040861,-0.115869,False
mc_exit,2025-10-15,AVGO,0.629,0.024640450287666038,2025-10-15,349.925,2026-01-12,351.4727,mc_flip,89,100.0,100.4423,0.4423,0.004423,False,104.8174,4.8174,0.048174,-0.043751,False
mc_exit,2025-10-15,ORCL,0.573,0.02183245555792146,2025-10-15,301.7656,2025-11-12,225.6036,mc_flip,28,100.0,74.7612,-25.2388,-0.252388,False,102.7377,2.7377,0.027377,-0.279764,False
mc_exit,2025-10-15,AAPL,0.662,0.01831919500630419,2025-10-15,248.6366,2026-01-27,257.791,mc_flip,104,100.0,103.6819,3.6819,0.036819,False,104.8672,4.8672,0.048672,-0.011853,False
mc_exit,2025-10-15,BNS,0.7,0.015341549964374757,2025-10-15,64.51,2026-03-11,71.31,mc_flip,147,100.0,110.541,10.541,0.10541,False,101.9782,1.9782,0.019782,0.085628,True
mc_exit,2025-10-15,BMO,0.705,0.014683117560095438,2025-10-15,127.226,2026-04-15,148.2849,time,182,100.0,116.5523,16.5523,0.165523,False,105.8264,5.8264,0.058264,0.107259,True
mc_exit,2025-10-15,RY,0.682,0.011911176685284408,2025-10-15,145.7814,2026-03-11,163.8775,mc_flip,147,100.0,112.4131,12.4131,0.124131,False,101.9782,1.9782,0.019782,0.104349,True
mc_exit,2025-10-15,NVDA,0.553,0.0059242896379094745,2025-10-15,179.6009,2026-01-27,188.2903,mc_flip,104,100.0,104.8382,4.8382,0.048382,False,104.8672,4.8672,0.048672,-0.00029,False
mc_exit,2025-10-15,VTEB,0.868,0.005454044279670889,2025-10-15,49.2284,2026-03-25,49.313,mc_flip,161,100.0,100.1718,0.1718,0.001718,False,99.3069,-0.6931,-0.006931,0.008648,True
mc_exit,2025-10-15,PANW,0.537,0.004117751213195353,2025-10-15,206.7,2025-11-26,185.35,mc_flip,42,100.0,89.671,-10.329,-0.10329,False,102.1814,2.1814,0.021814,-0.125104,False
mc_exit,2025-10-15,MCD,0.566,0.003697736306313537,2025-10-15,299.7109,2025-10-29,296.8635,mc_flip,14,100.0,99.05,-0.95,-0.0095,False,103.3405,3.3405,0.033405,-0.042905,False
mc_exit,2025-10-15,TAXI,0.863,0.0034427910684382557,2025-10-15,50.0788,2026-03-25,50.5943,mc_flip,161,100.0,101.0294,1.0294,0.010294,False,99.3069,-0.6931,-0.006931,0.017224,True
mc_exit,2025-10-15,NFLX,0.535,0.002749620721958168,2025-10-15,120.329,2025-10-29,110.041,mc_flip,14,100.0,91.4501,-8.5499,-0.085499,False,103.3405,3.3405,0.033405,-0.118904,False
mc_exit,2025-10-15,QCOM,0.522,0.0026281224125908054,2025-10-15,160.5143,2026-01-27,151.5041,mc_flip,104,100.0,94.3867,-5.6133,-0.056133,False,104.8672,4.8672,0.048672,-0.104805,False
mc_exit,2025-10-15,NDAQ,0.53,0.002238266349144924,2025-10-15,88.7516,2025-10-29,84.5923,mc_flip,14,100.0,95.3135,-4.6865,-0.046865,False,103.3405,3.3405,0.033405,-0.08027,False
mc_exit,2025-10-15,ARTFX,0.683,0.001968274562438088,2025-10-15,8.8297,2026-03-25,8.833,mc_flip,161,100.0,100.0374,0.0374,0.000374,False,99.3069,-0.6931,-0.006931,0.007305,True
mc_exit,2025-10-15,ALLY,0.515,0.0016171899950139235,2025-10-15,38.8523,2025-11-26,40.5819,mc_flip,42,100.0,104.4518,4.4518,0.044518,False,102.1814,2.1814,0.021814,0.022704,True
mc_exit,2025-10-15,FFRHX,0.624,0.0013426506546234673,2025-10-15,8.7488,2026-02-25,8.781,mc_flip,133,100.0,100.3674,0.3674,0.003674,False,104.5144,4.5144,0.045144,-0.04147,False
mc_exit,2025-10-15,PRI,0.505,0.0006300259955809295,2025-10-15,264.396,2025-10-29,257.298,mc_flip,14,100.0,97.3154,-2.6846,-0.026846,False,103.3405,3.3405,0.033405,-0.060251,False
mc_exit,2025-10-15,META,0.502,0.00040808863388885896,2025-10-15,716.3519,2025-10-29,750.415,mc_flip,14,100.0,104.7551,4.7551,0.047551,False,103.3405,3.3405,0.033405,0.014146,True
mc_exit,2025-11-01,IREN,0.78,0.1397974723454134,2025-11-03,67.75,2025-12-16,36.59,mc_flip,43,100.0,54.0074,-45.9926,-0.459926,False,99.3459,-0.6541,-0.006541,-0.453385,False
mc_exit,2025-11-01,RGTI,0.719,0.11766122432550219,2025-11-03,39.12,2025-12-16,23.96,mc_flip,43,100.0,61.2474,-38.7526,-0.387526,False,99.3459,-0.6541,-0.006541,-0.380984,False
mc_exit,2025-11-01,STX,0.731,0.06257412777287108,2025-11-03,264.3939,2026-05-04,738.54,time,182,100.0,279.3332,179.3332,1.793332,False,105.6719,5.6719,0.056719,1.736613,True
mc_exit,2025-11-01,ASML,0.788,0.04626850619545708,2025-11-03,1063.0927,2026-04-28,1384.5601,mc_flip,176,100.0,130.2389,30.2389,0.302389,False,104.7418,4.7418,0.047418,0.254971,True
mc_exit,2025-11-01,GOOGL,0.797,0.040357928383258024,2025-11-03,283.1659,2026-03-02,306.1215,mc_flip,119,100.0,108.1068,8.1068,0.081068,False,100.7417,0.7417,0.007417,0.073651,True
mc_exit,2025-11-01,PANW,0.806,0.03340558497171364,2025-11-03,219.23,2025-12-02,189.88,mc_flip,29,100.0,86.6122,-13.3878,-0.133878,False,99.7351,-0.2649,-0.002649,-0.131229,False
mc_exit,2025-11-01,CAH,0.635,0.022630401263354694,2025-11-03,189.2881,2026-04-28,205.61,mc_flip,176,100.0,108.6228,8.6228,0.086228,False,104.7418,4.7418,0.047418,0.03881,True
mc_exit,2025-11-01,AAPL,0.697,0.019917442446432787,2025-11-03,268.291,2026-01-15,257.7312,mc_flip,73,100.0,96.064,-3.936,-0.03936,False,101.6018,1.6018,0.016018,-0.055377,False
mc_exit,2025-11-01,AMZN,0.582,0.010690847945075577,2025-11-03,254.0,2025-12-02,234.42,mc_flip,29,100.0,92.2913,-7.7087,-0.077087,False,99.7351,-0.2649,-0.002649,-0.074438,False
mc_exit,2025-11-01,DT,0.596,0.010574735764151244,2025-11-03,50.48,2025-11-17,45.15,mc_flip,14,100.0,89.4414,-10.5586,-0.105586,False,97.4142,-2.5858,-0.025858,-0.079728,False
mc_exit,2025-11-01,NTES,0.578,0.010359263230304894,2025-11-03,138.321,2025-12-02,139.4974,mc_flip,29,100.0,100.8505,0.8505,0.008505,False,99.7351,-0.2649,-0.002649,0.011153,True
mc_exit,2025-11-01,BHP,0.598,0.009136258231976058,2025-11-03,55.0656,2025-11-17,53.5358,mc_flip,14,100.0,97.2217,-2.7783,-0.027783,False,97.4142,-2.5858,-0.025858,-0.001924,False
mc_exit,2025-11-01,IT,0.563,0.009057717868606208,2025-11-03,245.92,2025-11-17,226.89,mc_flip,14,100.0,92.2617,-7.7383,-0.077383,False,97.4142,-2.5858,-0.025858,-0.051525,False
mc_exit,2025-11-01,IVV,0.686,0.008663993936173453,2025-11-03,682.4503,2026-03-30,634.93,mc_flip,147,100.0,93.0368,-6.9632,-0.069632,False,93.0091,-6.9909,-0.069909,0.000277,True
mc_exit,2025-11-01,PLTR,0.546,0.007237454716573666,2025-11-03,207.18,2025-12-31,177.75,mc_flip,58,100.0,85.795,-14.205,-0.14205,False,100.0871,0.0871,0.000871,-0.142921,False
mc_exit,2025-11-01,NVS,0.596,0.007045106145806557,2025-11-03,120.2015,2026-04-28,145.5,mc_flip,176,100.0,121.0468,21.0468,0.210468,False,104.7418,4.7418,0.047418,0.16305,True
mc_exit,2025-11-01,AMGN,0.56,0.00517310223722367,2025-11-03,289.9872,2026-04-28,337.025,mc_flip,176,100.0,116.2206,16.2206,0.162206,False,104.7418,4.7418,0.047418,0.114789,True
mc_exit,2025-11-01,SMR,0.509,0.0043885149721552,2025-11-03,40.83,2025-11-17,21.06,mc_flip,14,100.0,51.5797,-48.4203,-0.484203,False,97.4142,-2.5858,-0.025858,-0.458344,False
mc_exit,2025-11-01,HUM,0.523,0.0039805795449141534,2025-11-03,277.5548,2025-11-17,232.1319,mc_flip,14,100.0,83.6346,-16.3654,-0.163654,False,97.4142,-2.5858,-0.025858,-0.137796,False
mc_exit,2025-11-01,CVX,0.553,0.003563084820371376,2025-11-03,149.4936,2025-11-17,150.2506,mc_flip,14,100.0,100.5064,0.5064,0.005064,False,97.4142,-2.5858,-0.025858,0.030922,True
mc_exit,2025-11-01,WTRG,0.528,0.001954128108640152,2025-11-03,37.0615,2025-12-31,37.6614,mc_flip,58,100.0,101.6186,1.6186,0.016186,False,100.0871,0.0871,0.000871,0.015315,True
mc_exit,2025-11-15,CLS,0.678,0.05627955159882636,2025-11-17,309.37,2026-01-30,280.99,mc_flip,74,100.0,90.8265,-9.1735,-0.091735,False,104.2581,4.2581,0.042581,-0.134316,False
mc_exit,2025-11-15,GOOGL,0.752,0.03530521894685412,2025-11-17,284.4634,2026-03-02,306.1215,mc_flip,105,100.0,107.6137,7.6137,0.076137,False,103.4158,3.4158,0.034158,0.041978,True
mc_exit,2025-11-15,APP,0.599,0.024701965356474398,2025-11-17,539.27,2026-01-30,473.11,mc_flip,74,100.0,87.7316,-12.2684,-0.122684,False,104.2581,4.2581,0.042581,-0.165265,False
mc_exit,2025-11-15,TSM,0.652,0.0239374212222474,2025-11-17,279.8052,2026-03-30,315.7605,mc_flip,133,100.0,112.8501,12.8501,0.128501,False,95.478,-4.522,-0.04522,0.173721,True
mc_exit,2025-11-15,AAPL,0.708,0.02166581970239001,2025-11-17,266.964,2026-01-15,257.7312,mc_flip,59,100.0,96.5415,-3.4585,-0.034585,False,104.2988,4.2988,0.042988,-0.077572,False
mc_exit,2025-11-15,HURN,0.643,0.020778770260122537,2025-11-17,160.53,2026-02-13,125.36,mc_flip,88,100.0,78.0913,-21.9087,-0.219087,False,102.7182,2.7182,0.027182,-0.246269,False
mc_exit,2025-11-15,NVT,0.636,0.019920721490759075,2025-11-17,103.7412,2026-05-18,160.69,time,182,100.0,154.895,54.895,0.54895,False,111.5952,11.5952,0.115952,0.432998,True
mc_exit,2025-11-15,EQT,0.635,0.017112727069472422,2025-11-17,58.7086,2025-12-31,53.2991,mc_flip,44,100.0,90.7859,-9.2141,-0.092141,False,102.7439,2.7439,0.027439,-0.11958,False
mc_exit,2025-11-15,HOOD,0.539,0.00927981941485534,2025-11-17,115.97,2025-12-16,119.4,mc_flip,29,100.0,102.9577,2.9577,0.029577,False,101.983,1.983,0.01983,0.009747,True
mc_exit,2025-11-15,PLTR,0.549,0.009246275571362483,2025-11-17,171.25,2025-12-31,177.75,mc_flip,44,100.0,103.7956,3.7956,0.037956,False,102.7439,2.7439,0.027439,0.010518,True
mc_exit,2025-11-15,FTGC,0.655,0.008290408531735016,2025-11-17,22.8577,2026-05-18,30.04,time,182,100.0,131.4216,31.4216,0.314216,False,111.5952,11.5952,0.115952,0.198264,True
mc_exit,2025-11-15,NVDA,0.553,0.00729763026351038,2025-11-17,186.3623,2025-12-16,177.5035,mc_flip,29,100.0,95.2465,-4.7535,-0.047535,False,101.983,1.983,0.01983,-0.067365,False
mc_exit,2025-11-15,EIPI,0.613,0.004056996619204778,2025-11-17,19.2807,2026-05-18,22.4854,time,182,100.0,116.6217,16.6217,0.166217,False,111.5952,11.5952,0.115952,0.050265,True
mc_exit,2025-11-15,FIVE,0.522,0.003267863317467423,2025-11-17,147.72,2026-05-12,208.51,mc_flip,176,100.0,141.1522,41.1522,0.411522,False,111.5242,11.5242,0.115242,0.29628,True
mc_exit,2025-11-15,SHOP,0.51,0.001985678794187651,2025-11-17,139.93,2025-12-31,160.97,mc_flip,44,100.0,115.0361,15.0361,0.150361,False,102.7439,2.7439,0.027439,0.122922,True
mc_exit,2025-11-15,LCII,0.503,0.0004382065275045921,2025-11-17,101.831,2026-03-30,118.8465,mc_flip,133,100.0,116.7096,16.7096,0.167096,False,95.478,-4.522,-0.04522,0.212316,True
mc_exit,2025-11-15,INTU,0.504,0.00032432260678261216,2025-11-17,642.806,2025-12-02,632.5068,mc_flip,15,100.0,98.3978,-1.6022,-0.016022,False,102.3826,2.3826,0.023826,-0.039848,False
mc_exit,2025-12-01,BE,0.611,0.0585272446027576,2025-12-01,98.93,2025-12-15,89.58,mc_flip,14,100.0,90.5489,-9.4511,-0.094511,False,100.0676,0.0676,0.000676,-0.095187,False
mc_exit,2025-12-01,GOOGL,0.761,0.03561989869414828,2025-12-01,314.2751,2026-02-27,311.3547,mc_flip,88,100.0,99.0708,-0.9292,-0.009292,False,101.1388,1.1388,0.011388,-0.020681,False
mc_exit,2025-12-01,CLS,0.588,0.0265020626649084,2025-12-01,318.37,2026-01-29,300.0,mc_flip,59,100.0,94.23,-5.77,-0.0577,False,102.3257,2.3257,0.023257,-0.080957,False
mc_exit,2025-12-01,VALE,0.756,0.02345420463186243,2025-12-01,12.0522,2026-05-26,16.5,mc_flip,176,100.0,136.9049,36.9049,0.369049,False,110.9653,10.9653,0.109653,0.259396,True
mc_exit,2025-12-01,UTHR,0.67,0.0232719000907311,2025-12-01,479.95,2026-06-01,544.62,time,182,100.0,113.4743,13.4743,0.134743,False,112.1406,12.1406,0.121406,0.013337,True
mc_exit,2025-12-01,TMO,0.669,0.021795384397548023,2025-12-01,584.1329,2026-02-12,509.3165,mc_flip,73,100.0,87.1919,-12.8081,-0.128081,False,100.4429,0.4429,0.004429,-0.13251,False
mc_exit,2025-12-01,AAPL,0.706,0.02107372554380138,2025-12-01,282.575,2026-01-14,259.4779,mc_flip,44,100.0,91.8262,-8.1738,-0.081738,False,101.7831,1.7831,0.017831,-0.099569,False
mc_exit,2025-12-01,AZTA,0.578,0.017765656280792408,2025-12-01,34.86,2026-02-12,28.12,mc_flip,73,100.0,80.6655,-19.3345,-0.193345,False,100.4429,0.4429,0.004429,-0.197774,False
mc_exit,2025-12-01,BABA,0.586,0.016567850209439516,2025-12-01,162.7652,2025-12-15,148.7241,mc_flip,14,100.0,91.3734,-8.6266,-0.086266,False,100.0676,0.0676,0.000676,-0.086942,False
mc_exit,2025-12-01,CSCO,0.667,0.016163221168648878,2025-12-01,75.2276,2026-02-12,74.5958,mc_flip,73,100.0,99.1601,-0.8399,-0.008399,False,100.4429,0.4429,0.004429,-0.012828,False
mc_exit,2025-12-01,BCS,0.642,0.015753242254312738,2025-12-01,22.4804,2026-03-13,20.47,mc_flip,102,100.0,91.0569,-8.9431,-0.089431,False,97.6446,-2.3554,-0.023554,-0.065877,False
mc_exit,2025-12-01,APP,0.553,0.012563167199420855,2025-12-01,623.59,2026-01-29,569.24,mc_flip,59,100.0,91.2843,-8.7157,-0.087157,False,102.3257,2.3257,0.023257,-0.110413,False
mc_exit,2025-12-01,AXP,0.613,0.012428016302265865,2025-12-01,358.3784,2026-01-29,357.3702,mc_flip,59,100.0,99.7187,-0.2813,-0.002813,False,102.3257,2.3257,0.023257,-0.02607,False
mc_exit,2025-12-01,AZN,0.604,0.012309997124248406,2025-12-01,179.1721,2026-05-11,181.86,mc_flip,161,100.0,101.5002,1.5002,0.015002,False,109.2962,9.2962,0.092962,-0.077961,False
mc_exit,2025-12-01,APG,0.608,0.012146470411791288,2025-12-01,38.98,2026-05-11,44.12,mc_flip,161,100.0,113.1862,13.1862,0.131862,False,109.2962,9.2962,0.092962,0.0389,True
mc_exit,2025-12-01,AVGO,0.563,0.011784329856131759,2025-12-01,384.536,2025-12-15,338.4511,mc_flip,14,100.0,88.0154,-11.9846,-0.119846,False,100.0676,0.0676,0.000676,-0.120522,False
mc_exit,2025-12-01,CCJ,0.547,0.011406938483085938,2025-12-01,87.53,2026-04-27,123.11,mc_flip,147,100.0,140.6489,40.6489,0.406489,False,105.7289,5.7289,0.057289,0.3492,True
mc_exit,2025-12-01,GS,0.604,0.01063361906273852,2025-12-01,799.1141,2026-03-13,778.7778,mc_flip,102,100.0,97.4551,-2.5449,-0.025449,False,97.6446,-2.3554,-0.023554,-0.001895,False
mc_exit,2025-12-01,AVAV,0.538,0.007557422017004489,2025-12-01,257.8,2025-12-15,235.32,mc_flip,14,100.0,91.2801,-8.7199,-0.087199,False,100.0676,0.0676,0.000676,-0.087876,False
mc_exit,2025-12-01,DELL,0.542,0.007356997271979582,2025-12-01,131.109,2025-12-15,129.5407,mc_flip,14,100.0,98.8038,-1.1962,-0.011962,False,100.0676,0.0676,0.000676,-0.012638,False
mc_exit,2025-12-01,NVDA,0.551,0.007266196212135423,2025-12-01,179.6908,2025-12-15,176.0752,mc_flip,14,100.0,97.9879,-2.0121,-0.020121,False,100.0676,0.0676,0.000676,-0.020797,False
mc_exit,2025-12-01,RY,0.641,0.006847532378551069,2025-12-01,151.8499,2026-03-13,160.1629,mc_flip,102,100.0,105.4745,5.4745,0.054745,False,97.6446,-2.3554,-0.023554,0.078299,True
mc_exit,2025-12-01,ALIZY,0.565,0.004259569486146919,2025-12-01,41.0057,2026-03-13,38.6712,mc_flip,102,100.0,94.307,-5.693,-0.05693,False,97.6446,-2.3554,-0.023554,-0.033376,False
mc_exit,2025-12-01,UNM,0.54,0.0032053032342449495,2025-12-01,74.3044,2026-02-12,70.4011,mc_flip,73,100.0,94.7468,-5.2532,-0.052532,False,100.4429,0.4429,0.004429,-0.056961,False
mc_exit,2025-12-01,FTNT,0.522,0.0020973130373636018,2025-12-01,81.82,2025-12-15,81.52,mc_flip,14,100.0,99.6333,-0.3667,-0.003667,False,100.0676,0.0676,0.000676,-0.004343,False
mc_exit,2025-12-01,UNH,0.512,0.0016000716658375325,2025-12-01,318.5747,2025-12-30,329.5976,mc_flip,29,100.0,103.4601,3.4601,0.034601,False,101.2892,1.2892,0.012892,0.021709,True
mc_exit,2025-12-15,COHR,0.65,0.04872310673953528,2025-12-15,178.45,2026-06-12,385.03,open,179,100.0,215.7635,115.7635,1.157635,True,109.5843,9.5843,0.095843,1.061792,True
mc_exit,2025-12-15,ISRG,0.667,0.02704103960034132,2025-12-15,559.52,2026-01-29,507.55,mc_flip,45,100.0,90.7117,-9.2883,-0.092883,False,102.2565,2.2565,0.022565,-0.115448,False
mc_exit,2025-12-15,JNJ,0.849,0.0257925018263514,2025-12-15,211.8193,2026-04-27,224.0515,mc_flip,133,100.0,105.7748,5.7748,0.057748,False,105.6575,5.6575,0.056575,0.001173,True
mc_exit,2025-12-15,IDEXY,0.671,0.02314438485659931,2025-12-15,15.7861,2026-03-13,14.3608,mc_flip,88,100.0,90.9714,-9.0286,-0.090286,False,97.5786,-2.4214,-0.024214,-0.066073,False
mc_exit,2025-12-15,TMO,0.686,0.023104214491500796,2025-12-15,575.3412,2026-02-12,509.3165,mc_flip,59,100.0,88.5243,-11.4757,-0.114757,False,100.3751,0.3751,0.003751,-0.118508,False
mc_exit,2025-12-15,KDP,0.629,0.015194011358456772,2025-12-15,28.7362,2026-03-13,27.17,mc_flip,88,100.0,94.5499,-5.4501,-0.054501,False,97.5786,-2.4214,-0.024214,-0.030287,False
mc_exit,2025-12-15,HAYW,0.565,0.008380840037055526,2025-12-15,15.97,2026-01-29,16.3,mc_flip,45,100.0,102.0664,2.0664,0.020664,False,102.2565,2.2565,0.022565,-0.001902,False
mc_exit,2025-12-15,TM,0.579,0.008112709600623269,2025-12-15,214.81,2026-03-13,210.84,mc_flip,88,100.0,98.1519,-1.8481,-0.018481,False,97.5786,-2.4214,-0.024214,0.005732,True
mc_exit,2025-12-15,COF,0.567,0.0076505511710902585,2025-12-15,237.8748,2026-01-29,217.5402,mc_flip,45,100.0,91.4516,-8.5484,-0.085484,False,102.2565,2.2565,0.022565,-0.10805,False
mc_exit,2025-12-15,CVCO,0.53,0.005818001802332828,2025-12-15,598.17,2026-02-27,577.26,mc_flip,74,100.0,96.5043,-3.4957,-0.034957,False,101.0705,1.0705,0.010705,-0.045661,False
mc_exit,2025-12-15,BCE,0.562,0.0044992398452330384,2025-12-15,23.3155,2026-04-13,23.5,mc_flip,119,100.0,100.7915,0.7915,0.007915,False,101.3627,1.3627,0.013627,-0.005712,False
mc_exit,2025-12-15,IFF,0.545,0.004420901058443061,2025-12-15,63.4031,2026-05-11,78.75,mc_flip,147,100.0,124.2052,24.2052,0.242052,False,109.2224,9.2224,0.092224,0.149828,True
mc_exit,2025-12-15,MET,0.54,0.003290334085508162,2025-12-15,81.3985,2025-12-30,78.61,mc_flip,15,100.0,96.5743,-3.4257,-0.034257,False,101.2208,1.2208,0.012208,-0.046465,False
mc_exit,2025-12-15,BMO,0.541,0.0024284140937009813,2025-12-15,131.0053,2026-06-12,168.3,open,179,100.0,128.4681,28.4681,0.284681,True,109.5843,9.5843,0.095843,0.188837,True
mc_exit,2025-12-15,APO,0.515,0.00218718150967101,2025-12-15,145.6186,2026-02-27,104.1608,mc_flip,74,100.0,71.5298,-28.4702,-0.284702,False,101.0705,1.0705,0.010705,-0.295406,False
mc_exit,2025-12-15,AXAHY,0.53,0.0019219659426228386,2025-12-15,45.237,2026-03-13,41.2335,mc_flip,88,100.0,91.1501,-8.8499,-0.088499,False,97.5786,-2.4214,-0.024214,-0.064286,False
mc_exit,2025-12-15,CRM,0.513,0.0018825669232021003,2025-12-15,252.883,2026-01-14,238.3571,mc_flip,30,100.0,94.2559,-5.7441,-0.057441,False,101.7143,1.7143,0.017143,-0.074584,False
mc_exit,2025-12-15,D,0.526,0.0015603968386634914,2025-12-15,58.622,2025-12-30,57.8579,mc_flip,15,100.0,98.6965,-1.3035,-0.013035,False,101.2208,1.2208,0.012208,-0.025242,False
mc_exit,2025-12-15,VTEB,0.662,0.0012976467163468008,2025-12-15,49.3864,2026-03-27,49.2237,mc_flip,102,100.0,99.6707,-0.3293,-0.003293,False,93.6789,-6.3211,-0.063211,0.059917,True
mc_exit,2025-12-15,CL,0.513,0.0010452028353857834,2025-12-15,78.459,2026-04-27,84.17,mc_flip,133,100.0,107.279,7.279,0.07279,False,105.6575,5.6575,0.056575,0.016215,True
mc_exit,2025-12-15,UNH,0.505,0.0006469968858975328,2025-12-15,338.4687,2025-12-30,329.5976,mc_flip,15,100.0,97.3791,-2.6209,-0.026209,False,101.2208,1.2208,0.012208,-0.038417,False
mc_exit,2026-01-01,GOOGL,0.708,0.028974689822372612,2026-01-02,314.7403,2026-03-03,303.1853,mc_flip,60,100.0,96.3287,-3.6713,-0.036713,False,99.5843,-0.4157,-0.004157,-0.032556,False
mc_exit,2026-01-01,WFC,0.655,0.01720484420415236,2026-01-02,94.1959,2026-03-03,82.0608,mc_flip,60,100.0,87.1173,-12.8827,-0.128827,False,99.5843,-0.4157,-0.004157,-0.12467,False
mc_exit,2026-01-01,PUK,0.655,0.01299341603508597,2026-01-02,31.2264,2026-03-17,29.1539,mc_flip,74,100.0,93.3628,-6.6372,-0.066372,False,98.1879,-1.8121,-0.018121,-0.04825,False
mc_exit,2026-01-01,NVDA,0.501,0.00026891810838791663,2026-01-02,188.6199,2026-02-02,185.3839,mc_flip,31,100.0,98.2843,-1.7157,-0.017157,False,101.7916,1.7916,0.017916,-0.035073,False
mc_exit,2026-01-01,VZ,0.502,0.00024508398959999234,2026-01-02,39.2388,2026-01-16,38.3334,mc_flip,14,100.0,97.6927,-2.3073,-0.023073,False,101.2427,1.2427,0.012427,-0.0355,False
mc_exit,2026-01-15,AA,0.74,0.06375577153647383,2026-01-15,63.6039,2026-06-10,65.55,mc_flip,146,100.0,103.0598,3.0598,0.030598,False,105.0808,5.0808,0.050808,-0.02021,False
mc_exit,2026-01-15,DLTR,0.763,0.042553304039172346,2026-01-15,141.21,2026-03-16,114.36,mc_flip,60,100.0,80.9858,-19.0142,-0.190142,False,96.6471,-3.3529,-0.033529,-0.156614,False
mc_exit,2026-01-15,GOOGL,0.763,0.0342303112398914,2026-01-15,332.3474,2026-03-02,306.1215,mc_flip,46,100.0,92.1089,-7.8911,-0.078911,False,99.1535,-0.8465,-0.008465,-0.070446,False
mc_exit,2026-01-15,CNC,0.643,0.030825705095671507,2026-01-15,47.27,2026-03-16,34.76,mc_flip,60,100.0,73.535,-26.465,-0.26465,False,96.6471,-3.3529,-0.033529,-0.231121,False
mc_exit,2026-01-15,GS,0.748,0.03079086959876176,2026-01-15,966.4916,2026-03-16,791.2827,mc_flip,60,100.0,81.8717,-18.1283,-0.181283,False,96.6471,-3.3529,-0.033529,-0.147755,False
mc_exit,2026-01-15,BMY,0.722,0.030129828379739543,2026-01-15,56.0421,2026-05-12,56.45,mc_flip,117,100.0,100.7278,0.7278,0.007278,False,106.9277,6.9277,0.069277,-0.061999,False
mc_exit,2026-01-15,DY,0.667,0.027113827655952827,2026-01-15,365.65,2026-03-30,324.73,mc_flip,74,100.0,88.809,-11.191,-0.11191,False,91.5428,-8.4572,-0.084572,-0.027338,False
mc_exit,2026-01-15,C,0.698,0.022122469354102225,2026-01-15,116.3008,2026-03-16,106.8446,mc_flip,60,100.0,91.8692,-8.1308,-0.081308,False,96.6471,-3.3529,-0.033529,-0.047779,False
mc_exit,2026-01-15,DOV,0.686,0.021146833831949374,2026-01-15,204.8861,2026-05-12,216.1797,mc_flip,117,100.0,105.5121,5.5121,0.055121,False,106.9277,6.9277,0.069277,-0.014155,False
mc_exit,2026-01-15,PUK,0.739,0.01995139177227845,2026-01-15,31.4633,2026-03-16,29.0059,mc_flip,60,100.0,92.1895,-7.8105,-0.078105,False,96.6471,-3.3529,-0.033529,-0.044577,False
mc_exit,2026-01-15,TSM,0.64,0.017887244268596447,2026-01-15,339.8841,2026-03-30,315.7605,mc_flip,74,100.0,92.9024,-7.0976,-0.070976,False,91.5428,-8.4572,-0.084572,0.013596,True
mc_exit,2026-01-15,PRU,0.736,0.01777338322649835,2026-01-15,113.3272,2026-03-02,98.6061,mc_flip,46,100.0,87.01,-12.99,-0.1299,False,99.1535,-0.8465,-0.008465,-0.121435,False
mc_exit,2026-01-15,DRI,0.652,0.016883595240862803,2026-01-15,212.6926,2026-04-14,197.98,mc_flip,89,100.0,93.0827,-6.9173,-0.069173,False,100.5947,0.5947,0.005947,-0.07512,False
mc_exit,2026-01-15,ACN,0.641,0.01649994310430447,2026-01-15,285.3501,2026-02-13,222.3444,mc_flip,29,100.0,77.9199,-22.0801,-0.220801,False,98.4846,-1.5154,-0.015154,-0.205648,False
mc_exit,2026-01-15,DVN,0.607,0.01525786063257284,2026-01-15,36.1313,2026-06-10,46.6,mc_flip,146,100.0,128.9741,28.9741,0.289741,False,105.0808,5.0808,0.050808,0.238933,True
mc_exit,2026-01-15,BA,0.604,0.015204637769681728,2026-01-15,247.74,2026-03-30,189.21,mc_flip,74,100.0,76.3744,-23.6256,-0.236256,False,91.5428,-8.4572,-0.084572,-0.151684,False
mc_exit,2026-01-15,DE,0.622,0.013910627533078035,2026-01-15,513.538,2026-05-12,589.19,mc_flip,117,100.0,114.7315,14.7315,0.147315,False,106.9277,6.9277,0.069277,0.078039,True
mc_exit,2026-01-15,CVX,0.608,0.01061473002867519,2026-01-15,163.0569,2026-05-27,182.4,mc_flip,132,100.0,111.8628,11.8628,0.118628,False,108.7065,8.7065,0.087065,0.031564,True
mc_exit,2026-01-15,GLOB,0.565,0.010529960645238035,2026-01-15,67.48,2026-02-13,49.4,mc_flip,29,100.0,73.2069,-26.7931,-0.267931,False,98.4846,-1.5154,-0.015154,-0.252778,False
mc_exit,2026-01-15,DHR,0.629,0.010237461665582037,2026-01-15,239.3797,2026-02-13,212.1278,mc_flip,29,100.0,88.6156,-11.3844,-0.113844,False,98.4846,-1.5154,-0.015154,-0.09869,False
mc_exit,2026-01-15,XLV,0.67,0.010071041931917657,2026-01-15,156.3174,2026-03-16,150.3917,mc_flip,60,100.0,96.2092,-3.7908,-0.037908,False,96.6471,-3.3529,-0.033529,-0.004379,False
mc_exit,2026-01-15,CSCO,0.595,0.008131598839709264,2026-01-15,74.8444,2026-02-13,76.4358,mc_flip,29,100.0,102.1262,2.1262,0.021262,False,98.4846,-1.5154,-0.015154,0.036416,True
mc_exit,2026-01-15,XLP,0.607,0.005705955768826154,2026-01-15,81.909,2026-04-14,81.47,mc_flip,89,100.0,99.4641,-0.5359,-0.005359,False,100.5947,0.5947,0.005947,-0.011306,False
mc_exit,2026-01-15,JPM,0.558,0.005349863138754518,2026-01-15,307.6854,2026-01-30,304.3325,mc_flip,15,100.0,98.9103,-1.0897,-0.010897,False,99.961,-0.039,-0.00039,-0.010507,False
mc_exit,2026-01-15,CF,0.547,0.005186351560295899,2026-01-15,85.7899,2026-06-10,109.26,mc_flip,146,100.0,127.3577,27.3577,0.273577,False,105.0808,5.0808,0.050808,0.222769,True
mc_exit,2026-01-15,MMM,0.553,0.0038065619159644015,2026-01-15,169.4593,2026-01-30,151.6913,mc_flip,15,100.0,89.5149,-10.4851,-0.104851,False,99.961,-0.039,-0.00039,-0.104461,False
mc_exit,2026-01-15,WM,0.545,0.0033152346543994238,2026-01-15,218.0443,2026-05-12,216.7109,mc_flip,117,100.0,99.3884,-0.6116,-0.006116,False,106.9277,6.9277,0.069277,-0.075392,False
mc_exit,2026-02-01,XOM,0.768,0.026895450873499982,2026-02-02,136.5567,2026-05-28,146.96,mc_flip,115,100.0,107.6183,7.6183,0.076183,False,108.8079,8.8079,0.088079,-0.011896,False
mc_exit,2026-02-01,GOOGL,0.698,0.023655762915464784,2026-02-02,343.2432,2026-03-03,303.1853,mc_flip,29,100.0,88.3296,-11.6704,-0.116704,False,97.8315,-2.1685,-0.021685,-0.095019,False
mc_exit,2026-02-01,SWK,0.641,0.020869873371719416,2026-02-02,77.4534,2026-03-17,70.2788,mc_flip,43,100.0,90.7369,-9.2631,-0.092631,False,96.4596,-3.5404,-0.035404,-0.057227,False
mc_exit,2026-02-01,WMT,0.695,0.018627466313953178,2026-02-02,123.5701,2026-05-28,118.9,mc_flip,115,100.0,96.2207,-3.7793,-0.037793,False,108.8079,8.8079,0.088079,-0.125872,False
mc_exit,2026-02-01,HON,0.697,0.01840010449909313,2026-02-02,225.1982,2026-04-29,209.1506,mc_flip,86,100.0,92.874,-7.126,-0.07126,False,102.6047,2.6047,0.026047,-0.097307,False
mc_exit,2026-02-01,UPS,0.67,0.01770643565188945,2026-02-02,106.9505,2026-03-17,96.1492,mc_flip,43,100.0,89.9007,-10.0993,-0.100993,False,96.4596,-3.5404,-0.035404,-0.06559,False
mc_exit,2026-02-01,LLY,0.633,0.01607878281450903,2026-02-02,1040.599,2026-02-17,1034.2697,mc_flip,15,100.0,99.3918,-0.6082,-0.006082,False,98.1939,-1.8061,-0.018061,0.011979,True
mc_exit,2026-02-01,FMAO,0.599,0.013710352159686856,2026-02-02,27.4446,2026-03-17,24.3721,mc_flip,43,100.0,88.8046,-11.1954,-0.111954,False,96.4596,-3.5404,-0.035404,-0.07655,False
mc_exit,2026-02-01,T,0.611,0.009840774341263403,2026-02-02,26.0276,2026-04-29,25.75,mc_flip,86,100.0,98.9335,-1.0665,-0.010665,False,102.6047,2.6047,0.026047,-0.036712,False
mc_exit,2026-02-01,AB,0.591,0.009621310156236351,2026-02-02,40.0429,2026-03-03,38.3044,mc_flip,29,100.0,95.6583,-4.3417,-0.043417,False,97.8315,-2.1685,-0.021685,-0.021732,False
mc_exit,2026-02-01,EOG,0.591,0.008690715112313008,2026-02-02,107.5748,2026-06-11,136.53,mc_flip,129,100.0,126.9164,26.9164,0.269164,False,106.3797,6.3797,0.063797,0.205367,True
mc_exit,2026-02-01,WPC,0.622,0.008621028664059338,2026-02-02,67.4337,2026-06-12,76.71,open,130,100.0,113.7562,13.7562,0.137562,True,106.955,6.955,0.06955,0.068012,True
mc_exit,2026-02-01,PG,0.563,0.004660474033558737,2026-02-02,152.0451,2026-04-15,142.3084,mc_flip,72,100.0,93.5962,-6.4038,-0.064038,False,100.9263,0.9263,0.009263,-0.073301,False
mc_exit,2026-02-01,IBM,0.529,0.0028134367203185295,2026-02-02,310.6593,2026-02-17,256.4227,mc_flip,15,100.0,82.5415,-17.4585,-0.174585,False,98.1939,-1.8061,-0.018061,-0.156524,False
mc_exit,2026-02-01,PEG,0.531,0.0019245449253115776,2026-02-02,78.9831,2026-04-29,78.9041,mc_flip,86,100.0,99.8999,-0.1001,-0.001001,False,102.6047,2.6047,0.026047,-0.027048,False
mc_exit,2026-02-15,MCHP,0.737,0.052470292748030056,2026-02-17,78.086,2026-03-31,64.2873,mc_flip,42,100.0,82.3289,-17.6711,-0.176711,False,95.4992,-4.5008,-0.045008,-0.131703,False
mc_exit,2026-02-15,AMKR,0.652,0.04844861404706413,2026-02-17,46.6979,2026-03-03,44.4547,mc_flip,14,100.0,95.1964,-4.8036,-0.048036,False,99.631,-0.369,-0.00369,-0.044346,False
mc_exit,2026-02-15,BNPQY,0.835,0.03805293164442869,2026-02-17,53.5223,2026-03-31,46.2778,mc_flip,42,100.0,86.4644,-13.5356,-0.135356,False,95.4992,-4.5008,-0.045008,-0.090348,False
mc_exit,2026-02-15,MPWR,0.703,0.037079454311589766,2026-02-17,1170.8392,2026-06-12,1577.3199,open,115,100.0,134.717,34.717,0.34717,True,108.9223,8.9223,0.089223,0.257948,True
mc_exit,2026-02-15,LRN,0.702,0.03242458632865586,2026-02-17,83.78,2026-06-12,97.71,open,115,100.0,116.6269,16.6269,0.166269,True,108.9223,8.9223,0.089223,0.077046,True
mc_exit,2026-02-15,IFF,0.719,0.028192771647188808,2026-02-17,82.2542,2026-04-29,68.89,mc_flip,71,100.0,83.7525,-16.2475,-0.162475,False,104.492,4.492,0.04492,-0.207394,False
mc_exit,2026-02-15,JNJ,0.815,0.024574184813608735,2026-02-17,240.6592,2026-04-29,226.05,mc_flip,71,100.0,93.9295,-6.0705,-0.060705,False,104.492,4.492,0.04492,-0.105625,False
mc_exit,2026-02-15,VSEC,0.611,0.024190731819262012,2026-02-17,213.244,2026-03-31,184.3171,mc_flip,42,100.0,86.4348,-13.5652,-0.135652,False,95.4992,-4.5008,-0.045008,-0.090644,False
mc_exit,2026-02-15,AME,0.777,0.023237630674112886,2026-02-17,232.9601,2026-04-29,227.87,mc_flip,71,100.0,97.815,-2.185,-0.02185,False,104.492,4.492,0.04492,-0.06677,False
mc_exit,2026-02-15,APG,0.686,0.0218446109536079,2026-02-17,44.43,2026-05-13,43.26,mc_flip,85,100.0,97.3666,-2.6334,-0.026334,False,109.0045,9.0045,0.090045,-0.116379,False
mc_exit,2026-02-15,GPC,0.683,0.019389738644943533,2026-02-17,123.2558,2026-03-03,114.1199,mc_flip,14,100.0,92.5879,-7.4121,-0.074121,False,99.631,-0.369,-0.00369,-0.070431,False
mc_exit,2026-02-15,GGFPX,0.813,0.018751127554431868,2026-02-17,19.98,2026-03-31,18.54,mc_flip,42,100.0,92.7928,-7.2072,-0.072072,False,95.4992,-4.5008,-0.045008,-0.027064,False
mc_exit,2026-02-15,BDX,0.667,0.01873817770683739,2026-02-17,175.0205,2026-04-15,154.4313,mc_flip,57,100.0,88.2361,-11.7639,-0.117639,False,102.7827,2.7827,0.027827,-0.145466,False
mc_exit,2026-02-15,FCFS,0.667,0.018692253249575685,2026-02-17,183.1413,2026-06-12,224.89,open,115,100.0,122.7959,22.7959,0.227959,True,108.9223,8.9223,0.089223,0.138736,True
mc_exit,2026-02-15,CRS,0.602,0.018353571852208317,2026-02-17,374.705,2026-06-12,561.49,open,115,100.0,149.8485,49.8485,0.498485,True,108.9223,8.9223,0.089223,0.409263,True
mc_exit,2026-02-15,ETN,0.619,0.016440333053757916,2026-02-17,389.1975,2026-06-12,391.39,open,115,100.0,100.5633,0.5633,0.005633,True,108.9223,8.9223,0.089223,-0.083589,False
mc_exit,2026-02-15,COST,0.671,0.015739388199377036,2026-02-17,1010.5836,2026-05-28,995.2,mc_flip,100,100.0,98.4778,-1.5222,-0.015222,False,110.8092,10.8092,0.108092,-0.123315,False
mc_exit,2026-02-15,C,0.611,0.014678054409518415,2026-02-17,113.2443,2026-03-17,107.2029,mc_flip,28,100.0,94.6651,-5.3349,-0.053349,False,98.2339,-1.7661,-0.017661,-0.035687,False
mc_exit,2026-02-15,BNS,0.678,0.013358119928098988,2026-02-17,76.22,2026-03-17,70.27,mc_flip,28,100.0,92.1936,-7.8064,-0.078064,False,98.2339,-1.7661,-0.017661,-0.060402,False
mc_exit,2026-02-15,PG,0.638,0.011176325815261512,2026-02-17,158.3576,2026-04-15,142.3084,mc_flip,57,100.0,89.8652,-10.1348,-0.101348,False,102.7827,2.7827,0.027827,-0.129174,False
mc_exit,2026-02-15,CME,0.635,0.010471524828660428,2026-02-17,294.6227,2026-05-28,275.989,mc_flip,100,100.0,93.6754,-6.3246,-0.063246,False,110.8092,10.8092,0.108092,-0.171338,False
mc_exit,2026-02-15,AMGN,0.578,0.009848330455648702,2026-02-17,370.5617,2026-05-13,333.9284,mc_flip,85,100.0,90.1141,-9.8859,-0.098859,False,109.0045,9.0045,0.090045,-0.188904,False
mc_exit,2026-02-15,MCK,0.563,0.009183041733393793,2026-02-17,944.6395,2026-04-29,821.7214,mc_flip,71,100.0,86.9878,-13.0122,-0.130122,False,104.492,4.492,0.04492,-0.175041,False
mc_exit,2026-02-15,BAX,0.547,0.00873343085135092,2026-02-17,20.719,2026-03-17,17.6108,mc_flip,28,100.0,84.9984,-15.0016,-0.150016,False,98.2339,-1.7661,-0.017661,-0.132355,False
mc_exit,2026-02-15,GOOGL,0.583,0.008711767214752975,2026-02-17,301.6273,2026-03-03,303.1853,mc_flip,14,100.0,100.5165,0.5165,0.005165,False,99.631,-0.369,-0.00369,0.008856,True
mc_exit,2026-02-15,MS,0.577,0.00871018890922226,2026-02-17,170.6231,2026-03-03,165.0629,mc_flip,14,100.0,96.7413,-3.2587,-0.032587,False,99.631,-0.369,-0.00369,-0.028897,False
mc_exit,2026-02-15,AMP,0.573,0.008187406871713598,2026-02-17,467.0742,2026-03-03,463.9855,mc_flip,14,100.0,99.3387,-0.6613,-0.006613,False,99.631,-0.369,-0.00369,-0.002923,False
mc_exit,2026-02-15,AEE,0.615,0.007759143917778433,2026-02-17,109.0257,2026-05-28,108.1675,mc_flip,100,100.0,99.2129,-0.7871,-0.007871,False,110.8092,10.8092,0.108092,-0.115963,False
mc_exit,2026-02-15,META,0.558,0.007731692495405396,2026-02-17,638.7431,2026-03-03,654.5197,mc_flip,14,100.0,102.4699,2.4699,0.024699,False,99.631,-0.369,-0.00369,0.02839,True
mc_exit,2026-02-15,AEP,0.604,0.0071701004190225515,2026-02-17,129.301,2026-05-28,127.76,mc_flip,100,100.0,98.8082,-1.1918,-0.011918,False,110.8092,10.8092,0.108092,-0.12001,False
mc_exit,2026-02-15,RSG,0.591,0.005573465868895955,2026-02-17,220.5635,2026-04-29,208.31,mc_flip,71,100.0,94.4445,-5.5555,-0.055555,False,104.492,4.492,0.04492,-0.100475,False
mc_exit,2026-02-15,OTIS,0.551,0.0035653407260500813,2026-02-17,91.8833,2026-03-17,83.6333,mc_flip,28,100.0,91.0212,-8.9788,-0.089788,False,98.2339,-1.7661,-0.017661,-0.072127,False
mc_exit,2026-02-15,GIS,0.537,0.0032830943301909166,2026-02-17,44.2137,2026-03-03,43.8007,mc_flip,14,100.0,99.0658,-0.9342,-0.009342,False,99.631,-0.369,-0.00369,-0.005651,False
mc_exit,2026-02-15,XEL,0.53,0.0019512271273744997,2026-02-17,80.1575,2026-05-28,79.26,mc_flip,100,100.0,98.8803,-1.1197,-0.011197,False,110.8092,10.8092,0.108092,-0.119289,False
mc_exit,2026-02-15,JPM,0.519,0.0017192259503580054,2026-02-17,305.5662,2026-03-03,298.7312,mc_flip,14,100.0,97.7632,-2.2368,-0.022368,False,99.631,-0.369,-0.00369,-0.018678,False
mc_exit,2026-02-15,FCN,0.505,0.0007631821381117732,2026-02-17,160.23,2026-03-03,166.3,mc_flip,14,100.0,103.7883,3.7883,0.037883,False,99.631,-0.369,-0.00369,0.041573,True
mc_exit,2026-02-15,NVDA,0.504,0.0005425555635849566,2026-02-17,184.7447,2026-03-03,179.8307,mc_flip,14,100.0,97.3401,-2.6599,-0.026599,False,99.631,-0.369,-0.00369,-0.022909,False
mc_exit,2026-03-01,MU,0.703,0.06241040698476197,2026-03-02,412.4967,2026-03-30,321.8,mc_flip,28,100.0,78.0127,-21.9873,-0.219873,False,92.3243,-7.6757,-0.076757,-0.143116,False
mc_exit,2026-03-01,AEIS,0.751,0.05507254865808253,2026-03-02,340.3149,2026-05-27,328.34,mc_flip,86,100.0,96.4812,-3.5188,-0.035188,False,109.6345,9.6345,0.096345,-0.131533,False
mc_exit,2026-03-01,WPM,0.703,0.048680095954026115,2026-03-02,165.2111,2026-04-28,129.2363,mc_flip,57,100.0,78.2249,-21.7751,-0.217751,False,103.9706,3.9706,0.039706,-0.257457,False
mc_exit,2026-03-01,LRCX,0.682,0.04527807643948378,2026-03-02,230.7236,2026-06-12,366.81,open,102,100.0,158.9825,58.9825,0.589825,True,108.3621,8.3621,0.083621,0.506204,True
mc_exit,2026-03-01,GEV,0.676,0.04305250605534461,2026-03-02,880.6475,2026-06-12,940.66,open,102,100.0,106.8146,6.8146,0.068146,True,108.3621,8.3621,0.083621,-0.015475,False
mc_exit,2026-03-01,FNV,0.691,0.037704063897752604,2026-03-02,276.8742,2026-04-28,231.9394,mc_flip,57,100.0,83.7707,-16.2293,-0.162293,False,103.9706,3.9706,0.039706,-0.201999,False
mc_exit,2026-03-01,BE,0.585,0.035762215783097684,2026-03-02,166.0,2026-06-12,260.22,open,102,100.0,156.759,56.759,0.56759,True,108.3621,8.3621,0.083621,0.483969,True
mc_exit,2026-03-01,ASML,0.67,0.0315938067387147,2026-03-02,1420.4375,2026-04-28,1384.5601,mc_flip,57,100.0,97.4742,-2.5258,-0.025258,False,103.9706,3.9706,0.039706,-0.064964,False
mc_exit,2026-03-01,VSAT,0.599,0.03127816324714905,2026-03-02,47.24,2026-06-12,70.17,open,102,100.0,148.5394,48.5394,0.485394,True,108.3621,8.3621,0.083621,0.401773,True
mc_exit,2026-03-01,CF,0.701,0.028192262094403064,2026-03-02,103.8759,2026-06-10,109.26,mc_flip,100,100.0,105.1832,5.1832,0.051832,False,105.9779,5.9779,0.059779,-0.007947,False
mc_exit,2026-03-01,CMCSA,0.717,0.025526532275422342,2026-03-02,30.4657,2026-04-28,27.64,mc_flip,57,100.0,90.7248,-9.2752,-0.092752,False,103.9706,3.9706,0.039706,-0.132458,False
mc_exit,2026-03-01,CP,0.705,0.02370031410425777,2026-03-02,89.2035,2026-06-12,90.08,open,102,100.0,100.9826,0.9826,0.009826,True,108.3621,8.3621,0.083621,-0.073795,False
mc_exit,2026-03-01,AME,0.775,0.023495206249842804,2026-03-02,241.0773,2026-03-30,208.37,mc_flip,28,100.0,86.4329,-13.5671,-0.135671,False,92.3243,-7.6757,-0.076757,-0.058915,False
mc_exit,2026-03-01,GILD,0.67,0.022665149427693043,2026-03-02,149.1828,2026-04-28,129.26,mc_flip,57,100.0,86.6454,-13.3546,-0.133546,False,103.9706,3.9706,0.039706,-0.173252,False
mc_exit,2026-03-01,GE,0.641,0.01992938990808968,2026-03-02,345.2371,2026-03-30,273.25,mc_flip,28,100.0,79.1485,-20.8515,-0.208515,False,92.3243,-7.6757,-0.076757,-0.131758,False
mc_exit,2026-03-01,CB,0.705,0.01766139938000566,2026-03-02,340.6882,2026-05-12,321.0383,mc_flip,71,100.0,94.2323,-5.7677,-0.057677,False,107.8405,7.8405,0.078405,-0.136082,False
mc_exit,2026-03-01,CME,0.697,0.017558981038457766,2026-03-02,317.1933,2026-05-12,284.2761,mc_flip,71,100.0,89.6223,-10.3777,-0.103777,False,107.8405,7.8405,0.078405,-0.182182,False
mc_exit,2026-03-01,PG,0.701,0.017341542895583206,2026-03-02,162.288,2026-04-28,149.17,mc_flip,57,100.0,91.9169,-8.0831,-0.080831,False,103.9706,3.9706,0.039706,-0.120538,False
mc_exit,2026-03-01,WMT,0.646,0.015735160121782554,2026-03-02,126.5981,2026-05-27,118.54,mc_flip,86,100.0,93.6349,-6.3651,-0.063651,False,109.6345,9.6345,0.096345,-0.159996,False
mc_exit,2026-03-01,SAN,0.603,0.013559717874000787,2026-03-02,11.8143,2026-03-16,10.7771,mc_flip,14,100.0,91.2207,-8.7793,-0.087793,False,97.4722,-2.5278,-0.025278,-0.062515,False
mc_exit,2026-03-01,COST,0.623,0.011247405916743336,2026-03-02,1001.3171,2026-05-27,1003.69,mc_flip,86,100.0,100.237,0.237,0.00237,False,109.6345,9.6345,0.096345,-0.093976,False
mc_exit,2026-03-01,RY,0.639,0.009693996475719224,2026-03-02,167.4729,2026-03-16,162.7651,mc_flip,14,100.0,97.1889,-2.8111,-0.028111,False,97.4722,-2.5278,-0.025278,-0.002833,False
mc_exit,2026-03-01,C,0.558,0.007882317303774089,2026-03-02,110.9253,2026-03-16,106.8446,mc_flip,14,100.0,96.3212,-3.6788,-0.036788,False,97.4722,-2.5278,-0.025278,-0.01151,False
mc_exit,2026-03-01,BIIB,0.553,0.006980523639081637,2026-03-02,188.05,2026-06-12,200.05,open,102,100.0,106.3813,6.3813,0.063813,True,108.3621,8.3621,0.083621,-0.019808,False
mc_exit,2026-03-01,ICE,0.561,0.00671454228883861,2026-03-02,164.2494,2026-03-30,156.94,mc_flip,28,100.0,95.5498,-4.4502,-0.044502,False,92.3243,-7.6757,-0.076757,0.032255,True
mc_exit,2026-03-01,SCHW,0.542,0.0042522121804315915,2026-03-02,95.1486,2026-03-16,93.2952,mc_flip,14,100.0,98.0521,-1.9479,-0.019479,False,97.4722,-2.5278,-0.025278,0.005799,True
mc_exit,2026-03-01,CSCO,0.531,0.0040819033567636165,2026-03-02,78.992,2026-06-12,121.1,open,102,100.0,153.3067,53.3067,0.533067,True,108.3621,8.3621,0.083621,0.449446,True
mc_exit,2026-03-01,ANET,0.522,0.004068109760342109,2026-03-02,129.3,2026-03-30,116.13,mc_flip,28,100.0,89.8144,-10.1856,-0.101856,False,92.3243,-7.6757,-0.076757,-0.0251,False
mc_exit,2026-03-01,CATY,0.535,0.0034471149559875958,2026-03-02,49.8678,2026-03-16,47.0962,mc_flip,14,100.0,94.4422,-5.5578,-0.055578,False,97.4722,-2.5278,-0.025278,-0.0303,False
mc_exit,2026-03-15,XOM,0.803,0.03804589572661854,2026-03-16,156.17,2026-05-27,147.9,mc_flip,72,100.0,94.7045,-5.2955,-0.052955,False,112.4777,12.4777,0.124777,-0.177732,False
mc_exit,2026-03-15,CVX,0.818,0.03668982511207175,2026-03-16,195.0535,2026-05-27,182.4,mc_flip,72,100.0,93.5128,-6.4872,-0.064872,False,112.4777,12.4777,0.124777,-0.189649,False
mc_exit,2026-03-15,EOG,0.763,0.03383622155626265,2026-03-16,133.4737,2026-06-12,136.65,open,88,100.0,102.3797,2.3797,0.023797,True,111.1722,11.1722,0.111722,-0.087925,False
mc_exit,2026-03-15,LRN,0.686,0.02936477084138156,2026-03-16,82.97,2026-06-12,97.71,open,88,100.0,117.7655,17.7655,0.177655,True,111.1722,11.1722,0.111722,0.065932,True
mc_exit,2026-03-15,LRCX,0.611,0.028668042649483194,2026-03-16,219.4,2026-06-12,366.81,open,88,100.0,167.1878,67.1878,0.671878,True,111.1722,11.1722,0.111722,0.560155,True
mc_exit,2026-03-15,CLH,0.722,0.022345375861720473,2026-03-16,289.37,2026-05-27,282.76,mc_flip,72,100.0,97.7157,-2.2843,-0.022843,False,112.4777,12.4777,0.124777,-0.14762,False
mc_exit,2026-03-15,TSM,0.62,0.01911648936619903,2026-03-16,338.4814,2026-03-30,315.7605,mc_flip,14,100.0,93.2874,-6.7126,-0.067126,False,94.7186,-5.2814,-0.052814,-0.014312,False
mc_exit,2026-03-15,MCK,0.607,0.017290331804341585,2026-03-16,942.2082,2026-04-28,834.0778,mc_flip,43,100.0,88.5237,-11.4763,-0.114763,False,106.6669,6.6669,0.066669,-0.181432,False
mc_exit,2026-03-15,VSEC,0.573,0.015290316229254586,2026-03-16,193.9927,2026-03-30,165.2956,mc_flip,14,100.0,85.2071,-14.7929,-0.147929,False,94.7186,-5.2814,-0.052814,-0.095115,False
mc_exit,2026-03-15,MPWR,0.563,0.010954135345922822,2026-03-16,1075.2502,2026-06-12,1577.3199,open,88,100.0,146.6933,46.6933,0.466933,True,111.1722,11.1722,0.111722,0.35521,True
mc_exit,2026-03-15,CHRW,0.54,0.00651124522702351,2026-03-16,169.8981,2026-03-30,161.3674,mc_flip,14,100.0,94.9789,-5.0211,-0.050211,False,94.7186,-5.2814,-0.052814,0.002603,True
mc_exit,2026-03-15,CM,0.539,0.002863956875920337,2026-03-16,96.7317,2026-06-12,113.46,open,88,100.0,117.2935,17.2935,0.172935,True,111.1722,11.1722,0.111722,0.061212,True
mc_exit,2026-03-15,BK,0.526,0.00237370603909115,2026-03-16,114.9238,2026-03-30,114.7246,mc_flip,14,100.0,99.8267,-0.1733,-0.001733,False,94.7186,-5.2814,-0.052814,0.051081,True
mc_exit,2026-03-15,TAXI,0.655,0.0011599831889008705,2026-03-16,51.0712,2026-03-30,50.5546,mc_flip,14,100.0,98.9884,-1.0116,-0.010116,False,94.7186,-5.2814,-0.052814,0.042698,True
mc_exit,2026-04-01,XOM,0.766,0.03492553739707405,2026-04-01,159.6961,2026-05-29,145.26,mc_flip,58,100.0,90.9603,-9.0397,-0.090397,False,115.4508,15.4508,0.154508,-0.244905,False
mc_exit,2026-04-01,GEV,0.65,0.03060240378069623,2026-04-01,894.78,2026-06-12,940.66,open,72,100.0,105.1275,5.1275,0.051275,True,113.2028,13.2028,0.132028,-0.080753,False
mc_exit,2026-04-01,PFE,0.655,0.01589219361043903,2026-04-01,28.0864,2026-04-30,26.2664,mc_flip,29,100.0,93.5201,-6.4799,-0.064799,False,109.6789,9.6789,0.096789,-0.161587,False
mc_exit,2026-04-01,LIN,0.678,0.015131516683941637,2026-04-01,492.2733,2026-06-12,523.57,open,72,100.0,106.3576,6.3576,0.063576,True,113.2028,13.2028,0.132028,-0.068452,False
mc_exit,2026-04-01,MRK,0.635,0.013387782833931938,2026-04-01,120.84,2026-04-30,109.18,mc_flip,29,100.0,90.3509,-9.6491,-0.096491,False,109.6789,9.6789,0.096789,-0.19328,False
mc_exit,2026-04-01,CB,0.596,0.00720128604103798,2026-04-01,326.1424,2026-04-30,325.9829,mc_flip,29,100.0,99.9511,-0.0489,-0.000489,False,109.6789,9.6789,0.096789,-0.097278,False
mc_exit,2026-04-01,LRCX,0.524,0.005315064908312683,2026-04-01,222.01,2026-06-12,366.81,open,72,100.0,165.2223,65.2223,0.652223,True,113.2028,13.2028,0.132028,0.520195,True
mc_exit,2026-04-01,CMI,0.501,0.0002393251882624181,2026-04-01,548.3677,2026-06-12,659.58,open,72,100.0,120.2806,20.2806,0.202806,True,113.2028,13.2028,0.132028,0.070778,True
mc_exit,2026-04-15,FN,0.603,0.03521710213596174,2026-04-15,685.81,2026-06-12,611.01,open,58,100.0,89.0932,-10.9068,-0.109068,True,105.9734,5.9734,0.059734,-0.168802,False
mc_exit,2026-04-15,BP,0.744,0.03410182513076987,2026-04-15,45.5984,2026-06-11,42.68,mc_flip,57,100.0,93.5998,-6.4002,-0.064002,False,105.4033,5.4033,0.054033,-0.118035,False
mc_exit,2026-04-15,AMAT,0.604,0.023629208962523407,2026-04-15,393.7705,2026-06-12,567.25,open,58,100.0,144.056,44.056,0.44056,True,105.9734,5.9734,0.059734,0.380826,True
mc_exit,2026-04-15,NTIOF,0.71,0.022835561624853895,2026-04-15,146.13,2026-06-12,150.14,open,58,100.0,102.7441,2.7441,0.027441,True,105.9734,5.9734,0.059734,-0.032292,False
mc_exit,2026-04-15,LIN,0.699,0.017231528440444954,2026-04-15,496.3704,2026-06-12,523.57,open,58,100.0,105.4797,5.4797,0.054797,True,105.9734,5.9734,0.059734,-0.004937,False
mc_exit,2026-04-15,KLAC,0.573,0.016707238082562137,2026-04-15,174.5882,2026-06-12,254.54,open,58,100.0,145.7945,45.7945,0.457945,True,105.9734,5.9734,0.059734,0.398212,True
mc_exit,2026-04-15,BWXT,0.574,0.015417393197066476,2026-04-15,238.1012,2026-04-29,207.8018,mc_flip,14,100.0,87.2746,-12.7254,-0.127254,False,101.663,1.663,0.01663,-0.143884,False
mc_exit,2026-04-15,CSCO,0.592,0.013797357072864003,2026-04-15,82.36,2026-06-12,121.1,open,58,100.0,147.0374,47.0374,0.470374,True,105.9734,5.9734,0.059734,0.41064,True
mc_exit,2026-04-15,BMO,0.614,0.012741621115089696,2026-04-15,148.2849,2026-06-12,168.3,open,58,100.0,113.4977,13.4977,0.134977,True,105.9734,5.9734,0.059734,0.075244,True
mc_exit,2026-04-15,MRK,0.604,0.00979164944517441,2026-04-15,117.9,2026-04-29,110.95,mc_flip,14,100.0,94.1052,-5.8948,-0.058948,False,101.663,1.663,0.01663,-0.075578,False
mc_exit,2026-04-15,AMZN,0.563,0.008303766630499698,2026-04-15,248.5,2026-06-12,238.55,open,58,100.0,95.996,-4.004,-0.04004,True,105.9734,5.9734,0.059734,-0.099774,False
mc_exit,2026-04-15,AIG,0.599,0.008225140059918035,2026-04-15,77.09,2026-05-13,75.78,mc_flip,28,100.0,98.3007,-1.6993,-0.016993,False,106.0534,6.0534,0.060534,-0.077527,False
mc_exit,2026-04-15,KO,0.603,0.006779044199133111,2026-04-15,75.31,2026-06-12,82.62,open,58,100.0,109.7066,9.7066,0.097066,True,105.9734,5.9734,0.059734,0.037332,True
mc_exit,2026-04-15,VOO,0.576,0.004397742302924668,2026-04-15,643.45,2026-06-12,681.95,open,58,100.0,105.9834,5.9834,0.059834,True,105.9734,5.9734,0.059734,0.0001,True
mc_exit,2026-04-15,VTI,0.569,0.00412074894045511,2026-04-15,345.24,2026-06-12,366.36,open,58,100.0,106.1175,6.1175,0.061175,True,105.9734,5.9734,0.059734,0.001441,True
mc_exit,2026-04-15,GSKPX,0.569,0.0039814879946986625,2026-04-15,29.16,2026-06-12,30.33,open,58,100.0,104.0123,4.0123,0.040123,True,105.9734,5.9734,0.059734,-0.01961,False
mc_exit,2026-04-15,MIAX,0.529,0.003296843319774645,2026-04-15,44.22,2026-06-12,43.29,open,58,100.0,97.8969,-2.1031,-0.021031,True,105.9734,5.9734,0.059734,-0.080765,False
mc_exit,2026-04-15,MCD,0.539,0.0021952529293947087,2026-04-15,304.1969,2026-04-29,288.1259,mc_flip,14,100.0,94.7169,-5.2831,-0.052831,False,101.663,1.663,0.01663,-0.069461,False
mc_exit,2026-04-15,TFC,0.522,0.002157929077388765,2026-04-15,49.0716,2026-04-29,50.1205,mc_flip,14,100.0,102.1375,2.1375,0.021375,False,101.663,1.663,0.01663,0.004745,True
mc_exit,2026-04-15,MCHP,0.511,0.0019577279061053776,2026-04-15,74.118,2026-06-12,95.24,open,58,100.0,128.4978,28.4978,0.284978,True,105.9734,5.9734,0.059734,0.225244,True
mc_exit,2026-04-15,TAXI,0.5,1.8940674895162601e-06,2026-04-15,50.9795,2026-04-29,50.9944,mc_flip,14,100.0,100.0293,0.0293,0.000293,False,101.663,1.663,0.01663,-0.016337,False
mc_exit,2026-05-01,GLW,0.617,0.03621862459714831,2026-05-01,158.0178,2026-06-12,179.2,open,42,100.0,113.4049,13.4049,0.134049,True,102.9279,2.9279,0.029279,0.10477,True
mc_exit,2026-05-01,AVGO,0.695,0.03609461198419606,2026-05-01,421.28,2026-06-12,382.07,open,42,100.0,90.6927,-9.3073,-0.093073,True,102.9279,2.9279,0.029279,-0.122353,False
mc_exit,2026-05-01,CEG,0.613,0.02465794499064211,2026-05-01,307.3325,2026-05-15,267.2,mc_flip,14,100.0,86.9417,-13.0583,-0.130583,False,102.5699,2.5699,0.025699,-0.156282,False
mc_exit,2026-05-01,IBIT,0.618,0.023575204300949837,2026-05-01,44.47,2026-06-12,36.04,open,42,100.0,81.0434,-18.9566,-0.189566,True,102.9279,2.9279,0.029279,-0.218845,False
mc_exit,2026-05-01,VNOM,0.67,0.02141278216140985,2026-05-01,49.1983,2026-06-12,44.38,open,42,100.0,90.2063,-9.7937,-0.097937,True,102.9279,2.9279,0.029279,-0.127216,False
mc_exit,2026-05-01,DMLP,0.694,0.01755676541215334,2026-05-01,27.495,2026-06-12,26.71,open,42,100.0,97.1449,-2.8551,-0.028551,True,102.9279,2.9279,0.029279,-0.05783,False
mc_exit,2026-05-01,CSCO,0.585,0.01299407576149747,2026-05-01,91.85,2026-06-12,121.1,open,42,100.0,131.8454,31.8454,0.318454,True,102.9279,2.9279,0.029279,0.289175,True
mc_exit,2026-05-01,EPD,0.64,0.011496655905207431,2026-05-01,38.03,2026-06-12,37.25,open,42,100.0,97.949,-2.051,-0.02051,True,102.9279,2.9279,0.029279,-0.049789,False
mc_exit,2026-05-01,C,0.576,0.010850752182865353,2026-05-01,126.84,2026-06-12,139.83,open,42,100.0,110.2412,10.2412,0.102412,True,102.9279,2.9279,0.029279,0.073133,True
mc_exit,2026-05-01,FDX,0.592,0.009775482610038244,2026-05-01,317.22,2026-05-15,302.8042,mc_flip,14,100.0,95.4556,-4.5444,-0.045444,False,102.5699,2.5699,0.025699,-0.071143,False
mc_exit,2026-05-01,IWF,0.611,0.00903498049278939,2026-05-01,120.05,2026-06-12,121.61,open,42,100.0,101.2995,1.2995,0.012995,True,102.9279,2.9279,0.029279,-0.016285,False
mc_exit,2026-05-01,TOST,0.543,0.007371454307641301,2026-05-01,29.11,2026-05-15,23.05,mc_flip,14,100.0,79.1824,-20.8176,-0.208176,False,102.5699,2.5699,0.025699,-0.233875,False
mc_exit,2026-05-01,MSFT,0.558,0.006266768973713921,2026-05-01,413.5443,2026-06-12,390.74,open,42,100.0,94.4856,-5.5144,-0.055144,True,102.9279,2.9279,0.029279,-0.084423,False
mc_exit,2026-05-01,IWD,0.611,0.005958274655136986,2026-05-01,230.86,2026-06-12,242.13,open,42,100.0,104.8817,4.8817,0.048817,True,102.9279,2.9279,0.029279,0.019538,True
mc_exit,2026-05-01,ASML,0.535,0.005760938094678814,2026-05-01,1427.02,2026-06-12,1863.55,open,42,100.0,130.5903,30.5903,0.305903,True,102.9279,2.9279,0.029279,0.276624,True
mc_exit,2026-05-01,GS,0.537,0.004547885135632201,2026-05-01,919.6569,2026-06-12,1062.75,open,42,100.0,115.5594,15.5594,0.155594,True,102.9279,2.9279,0.029279,0.126315,True
mc_exit,2026-05-01,PTA,0.563,0.003300700110281829,2026-05-01,19.491,2026-05-15,19.0872,mc_flip,14,100.0,97.9283,-2.0717,-0.020717,False,102.5699,2.5699,0.025699,-0.046416,False
mc_exit,2026-05-01,UHAL,0.524,0.0026707444969220617,2026-05-01,51.6,2026-05-15,48.67,mc_flip,14,100.0,94.3217,-5.6783,-0.056783,False,102.5699,2.5699,0.025699,-0.082482,False
mc_exit,2026-05-01,DBEU,0.542,0.0026350784325825938,2026-05-01,50.64,2026-05-15,50.41,mc_flip,14,100.0,99.5458,-0.4542,-0.004542,False,102.5699,2.5699,0.025699,-0.030241,False
mc_exit,2026-05-01,AAPL,0.522,0.001901222976041561,2026-05-01,279.8821,2026-06-12,291.13,open,42,100.0,104.0188,4.0188,0.040188,True,102.9279,2.9279,0.029279,0.010909,True
mc_exit,2026-05-01,FTSL,0.611,0.001662416355150187,2026-05-01,44.8852,2026-06-12,44.92,open,42,100.0,100.0775,0.0775,0.000775,True,102.9279,2.9279,0.029279,-0.028504,False
mc_exit,2026-05-01,TJX,0.522,0.0015764281639014666,2026-05-01,156.318,2026-05-15,147.43,mc_flip,14,100.0,94.3141,-5.6859,-0.056859,False,102.5699,2.5699,0.025699,-0.082558,False
mc_exit,2026-05-01,SCIO,0.563,0.0006236032459800978,2026-05-01,20.5846,2026-05-15,20.505,mc_flip,14,100.0,99.6132,-0.3868,-0.003868,False,102.5699,2.5699,0.025699,-0.029567,False
mc_exit,2026-05-01,FTCB,0.501,1.7963639638018947e-05,2026-05-01,20.8642,2026-05-15,20.655,mc_flip,14,100.0,98.9976,-1.0024,-0.010024,False,102.5699,2.5699,0.025699,-0.035723,False
mc_exit,2026-05-15,INTC,0.757,0.10488240126651616,2026-05-15,108.77,2026-06-12,124.57,open,28,100.0,114.5261,14.5261,0.145261,True,100.349,0.349,0.00349,0.14177,True
mc_exit,2026-05-15,MRVL,0.783,0.09507384983444234,2026-05-15,176.89,2026-06-12,279.7,open,28,100.0,158.1209,58.1209,0.581209,True,100.349,0.349,0.00349,0.577718,True
mc_exit,2026-05-15,AMD,0.763,0.08809886640354714,2026-05-15,424.1,2026-06-12,511.57,open,28,100.0,120.6249,20.6249,0.206249,True,100.349,0.349,0.00349,0.202758,True
mc_exit,2026-05-15,AESI,0.683,0.05431291739122801,2026-05-15,18.87,2026-06-12,16.97,open,28,100.0,89.9311,-10.0689,-0.100689,True,100.349,0.349,0.00349,-0.104179,False
mc_exit,2026-05-15,CSCO,0.777,0.048690032003987804,2026-05-15,118.21,2026-06-12,121.1,open,28,100.0,102.4448,2.4448,0.024448,True,100.349,0.349,0.00349,0.020958,True
mc_exit,2026-05-15,KEYS,0.666,0.04102265868910093,2026-05-15,349.01,2026-06-12,350.67,open,28,100.0,100.4756,0.4756,0.004756,True,100.349,0.349,0.00349,0.001266,True
mc_exit,2026-05-15,UNH,0.737,0.03748812196543483,2026-05-15,393.85,2026-06-12,408.52,open,28,100.0,103.7248,3.7248,0.037248,True,100.349,0.349,0.00349,0.033757,True
mc_exit,2026-05-15,COIN,0.54,0.01051572315065763,2026-05-15,195.43,2026-06-01,182.61,mc_flip,17,100.0,93.4401,-6.5599,-0.065599,False,102.6205,2.6205,0.026205,-0.091804,False
mc_exit,2026-05-15,P,0.542,0.008685746944579131,2026-05-15,81.18,2026-06-12,72.31,open,28,100.0,89.0737,-10.9263,-0.109263,True,100.349,0.349,0.00349,-0.112754,False
mc_exit,2026-05-15,MSFT,0.565,0.007064089952703689,2026-05-15,421.0081,2026-06-12,390.74,open,28,100.0,92.8106,-7.1894,-0.071894,True,100.349,0.349,0.00349,-0.075385,False
mc_exit,2026-05-15,GSKPX,0.567,0.0038729385661464555,2026-05-15,30.0,2026-06-12,30.33,open,28,100.0,101.1,1.1,0.011,True,100.349,0.349,0.00349,0.00751,True
mc_exit,2026-05-15,INTU,0.511,0.0023913682357852295,2026-05-15,393.0,2026-06-01,353.76,mc_flip,17,100.0,90.0153,-9.9847,-0.099847,False,102.6205,2.6205,0.026205,-0.126052,False
mc_exit,2026-05-15,CELFX,0.936,0.002270348314550086,2026-05-15,10.86,2026-06-12,10.89,open,28,100.0,100.2762,0.2762,0.002762,True,100.349,0.349,0.00349,-0.000728,False
mc_exit,2026-05-15,V,0.522,0.001981586205703545,2026-05-15,325.75,2026-06-12,322.39,open,28,100.0,98.9685,-1.0315,-0.010315,True,100.349,0.349,0.00349,-0.013805,False
mc_exit,2026-05-15,NSIT,0.506,0.0019175601583640844,2026-05-15,88.9,2026-06-12,111.05,open,28,100.0,124.9156,24.9156,0.249156,True,100.349,0.349,0.00349,0.245666,True
mc_exit,2026-05-15,ADP,0.505,0.0006936938298256479,2026-05-15,212.865,2026-06-12,226.21,open,28,100.0,106.2692,6.2692,0.062692,True,100.349,0.349,0.00349,0.059202,True
mc_exit,2026-05-15,CARR,0.501,7.51463128476626e-05,2026-05-15,64.67,2026-06-12,69.91,open,28,100.0,108.1027,8.1027,0.081027,True,100.349,0.349,0.00349,0.077536,True
mc_exit,2026-06-01,AMD,0.832,0.1177375889659602,2026-06-01,510.13,2026-06-12,511.57,open,11,100.0,100.2823,0.2823,0.002823,True,97.7865,-2.2135,-0.022135,0.024957,True
mc_exit,2026-06-01,IFNNY,0.812,0.08687127296602792,2026-06-01,93.89,2026-06-12,92.3,open,11,100.0,98.3065,-1.6935,-0.016935,True,97.7865,-2.2135,-0.022135,0.0052,True
mc_exit,2026-06-01,TXN,0.716,0.049561145078502955,2026-06-01,293.2,2026-06-12,301.12,open,11,100.0,102.7012,2.7012,0.027012,True,97.7865,-2.2135,-0.022135,0.049147,True
mc_exit,2026-06-01,GS,0.726,0.029785735898509413,2026-06-01,1048.58,2026-06-12,1062.75,open,11,100.0,101.3514,1.3514,0.013514,True,97.7865,-2.2135,-0.022135,0.035648,True
mc_exit,2026-06-01,AAPL,0.717,0.021055134333178405,2026-06-01,306.31,2026-06-12,291.13,open,11,100.0,95.0442,-4.9558,-0.049558,True,97.7865,-2.2135,-0.022135,-0.027423,False
mc_exit,2026-06-01,IHG,0.655,0.019603243393615966,2026-06-01,155.01,2026-06-12,167.12,open,11,100.0,107.8124,7.8124,0.078124,True,97.7865,-2.2135,-0.022135,0.100259,True
mc_exit,2026-06-01,CBZ,0.591,0.018760381823742067,2026-06-01,34.68,2026-06-12,35.26,open,11,100.0,101.6724,1.6724,0.016724,True,97.7865,-2.2135,-0.022135,0.038859,True
mc_exit,2026-06-01,FCX,0.559,0.012447437317679944,2026-06-01,67.04,2026-06-12,68.41,open,11,100.0,102.0436,2.0436,0.020436,True,97.7865,-2.2135,-0.022135,0.04257,True
mc_exit,2026-06-01,NTES,0.563,0.006500383215039651,2026-06-01,122.5468,2026-06-12,125.82,open,11,100.0,102.671,2.671,0.02671,True,97.7865,-2.2135,-0.022135,0.048844,True
mc_exit,2026-06-01,SPG,0.577,0.0062111578216952346,2026-06-01,200.5004,2026-06-12,219.04,open,11,100.0,109.2467,9.2467,0.092467,True,97.7865,-2.2135,-0.022135,0.114601,True
mc_exit,2026-06-01,JPM,0.546,0.0036065717105784323,2026-06-01,296.58,2026-06-12,320.72,open,11,100.0,108.1395,8.1395,0.081395,True,97.7865,-2.2135,-0.022135,0.103529,True
